2348098730323
2348090256725
2348092644121
2348098734391
2348097839379
2348092913234
2348094920614
2348091923682
2348099876728
2348097802888
2348092863950
2348097882204
2348098769219
2348098189852
2348092190862
2348091748671
2348092488648
2348099890775
2348097890368
2348095617364
2348098954200
2348099565593
2348098782517
2348094538834
2348096872669
2348097483895
2348091479657
2348090016409
2348092959644
2348091568176
2348099095237
2348097226748
2348096713854
2348099657158
2348099957361
2348093248575
2348099729840
2348094870500
2348091975809
2348095951003
2348096893502
2348093430012
2348092459724
2348099447657
2348099675974
2348099114020
2348093756714
2348096722009
2348099439796
2348095309440
2348094200118
2348090672160
2348093798846
2348094346072
2348097444486
2348093365928
2348096794024
2348094921510
2348095959116
2348097062337
2348099558660
2348097162783
2348093248522
2348091898550
2348091144551
2348098277285
2348091301411
2348098083076
2348094616133
2348092879370
2348098986995
2348095062040
2348097654428
2348097466694
2348092016767
2348093875350
2348097333648
2348090501211
2348091336049
2348099706112
2348090614166
2348095233431
2348091946712
2348091132077
2348091964405
2348090756920
2348097441502
2348093159445
2348095030124
2348092050721
2348090178469
2348098236826
2348090520571
2348099940583
2348092203926
2348090527269
2348091839371
2348095273030
2348097816691
2348091610384
2348094714927
2348098367428
2348091621030
2348098189649
2348098562691
2348091041547
2348091057957
2348098948506
2348095153532
2348092434619
2348097578974
2348096671553
2348090373183
2348096862683
2348097235683
2348095312340
2348099783433
2348099581409
2348095271132
2348099981420
2348092229460
2348099592318
2348096171097
2348092942381
2348094899839
2348093513837
2348096632930
2348099531971
2348097720095
2348099291967
2348090405823
2348091380329
2348094942943
2348094132074
2348090631241
2348091101730
2348097563531
2348095064879
2348099941062
2348098415053
2348099262085
2348091120161
2348094633000
2348090124246
2348099992050
2348092109442
2348092876653
2348098583378
2348091163485
2348093582991
2348098490584
2348095390932
2348096434976
2348095494012
2348091076167
2348090078549
2348093089085
2348093169999
2348090925418
2348099901127
2348094289129
2348099315961
2348096695208
2348096747645
2348096180841
2348098280730
2348095024992
2348090217879
2348096699291
2348099547896
2348094418318
2348091994445
2348098108676
2348090924748
2348091964285
2348096426265
2348093090155
2348097893079
2348096785923
2348097849206
2348092873307
2348097750495
2348093078873
2348096069764
2348096821730
2348097992059
2348096904043
2348090331350
2348091612914
2348094535016
2348095727145
2348094782467
2348094364975
2348098723005
2348093545645
2348098235176
2348092998078
2348093788779
2348098140018
2348092875246
2348098713395
2348093497643
2348096915425
2348096541481
2348093149553
2348098555828
2348095237433
2348094963878
2348096877331
2348091520908
2348091883343
2348098821386
2348097686066
2348097362494
2348090144486
2348094405579
2348099555258
2348090917065
2348093719720
2348090126292
2348092865226
2348092266792
2348097798877
2348093147855
2348091883990
2348098246954
2348091946373
2348097554939
2348095003353
2348096410462
2348095296774
2348094418133
2348097659766
2348094489075
2348093539516
2348091399804
2348098961333
2348099846070
2348099475043
2348092121745
2348094246271
2348099740101
2348098977463
2348090958155
2348092005636
2348091658222
2348099951162
2348098493967
2348090831111
2348098393344
2348097341581
2348094354474
2348096623660
2348096326249
2348091327287
2348096375386
2348094731580
2348094212115
2348098232600
2348095014121
2348092611928
2348096798536
2348090747826
2348098970667
2348090898830
2348094782387
2348094641988
2348094767128
2348094388925
2348096948517
2348091242462
2348090160165
2348091739831
2348092599418
2348097267582
2348099109082
2348092038397
2348096229683
2348097255646
2348095646924
2348092566079
2348096178193
2348099087369
2348091594537
2348098458173
2348094657853
2348092936341
2348099199650
2348099811245
2348094918963
2348096164839
2348099318464
2348090273791
2348094800359
2348097636173
2348095481763
2348094393840
2348098032936
2348099458969
2348098073163
2348091505578
2348093982178
2348091940109
2348096449767
2348099542338
2348090251488
2348090477285
2348095953614
2348097902727
2348097841117
2348093519600
2348096890568
2348099860707
2348095135082
2348095847358
2348092508577
2348096878266
2348091907616
2348096460338
2348094917846
2348097397786
2348094789338
2348094439772
2348091738847
2348093098508
2348096228250
2348095377723
2348092105836
2348098317243
2348099645668
2348091070514
2348091007142
2348095260743
2348093798352
2348097333410
2348091667111
2348099260830
2348098056490
2348094119720
2348095894243
2348092152879
2348096685831
2348099544957
2348091311870
2348096143284
2348092630537
2348095751793
2348094627997
2348096085618
2348099280454
2348096819986
2348096332341
2348091767366
2348094331378
2348091982054
2348092281228
2348094613054
2348091820319
2348092116079
2348095677463
2348090310394
2348099782090
2348097848477
2348094947478
2348092495221
2348094119750
2348090333774
2348097238364
2348095174325
2348094188552
2348097605558
2348098511623
2348098507346
2348093538443
2348094227305
2348099468416
2348099757733
2348099989484
2348094634571
2348093667904
2348094157974
2348097023658
2348099322747
2348099546942
2348096735905
2348094458234
2348092433378
2348096061670
2348094677898
2348092574341
2348099513201
2348096944658
2348090399236
2348090332840
2348096576989
2348094749069
2348090689291
2348092927307
2348093538456
2348091045327
2348098686429
2348093902985
2348094707041
2348094710727
2348090208023
2348094938616
2348093946251
2348094884157
2348099579128
2348090563743
2348097454681
2348097028712
2348093782161
2348095070804
2348092757969
2348096961978
2348096130170
2348094223093
2348099910680
2348098162011
2348099053261
2348093525669
2348098299296
2348090819541
2348097639257
2348090677891
2348096699888
2348090874785
2348095535686
2348099759864
2348097229500
2348090896670
2348099178664
2348095693748
2348097216599
2348092050453
2348092446525
2348091871011
2348096233380
2348094604473
2348092167691
2348092797322
2348096721332
2348092516055
2348090374575
2348091303451
2348098064959
2348097759156
2348094484498
2348090267190
2348092209438
2348099460909
2348093954507
2348094649756
2348096870258
2348096145200
2348097696915
2348098071843
2348093306999
2348095432664
2348094645550
2348094194085
2348098553480
2348090864864
2348099409960
2348092845601
2348096279962
2348090416291
2348099253428
2348095422922
2348096172346
2348097247376
2348092892604
2348097676276
2348094270639
2348096603902
2348099932219
2348093760488
2348095146645
2348091880704
2348092426941
2348097953850
2348092815676
2348091092815
2348090298248
2348092003174
2348093981058
2348098019289
2348093825410
2348097811304
2348098758042
2348091209194
2348091785274
2348097040899
2348095087028
2348097530683
2348090659950
2348095966464
2348094706970
2348092831756
2348091655497
2348094535109
2348092297408
2348093264929
2348090814699
2348094270405
2348094050036
2348097299342
2348092473525
2348098177596
2348095122574
2348092711685
2348095666333
2348096073638
2348094065598
2348091972039
2348099240024
2348096023848
2348098112709
2348090773362
2348096417087
2348099966406
2348091682449
2348099691746
2348093534072
2348098361301
2348099114402
2348090299760
2348097597258
2348095370888
2348097755942
2348091507970
2348090257421
2348093554232
2348095209253
2348092957268
2348096732502
2348091618565
2348099055198
2348099520129
2348092180348
2348091445513
2348091966447
2348095490797
2348098860659
2348099296434
2348095225899
2348099163680
2348098253058
2348099406468
2348094773219
2348092466942
2348091054737
2348093810443
2348096459439
2348092936736
2348092746869
2348094718533
2348098142618
2348091202273
2348097146526
2348095504444
2348097665048
2348092235999
2348095681461
2348099202384
2348093715511
2348097822113
2348090234583
2348091529811
2348094110799
2348090706547
2348097767164
2348095817368
2348096787224
2348094999843
2348094847941
2348093858585
2348090469740
2348091134944
2348095860531
2348098611967
2348095613355
2348092314067
2348097119715
2348092817425
2348096780231
2348096716009
2348095800048
2348099001310
2348094009183
2348093856166
2348098664025
2348097890129
2348095630250
2348090131797
2348099636597
2348095566877
2348094439952
2348098469887
2348096623383
2348091935464
2348092372122
2348097166850
2348097545439
2348094529887
2348097213234
2348091716325
2348095280822
2348092431074
2348091932142
2348096490790
2348099898013
2348095417311
2348095627127
2348098042532
2348090441530
2348094148184
2348091246345
2348099592375
2348095710494
2348095223692
2348091513264
2348091865090
2348096720042
2348094961953
2348098080056
2348096738232
2348099565782
2348090823499
2348099822131
2348099129253
2348090594545
2348094480399
2348098016837
2348093217356
2348093931207
2348093426909
2348097566843
2348091739724
2348095768282
2348095420723
2348091819261
2348095500467
2348099696994
2348097702726
2348091023092
2348099936366
2348098242240
2348094369313
2348092903495
2348096600809
2348093624615
2348099638529
2348098921171
2348095871472
2348095174113
2348095336978
2348090484661
2348091728422
2348098885909
2348093386915
2348094530425
2348092139100
2348098640044
2348093022864
2348098990540
2348094284834
2348095984392
2348098931818
2348090258603
2348098053176
2348096286639
2348099865374
2348096957017
2348090271538
2348095522474
2348096560740
2348093338002
2348099473894
2348092373077
2348098924424
2348099138726
2348097794172
2348099325547
2348093604056
2348099569556
2348096820125
2348097674209
2348096650244
2348096982641
2348098638876
2348094907269
2348099965500
2348096311289
2348098267468
2348096280324
2348096667607
2348096811628
2348096688701
2348091541939
2348094857365
2348094520576
2348090033284
2348095191473
2348090844590
2348091566317
2348092172593
2348098292997
2348098337710
2348095622584
2348099415477
2348097028251
2348096231766
2348095005866
2348090424571
2348093229659
2348091932029
2348093826516
2348099621428
2348097135925
2348097649942
2348095332883
2348096172330
2348097939764
2348099903521
2348098883658
2348096458600
2348093116494
2348095490288
2348091199867
2348094301710
2348099601534
2348097191392
2348099287333
2348092560165
2348097526511
2348092627564
2348095968570
2348093165796
2348098277946
2348097756215
2348095726585
2348093446067
2348094748562
2348098841573
2348098871954
2348096959997
2348095992133
2348090545265
2348098459094
2348092739862
2348090192199
2348095197822
2348092487754
2348092820994
2348096602170
2348096705671
2348090012510
2348096445039
2348095665264
2348090634163
2348096297742
2348099797645
2348095363727
2348093073035
2348094018871
2348099521314
2348090331971
2348096194926
2348093461520
2348099496432
2348092626885
2348098320025
2348091414558
2348098263043
2348091226876
2348099896352
2348091511938
2348096961959
2348093406895
2348099712755
2348092268659
2348093432280
2348090714234
2348093732390
2348094754500
2348099711257
2348091442770
2348090688756
2348095183312
2348093798426
2348097247069
2348090275329
2348094263934
2348092381370
2348094568779
2348097561686
2348097477560
2348095825435
2348093785416
2348096972050
2348099568746
2348095852442
2348092866806
2348094332491
2348096726799
2348091242380
2348094290181
2348094678790
2348097587418
2348097476839
2348097441612
2348097035710
2348097928267
2348094372252
2348099998490
2348090043037
2348098473885
2348095298765
2348096287336
2348094812110
2348098384201
2348092898363
2348093905139
2348090171141
2348090642087
2348099435402
2348090920250
2348094939815
2348096057723
2348093753756
2348090243259
2348097741458
2348092551674
2348096487226
2348094560449
2348096391399
2348090596988
2348094195258
2348095786955
2348090215266
2348099023545
2348097053226
2348095691990
2348090048945
2348099018131
2348095100711
2348094582967
2348096079448
2348095965343
2348091150332
2348096695091
2348092317880
2348099356754
2348091887581
2348097874204
2348097874151
2348090395552
2348090888340
2348097387286
2348097300017
2348096399860
2348091874440
2348093047505
2348094876604
2348096041922
2348091475658
2348097632894
2348099769856
2348098996686
2348090310880
2348095955870
2348090677454
2348091439951
2348092804125
2348098136119
2348091502629
2348096107668
2348095941588
2348091286968
2348097668690
2348098826450
2348091060404
2348094666950
2348098454279
2348090898704
2348096283049
2348093753517
2348091048266
2348099311018
2348097187353
2348092273432
2348098933881
2348097821243
2348092681018
2348098044948
2348093768728
2348098124157
2348097276057
2348096640946
2348091616312
2348098165185
2348097893777
2348098014653
2348097147844
2348096351604
2348093578384
2348097360818
2348098756394
2348099375940
2348093778643
2348093559660
2348093597349
2348096981798
2348092009160
2348097160891
2348095481573
2348091713825
2348098868399
2348092398929
2348091646460
2348090310495
2348095034937
2348091866816
2348096233177
2348095715666
2348095698742
2348098313157
2348092065974
2348092298957
2348099877252
2348092136453
2348092961698
2348096112045
2348098272400
2348090513549
2348096803500
2348092670994
2348094076361
2348098594879
2348093045117
2348092243864
2348096421422
2348091479310
2348099466629
2348097711829
2348097319089
2348090611942
2348093299480
2348093970365
2348090192047
2348097871113
2348099105941
2348095678323
2348094036842
2348097427637
2348098950563
2348096599210
2348092451973
2348094752489
2348092189718
2348096169006
2348091360652
2348091350306
2348097796600
2348092210883
2348093892294
2348099468127
2348096243398
2348094754765
2348092704632
2348099856934
2348099694252
2348094089264
2348095046750
2348092144214
2348090250516
2348093585299
2348093281607
2348098006636
2348099329794
2348092721875
2348095521970
2348094382969
2348094150217
2348092966906
2348092242492
2348090465592
2348096003701
2348092475469
2348096463445
2348097089240
2348097285675
2348092470082
2348095482779
2348093076914
2348094842465
2348099958347
2348097393961
2348092728646
2348097899932
2348093672369
2348091156825
2348092079706
2348091997591
2348090444069
2348090635063
2348097264914
2348091660325
2348097423893
2348094120146
2348091150581
2348093594439
2348090215446
2348091518678
2348091346055
2348095952974
2348093274552
2348098645433
2348098279206
2348091767749
2348098683583
2348095350951
2348099982038
2348098923534
2348097770977
2348090009132
2348091559331
2348095759655
2348091265481
2348096323373
2348099008453
2348091082982
2348091025033
2348094881458
2348090524165
2348092325704
2348096136066
2348094225284
2348094789061
2348091907505
2348092100772
2348091602222
2348092239325
2348092913441
2348097988542
2348092988853
2348099085647
2348096417730
2348099943897
2348091905023
2348096698880
2348092538757
2348094916297
2348091871129
2348094843454
2348092154743
2348090858616
2348091589461
2348093020762
2348097003419
2348098987131
2348099527812
2348093266835
2348091307619
2348099372005
2348097475557
2348096406942
2348092156079
2348091789860
2348092709026
2348091640906
2348091145769
2348090517286
2348098523391
2348093185971
2348092630476
2348094451921
2348092864684
2348099066462
2348096235492
2348096632084
2348099871730
2348090987017
2348097001616
2348091821108
2348090177163
2348097661876
2348098452103
2348091046043
2348097618381
2348094366604
2348098947608
2348094940126
2348092776267
2348095115914
2348099560280
2348092894342
2348098538707
2348094421037
2348095505186
2348092049869
2348092766201
2348091235843
2348093078067
2348098090079
2348091417173
2348096547176
2348098396308
2348098452830
2348093233727
2348094235703
2348090917067
2348095346690
2348096713404
2348091050747
2348095587022
2348093552775
2348098784521
2348099103894
2348091166310
2348099085256
2348090400116
2348092309426
2348090661633
2348092779668
2348091096581
2348096147582
2348096200430
2348099022041
2348096770386
2348091838456
2348097655955
2348091234687
2348098416154
2348090458764
2348095841535
2348099997503
2348094248804
2348093056125
2348095291079
2348095731875
2348097987269
2348097371630
2348094647179
2348098247096
2348093170460
2348097087609
2348099010193
2348095742133
2348099173116
2348095312756
2348095651924
2348096799489
2348097997291
2348097327358
2348091096192
2348098901234
2348099200780
2348095233351
2348097904925
2348093755710
2348095932687
2348090318256
2348098585619
2348096743460
2348099687656
2348093077780
2348098181894
2348090513938
2348096604337
2348096637480
2348094721298
2348091274586
2348093700670
2348095654620
2348099181819
2348090366213
2348093394381
2348090859706
2348096503981
2348094851656
2348096744925
2348099302201
2348095535450
2348094544897
2348093620648
2348097389595
2348097280396
2348097337943
2348090018772
2348093654004
2348097281327
2348098866013
2348094709911
2348091347464
2348097258358
2348098507800
2348095901913
2348098202951
2348091561093
2348096950675
2348099923764
2348096262956
2348091180144
2348092062907
2348090749384
2348097550938
2348095099210
2348090064995
2348099412751
2348099136743
2348093794369
2348098243261
2348099912335
2348096524208
2348096190368
2348091415916
2348096237652
2348093447297
2348098981317
2348092803728
2348090407974
2348096705204
2348094573304
2348095424614
2348094727810
2348096330303
2348096039953
2348090106412
2348096617118
2348092634646
2348097379156
2348099007560
2348092009353
2348091754578
2348099847012
2348098797223
2348091317674
2348097909403
2348099736398
2348090699690
2348096710164
2348097187784
2348099251390
2348094283608
2348099114186
2348093802784
2348090631371
2348091682884
2348091831332
2348090824710
2348095775732
2348099442351
2348094200593
2348095109363
2348091331172
2348098203762
2348094864642
2348095375408
2348092025790
2348095266153
2348098524097
2348096143477
2348091304491
2348090887974
2348093631539
2348099313171
2348090521352
2348095168161
2348099259776
2348093797299
2348098716289
2348097796750
2348096446380
2348093229034
2348097350973
2348097745202
2348095754562
2348091433255
2348098610936
2348090453571
2348092638957
2348093399296
2348099861038
2348091872916
2348092049927
2348099864057
2348092792630
2348095426839
2348098124656
2348096598197
2348096249426
2348092496099
2348099301127
2348091103513
2348090000957
2348098533086
2348099263640
2348095281016
2348095475303
2348090013163
2348096543762
2348095942262
2348096575940
2348096234797
2348092250326
2348096781237
2348095066787
2348095744633
2348090922573
2348095706786
2348090925663
2348099385669
2348094738922
2348094654743
2348095488718
2348099466590
2348099474338
2348092642531
2348092441878
2348095844060
2348097823243
2348097564186
2348094981677
2348099831632
2348092368455
2348092134227
2348096544484
2348098371297
2348098982963
2348094709344
2348093657301
2348096565241
2348098922714
2348095753254
2348092010334
2348096397696
2348093138753
2348092048465
2348092556725
2348098267510
2348099269141
2348091742271
2348091927539
2348095951623
2348094621705
2348098226015
2348090406392
2348090517867
2348099208869
2348090250223
2348095902436
2348099128076
2348090957821
2348094403254
2348095868236
2348095036570
2348090305400
2348094963966
2348099945076
2348097852407
2348092582636
2348097781287
2348090247261
2348098563618
2348093382818
2348091325748
2348093783399
2348093070384
2348091582607
2348097305477
2348092326470
2348096625727
2348090066586
2348094580302
2348093784039
2348096414528
2348097159315
2348090687889
2348099153976
2348099200455
2348094523605
2348092113298
2348094809353
2348090952944
2348094412773
2348092026328
2348091486628
2348096255548
2348098177752
2348093837881
2348097115535
2348092532927
2348091557577
2348096018399
2348092163626
2348097327088
2348098783419
2348097926129
2348098203428
2348097365625
2348097376340
2348090484368
2348097804870
2348093889684
2348090152596
2348097163816
2348099811399
2348096508154
2348096599676
2348099286950
2348096786251
2348094796122
2348095918138
2348094745851
2348096309838
2348099324044
2348091545920
2348095536461
2348091958281
2348097656816
2348098748616
2348095211825
2348091156138
2348098886509
2348090585278
2348096324757
2348091369768
2348091739737
2348098809384
2348091212234
2348099112374
2348099556550
2348093584105
2348093557502
2348097448491
2348091622244
2348091064072
2348092145895
2348091810227
2348091626149
2348094096638
2348099509829
2348093852928
2348099115693
2348096853645
2348095110595
2348090392750
2348096060651
2348092406012
2348097863612
2348096432329
2348099124830
2348093044133
2348091937363
2348096793064
2348099596137
2348091245896
2348099061802
2348090371617
2348098703533
2348098307376
2348091053016
2348099446932
2348093447282
2348095286994
2348099404537
2348098762593
2348092179956
2348090398869
2348096389723
2348097788579
2348090760785
2348092269993
2348090509740
2348099845849
2348091317128
2348098495515
2348097594411
2348093998474
2348093649207
2348095700500
2348093196850
2348091673900
2348093268646
2348093935263
2348095255149
2348098369976
2348097015167
2348095401311
2348096400615
2348094330960
2348091659320
2348097425119
2348099750176
2348091420350
2348099732974
2348093104949
2348098719697
2348091741886
2348098391074
2348094364073
2348090082185
2348093776737
2348098022727
2348091995084
2348092968093
2348091310681
2348095290543
2348097434445
2348094101721
2348097790224
2348097992622
2348094529371
2348091253280
2348097364767
2348091922191
2348096839630
2348097353728
2348096130056
2348091970872
2348090790387
2348094581267
2348094467490
2348093370846
2348093209011
2348094160444
2348090552887
2348092548176
2348091033482
2348090547223
2348091331437
2348099982296
2348097771202
2348096313857
2348094000015
2348098456960
2348092420772
2348094255917
2348093020303
2348098002683
2348091762531
2348098323116
2348095629035
2348097938950
2348099836429
2348090890908
2348096710222
2348090070919
2348091620927
2348095301252
2348092623071
2348097874210
2348094088458
2348094557066
2348093986898
2348098865476
2348091832837
2348099133799
2348090477610
2348091390122
2348093135681
2348098774767
2348098726887
2348095644457
2348095169997
2348091384681
2348090009014
2348098854872
2348095501222
2348096393016
2348090255108
2348094956459
2348091911717
2348098698290
2348096007514
2348091183146
2348092050326
2348096952814
2348090484560
2348092393482
2348097261060
2348092444971
2348093942789
2348094209757
2348092500264
2348094233558
2348095275392
2348098031754
2348091840577
2348095247611
2348095590880
2348092547992
2348093532776
2348092846523
2348096619592
2348091534359
2348095164201
2348097469440
2348092432469
2348091502783
2348099174256
2348094109216
2348093165399
2348096445446
2348091688335
2348090331599
2348097723013
2348097741254
2348090915012
2348092753150
2348094861594
2348099695217
2348096770621
2348096095439
2348098548419
2348092456033
2348090563939
2348097259381
2348095318204
2348096913493
2348093201156
2348093483517
2348098963203
2348091232190
2348094355378
2348091992140
2348096978159
2348090527874
2348090930854
2348093858504
2348094932703
2348099896645
2348094101297
2348094444747
2348094652637
2348091254026
2348094150827
2348095377119
2348090846904
2348098432928
2348091574395
2348091330499
2348099003299
2348093593831
2348099372779
2348097287655
2348096548787
2348095967795
2348094785716
2348092888181
2348099468898
2348099077201
2348096501063
2348096309510
2348090715148
2348092646359
2348093688295
2348099351117
2348097975276
2348095728629
2348097407704
2348099803848
2348094014559
2348091038156
2348090818847
2348092584207
2348091489511
2348096754638
2348091054467
2348098361035
2348090063980
2348096635070
2348093295041
2348098423656
2348091588830
2348092272826
2348092588936
2348094413411
2348095352349
2348094034182
2348096477689
2348095050259
2348099327867
2348096901104
2348090545351
2348096068636
2348098961183
2348092215991
2348093619097
2348090472773
2348090974153
2348099861986
2348091708095
2348090918938
2348095077928
2348098382861
2348091712228
2348097744412
2348094427427
2348092004939
2348090719042
2348094668324
2348099152779
2348096716646
2348094475385
2348096005617
2348098634947
2348090869530
2348095315819
2348098695886
2348097196546
2348094534835
2348090323569
2348095527711
2348099905638
2348091205063
2348097258987
2348098111556
2348095660402
2348097362840
2348098451742
2348098449916
2348095325792
2348092841104
2348096342421
2348094986710
2348092875079
2348097524594
2348090441886
2348096058974
2348095817229
2348090182564
2348094870978
2348095816262
2348090810692
2348095306391
2348098893451
2348093898712
2348096716329
2348097416390
2348096013075
2348090333373
2348097633149
2348097124177
2348099972341
2348097272327
2348099437202
2348095765537
2348094070233
2348098902458
2348096492254
2348099852812
2348091076503
2348099600945
2348092767688
2348090709620
2348094173896
2348099676718
2348094978911
2348095230417
2348093007629
2348094812878
2348090569451
2348094738860
2348099668646
2348092832030
2348098597045
2348092852639
2348094830473
2348090154622
2348098865092
2348091669983
2348090535408
2348096355636
2348095252584
2348098483961
2348091080490
2348092305839
2348092743442
2348098728152
2348098486512
2348094913121
2348093508839
2348090070980
2348094966543
2348095482781
2348098854865
2348098236238
2348091633188
2348092035584
2348094985623
2348097589841
2348095624211
2348091194164
2348098254928
2348099358444
2348096258579
2348098311143
2348094507280
2348093793876
2348098969352
2348091415527
2348097684859
2348095298386
2348095203570
2348097489234
2348096526578
2348090254811
2348095912658
2348099541147
2348096276021
2348090287899
2348094711131
2348090447913
2348096550823
2348098713923
2348095016682
2348098228994
2348099472665
2348092374821
2348099138868
2348099351343
2348093049919
2348090107865
2348090200214
2348092868411
2348097170977
2348095408495
2348095186858
2348095675087
2348090621275
2348092923373
2348093802147
2348093592966
2348094038224
2348097362709
2348097663587
2348096876274
2348099854769
2348091842307
2348095329178
2348091245339
2348091978296
2348096909026
2348098681223
2348091193022
2348090143209
2348091451523
2348098009931
2348091068003
2348094781971
2348092801830
2348091168206
2348098619469
2348092861113
2348095158377
2348096271345
2348095024691
2348097057111
2348090235677
2348090013660
2348096242444
2348097796370
2348099798920
2348094540521
2348092108561
2348091404775
2348099662236
2348093381396
2348095140274
2348097362299
2348097746683
2348094176324
2348097762841
2348096906551
2348099785547
2348094555456
2348090835876
2348096632989
2348096646617
2348094616280
2348098695799
2348093237527
2348091185192
2348092794864
2348099248442
2348092406559
2348093475278
2348094504523
2348092321810
2348099122346
2348094241304
2348091179038
2348090320957
2348096040782
2348093575240
2348090604107
2348095289549
2348096324338
2348095282288
2348094214505
2348095399718
2348092841106
2348096257555
2348090100869
2348098213294
2348092377317
2348099735343
2348098231496
2348098925554
2348098972305
2348091794184
2348094013737
2348099114036
2348097988220
2348097237024
2348090418658
2348096958495
2348099776049
2348097417911
2348095646026
2348098252099
2348099331706
2348099414050
2348094527226
2348099875599
2348091053282
2348096895720
2348097210736
2348090173713
2348095684603
2348090369638
2348092463404
2348093758192
2348093717768
2348093193816
2348091776314
2348099212541
2348094958915
2348097751531
2348099801224
2348097056887
2348093001547
2348099783513
2348096746901
2348090334516
2348099539462
2348091902741
2348092202781
2348095257370
2348096541359
2348090968089
2348098068502
2348090689508
2348097656427
2348096998833
2348090503735
2348098270305
2348096991812
2348091380874
2348097836029
2348093744042
2348096051577
2348090078705
2348095482735
2348099394071
2348098953228
2348098045817
2348097008650
2348091331630
2348092714030
2348094014392
2348097839023
2348091339550
2348091352076
2348096760920
2348093014813
2348090287362
2348091456897
2348093346261
2348090773690
2348099522739
2348094704834
2348094342130
2348095555317
2348097075004
2348092156528
2348099473747
2348095909014
2348093502180
2348092183671
2348098078177
2348099197255
2348096780363
2348090328918
2348090349101
2348095194837
2348094103486
2348092361113
2348092422819
2348092456866
2348093448939
2348098725162
2348092346311
2348095566525
2348094914968
2348094247298
2348096989467
2348098577655
2348095687039
2348097829861
2348098391763
2348096602171
2348095944455
2348093052837
2348093754045
2348096554568
2348091295810
2348099195293
2348095372224
2348092981121
2348096880990
2348098161636
2348090940943
2348092821017
2348095368074
2348095111805
2348097559406
2348094274502
2348096910940
2348097599623
2348098472966
2348093441191
2348099606978
2348090740294
2348099472460
2348091800352
2348098774566
2348097664409
2348097738586
2348098280983
2348092782174
2348097503829
2348095230761
2348091371928
2348097729887
2348091267254
2348098596282
2348095015390
2348099679012
2348095473195
2348099985595
2348099017626
2348098640946
2348094708225
2348098233289
2348099742121
2348095547341
2348094255284
2348095761355
2348091607152
2348099977181
2348093376572
2348099837696
2348099262029
2348095704047
2348094994131
2348092475343
2348096914240
2348091010873
2348093175725
2348090908259
2348096026839
2348094061194
2348097772719
2348095114609
2348095671994
2348096554008
2348095956719
2348097146885
2348095939624
2348095193344
2348093007560
2348090368716
2348091530740
2348090773876
2348093295540
2348093173988
2348097796885
2348091169737
2348096815613
2348093800566
2348096503558
2348099574872
2348099309208
2348097507686
2348091952374
2348095571664
2348095326678
2348095224297
2348097503996
2348090284893
2348099387171
2348094544010
2348096701399
2348099787577
2348096524429
2348097280563
2348091294465
2348098968415
2348092810579
2348097849326
2348098193546
2348095283456
2348090258710
2348097862679
2348095153265
2348092330496
2348092692799
2348096506790
2348095589524
2348090265900
2348092876690
2348097900654
2348091682119
2348091940368
2348099481594
2348096553457
2348097710519
2348092012080
2348091009496
2348091986133
2348092625435
2348091406596
2348096449085
2348095421377
2348094593697
2348091706180
2348097421608
2348091406595
2348099432252
2348096691585
2348091303082
2348093975965
2348092661158
2348097953126
2348093903132
2348090481380
2348094091815
2348094776280
2348091672686
2348094414513
2348097277775
2348094991218
2348099512877
2348098136524
2348099010296
2348097685345
2348097110008
2348094127003
2348092602295
2348096740904
2348090745392
2348098386808
2348093896695
2348098098228
2348092814534
2348093007734
2348096827707
2348099652601
2348098713961
2348094028192
2348091453585
2348091241765
2348090376758
2348093301142
2348094893761
2348099068835
2348094486941
2348097498255
2348091716021
2348090245430
2348090049337
2348097017113
2348096437240
2348099156805
2348094391361
2348097176581
2348096649380
2348092315390
2348097183792
2348096389496
2348091140246
2348092075217
2348093272354
2348098941387
2348097759957
2348095629453
2348096867096
2348091676504
2348091351012
2348093935186
2348093406418
2348091964143
2348095133464
2348098140177
2348099426966
2348095058459
2348092683602
2348090467395
2348091109173
2348095843364
2348090135362
2348090423828
2348092247828
2348099708192
2348091011434
2348097710336
2348096349615
2348092154252
2348093970607
2348093840204
2348097743397
2348098842927
2348095107680
2348095759325
2348096288297
2348095071236
2348094679913
2348093514518
2348093936717
2348090293039
2348099742951
2348098919529
2348090246473
2348090247092
2348098326727
2348099426243
2348098723044
2348094730105
2348093899994
2348097436032
2348091963645
2348098010939
2348099354825
2348094368850
2348094255041
2348096056201
2348094599860
2348096353558
2348090497076
2348097951266
2348091459002
2348097612225
2348095498280
2348093264502
2348099862608
2348094962297
2348098465245
2348097481150
2348095464189
2348090290029
2348091092143
2348096845595
2348097370274
2348092448709
2348090581775
2348095579309
2348096294874
2348092473667
2348092709872
2348093019959
2348090240884
2348092313206
2348091747649
2348094350244
2348095683194
2348094172724
2348099590745
2348095782846
2348094716351
2348098114268
2348090164826
2348096949580
2348092824881
2348096812352
2348090034076
2348099620067
2348094222762
2348091091539
2348092560290
2348093932703
2348092546617
2348098088416
2348094756430
2348097038670
2348092343378
2348094704419
2348095676633
2348095580640
2348094712933
2348091720267
2348098006642
2348099563385
2348099305583
2348098717225
2348090553754
2348099596204
2348090693736
2348093812449
2348097226972
2348093781343
2348099157771
2348095517603
2348097743660
2348090928417
2348090380684
2348098172033
2348091122553
2348097925939
2348098022037
2348091296241
2348098069376
2348099427198
2348098809767
2348096344950
2348091849084
2348096207835
2348090204179
2348095899235
2348091150570
2348099112225
2348097850088
2348095221886
2348095399080
2348093280796
2348092580223
2348098114743
2348091355725
2348092165408
2348098929238
2348092817894
2348099449673
2348097286075
2348095503826
2348094932001
2348091036065
2348098901215
2348098710011
2348097809953
2348097082171
2348099494954
2348094461309
2348091665307
2348091488276
2348094773364
2348099768318
2348097922315
2348098719384
2348093990567
2348095850731
2348091862781
2348097453202
2348099094061
2348090755462
2348092876208
2348093638773
2348094171557
2348092130808
2348098123920
2348099548638
2348099047515
2348095580282
2348094702239
2348097831007
2348097295587
2348093182091
2348094689575
2348099440199
2348095367902
2348092490752
2348096972404
2348098501246
2348099827634
2348095720044
2348097226171
2348093035042
2348092949269
2348096632990
2348095562857
2348092095960
2348090930999
2348094117033
2348092476981
2348090481290
2348091817983
2348095188052
2348095233525
2348099266728
2348098271646
2348096505935
2348090328187
2348096290842
2348094592258
2348091091294
2348090867806
2348095918662
2348098037166
2348095514885
2348095529775
2348091215128
2348098740970
2348096521524
2348092917298
2348093532609
2348090731059
2348097854497
2348096926406
2348090909702
2348093958418
2348097117622
2348092289414
2348094531352
2348095706369
2348094706884
2348097449122
2348097952971
2348092912621
2348098117396
2348098598809
2348093640755
2348091020378
2348093354151
2348093761339
2348094270283
2348092670294
2348092612340
2348093793127
2348094677129
2348095582206
2348092903064
2348094287927
2348093518350
2348094653459
2348095466297
2348094789774
2348095061607
2348093578963
2348098260429
2348094527711
2348091985755
2348092034201
2348098913159
2348092798518
2348096253854
2348096674633
2348092827716
2348091862147
2348096862745
2348098722867
2348097989575
2348095749586
2348091219628
2348096222462
2348090019389
2348098063807
2348096826591
2348099761101
2348099354546
2348099108122
2348091210175
2348091135034
2348098507801
2348099235347
2348092011915
2348093245505
2348096712879
2348097201138
2348097704702
2348095652641
2348093222981
2348092912047
2348099638859
2348095303643
2348090563668
2348098171861
2348098430223
2348096394159
2348091404244
2348094776318
2348090611333
2348093724277
2348097038063
2348091603847
2348093676115
2348097126305
2348090481042
2348096753553
2348090133427
2348092665607
2348095457302
2348091697680
2348097213278
2348097891619
2348094936394
2348099917213
2348098538925
2348090640463
2348091103545
2348099362555
2348091643398
2348093713113
2348092905495
2348097975292
2348090476960
2348090634921
2348098083562
2348092053630
2348091660929
2348096349258
2348099084826
2348095637141
2348092754924
2348098701829
2348097459794
2348092120131
2348095001685
2348099724473
2348096949112
2348097465268
2348094365844
2348092480153
2348091729760
2348098093674
2348097909348
2348096951792
2348097184107
2348092039739
2348098147359
2348099050346
2348091906031
2348093729348
2348092463843
2348095783584
2348094651715
2348094121060
2348092813152
2348092520180
2348095613784
2348098516742
2348098298981
2348095865801
2348090914850
2348095564349
2348092292779
2348099064779
2348091116321
2348091166710
2348094508226
2348093845324
2348094511751
2348099248987
2348094320185
2348097663131
2348094448285
2348096466588
2348091682955
2348092884403
2348090316028
2348096030449
2348095568517
2348093617826
2348093254167
2348098235578
2348091533808
2348097193541
2348097302069
2348094511256
2348098415168
2348091271113
2348091436205
2348094368537
2348097297545
2348091427381
2348097702679
2348092623003
2348096218488
2348092327408
2348093303163
2348094413396
2348091472533
2348092422568
2348092174786
2348091600716
2348092249700
2348092098879
2348099610886
2348099396695
2348091826545
2348097426378
2348095562131
2348094643722
2348094886944
2348094822398
2348092459166
2348094522927
2348091747796
2348099888448
2348093491171
2348094490700
2348099323404
2348095574702
2348090672580
2348090422983
2348092112635
2348094008949
2348090897874
2348095392630
2348092188798
2348091359100
2348096250966
2348091229242
2348094975929
2348098070487
2348093440846
2348091205678
2348093699468
2348092236206
2348097243158
2348097111214
2348094163238
2348096567408
2348095621256
2348091925881
2348091122257
2348096172822
2348090867749
2348093106261
2348092908242
2348098873728
2348090009451
2348092587700
2348093492425
2348090113939
2348095863500
2348096617449
2348096261143
2348097972250
2348092240467
2348091776119
2348094107368
2348099763233
2348092521191
2348095594412
2348097932591
2348097761006
2348094389467
2348099612492
2348092096646
2348097947344
2348092213858
2348097955173
2348099561779
2348093461249
2348098676998
2348095862682
2348093918311
2348097676525
2348094222718
2348096963029
2348099782322
2348097994387
2348095497849
2348090174101
2348090532876
2348090937821
2348096920182
2348097596781
2348094476708
2348097312275
2348094405716
2348099956118
2348099928032
2348094894626
2348092186110
2348096463872
2348093782105
2348094730044
2348098241593
2348096584072
2348090428025
2348098342976
2348093755655
2348099713302
2348099990180
2348091129629
2348095861049
2348094606531
2348096383785
2348092173983
2348093103432
2348097741420
2348092158390
2348097712800
2348095901541
2348091283003
2348091887668
2348094075276
2348092748870
2348091611546
2348097156864
2348094656417
2348096979306
2348090514529
2348096673018
2348092526831
2348093318163
2348099243869
2348095483768
2348090843088
2348097163944
2348095688274
2348091683955
2348098503209
2348099249259
2348092185852
2348091839529
2348090448837
2348099165212
2348096542347
2348098528248
2348090466516
2348095165534
2348096565436
2348093209181
2348099578282
2348090383234
2348091658535
2348091131328
2348095801366
2348096729922
2348092392479
2348093436023
2348096654877
2348092453613
2348097429122
2348094364665
2348097593916
2348092699944
2348097478385
2348093094064
2348091234348
2348094942159
2348096905379
2348091450801
2348099339949
2348091325932
2348099185438
2348097603718
2348092776649
2348094920868
2348090227319
2348091734336
2348090318615
2348098542385
2348093678659
2348093743620
2348093622507
2348092235878
2348098731468
2348090893642
2348094205161
2348093646705
2348097615504
2348093569979
2348096079251
2348097295645
2348096891830
2348094658368
2348093789649
2348095276972
2348096324875
2348092653647
2348097276578
2348099735827
2348090226749
2348098010726
2348099296355
2348097148203
2348095132534
2348097085424
2348095677454
2348097409541
2348094776172
2348095758870
2348091649686
2348097147209
2348093025059
2348095321311
2348091388003
2348096260913
2348098433715
2348098254477
2348094277090
2348092142544
2348092737675
2348095235401
2348096467117
2348092116883
2348097820599
2348097250310
2348095627557
2348092112508
2348093795066
2348098497927
2348096074490
2348093010000
2348094640791
2348094296377
2348097912173
2348095702025
2348092287388
2348096267160
2348093527471
2348099116078
2348096486919
2348096871953
2348099441605
2348090587039
2348094342170
2348098079996
2348092915557
2348099358923
2348092490192
2348090466393
2348096668164
2348097778989
2348091043446
2348093672657
2348097994315
2348099778834
2348095708371
2348093158778
2348093430062
2348093144274
2348090840024
2348099370995
2348099759935
2348095398406
2348092214440
2348096401544
2348094722721
2348096892344
2348092943249
2348094880515
2348096608602
2348094641684
2348092168492
2348094007081
2348099414363
2348097495966
2348094732219
2348097019835
2348097396913
2348096962759
2348097952703
2348094833342
2348093407671
2348097302772
2348096181293
2348096407392
2348095949306
2348092556717
2348091823175
2348091229596
2348096842480
2348090179213
2348097549710
2348095031756
2348090017144
2348094161916
2348099682069
2348092846881
2348090392121
2348091296955
2348091620665
2348096791805
2348096357784
2348097544664
2348095515764
2348095816243
2348093488411
2348096079666
2348094903599
2348095681598
2348099655345
2348090939131
2348090924533
2348092181573
2348098757749
2348094115549
2348095627823
2348099369739
2348091660884
2348092956371
2348098139305
2348099508345
2348090854197
2348094910476
2348095124333
2348094362299
2348094724127
2348092046800
2348095331450
2348092170288
2348096091385
2348096566727
2348099482012
2348093108193
2348090937057
2348092315209
2348096436027
2348097357877
2348094947891
2348099834970
2348094375453
2348098287213
2348099213081
2348097156821
2348098661913
2348094701181
2348099666264
2348097925704
2348098364240
2348094811245
2348091742423
2348099664692
2348090016899
2348097988285
2348090679985
2348098787887
2348099184423
2348094128361
2348099461859
2348095430403
2348092733305
2348097627380
2348093027106
2348095683605
2348094754239
2348097929872
2348093545538
2348097704670
2348092101936
2348097598591
2348090458378
2348097552043
2348091727875
2348093887407
2348095260120
2348090560810
2348091692618
2348099595211
2348098031301
2348091352781
2348090660106
2348096236722
2348090440753
2348096529623
2348090675338
2348095801408
2348090944472
2348095801173
2348095322864
2348092566980
2348097567262
2348092650917
2348095492329
2348098854038
2348098990450
2348097917268
2348094316360
2348092087234
2348095370382
2348092886250
2348098330273
2348096988727
2348094822293
2348096778567
2348092419847
2348090491168
2348092224217
2348093902919
2348098945311
2348091974693
2348091324207
2348099403216
2348093980205
2348099815073
2348096237015
2348098112520
2348095980398
2348097666368
2348092088190
2348095595072
2348096990924
2348097074300
2348090533290
2348091648166
2348092626649
2348095889583
2348097900782
2348095222454
2348096676051
2348093272723
2348092790232
2348095575048
2348097669380
2348092690459
2348095954241
2348093381247
2348090460442
2348098438254
2348099455765
2348093477385
2348095921305
2348099075594
2348094401541
2348090873513
2348092296780
2348094409390
2348096298869
2348098265465
2348092483406
2348095353803
2348090002563
2348091385050
2348092601528
2348094829110
2348099241684
2348095762657
2348092802619
2348098367140
2348090257815
2348090128597
2348098477766
2348091102312
2348098084869
2348098873548
2348093465941
2348098649785
2348096434583
2348092521021
2348097497018
2348091010460
2348094141455
2348091111294
2348094927068
2348093926378
2348098494991
2348099963658
2348090426181
2348092913649
2348091320637
2348097647553
2348099889809
2348091807711
2348091428050
2348092492148
2348096963646
2348093301864
2348099384905
2348090118664
2348095960014
2348096698690
2348096505035
2348098537674
2348099165197
2348092560949
2348092401621
2348093835813
2348093110618
2348099024535
2348093913914
2348098600628
2348092541386
2348099553045
2348095211901
2348092971184
2348099997675
2348099288165
2348099217893
2348091279492
2348094218890
2348099067644
2348098058221
2348098839422
2348096791602
2348091621715
2348091558297
2348093130658
2348099587344
2348099499411
2348090838746
2348097270425
2348097038668
2348094254683
2348097901621
2348093952483
2348095798152
2348093776681
2348092451284
2348094190354
2348096798718
2348092871009
2348092544811
2348098415558
2348099530067
2348092716760
2348097498498
2348093807328
2348097955327
2348092182435
2348096773173
2348093113956
2348094534062
2348099798125
2348090862792
2348091839366
2348093644261
2348092811955
2348095264871
2348091989083
2348097552594
2348096094443
2348097460741
2348096716406
2348092571170
2348091299776
2348099556086
2348092512588
2348095899577
2348098502156
2348092649038
2348093731443
2348098710484
2348094262953
2348092861604
2348095008033
2348091799866
2348093918007
2348090639057
2348099481374
2348095694301
2348092590299
2348097001102
2348094691276
2348098238177
2348094722088
2348090705258
2348098043685
2348091743674
2348091516235
2348095701279
2348091838367
2348091415391
2348099604411
2348090446562
2348099864608
2348092791717
2348091119546
2348098746642
2348091700082
2348099251144
2348091941021
2348095003898
2348090868024
2348099440119
2348096677908
2348098016523
2348097854941
2348095825232
2348090277563
2348099201947
2348097608211
2348090046410
2348093243771
2348091906615
2348092676523
2348090084711
2348094618456
2348090356628
2348099772840
2348099091753
2348094911833
2348095309500
2348095873089
2348091253949
2348095777168
2348094074700
2348095461021
2348098458494
2348093457853
2348099321179
2348093876041
2348097943528
2348093252248
2348096028316
2348095161098
2348098919419
2348090349051
2348099215453
2348099625193
2348099698896
2348090114504
2348096242302
2348090195308
2348098809562
2348097012361
2348095482107
2348091037745
2348092357358
2348098372459
2348090469358
2348098132831
2348095337934
2348092017819
2348099179955
2348094426179
2348093178334
2348097853405
2348093355433
2348090079433
2348092983978
2348090448884
2348090104705
2348098741084
2348091463202
2348095167157
2348094971866
2348094291823
2348092423385
2348090131962
2348091503420
2348093958800
2348092121166
2348096449606
2348093060079
2348095498284
2348094697553
2348098051304
2348098970183
2348094707728
2348097352253
2348094052963
2348093026308
2348099849246
2348095884449
2348091159025
2348097101589
2348098659812
2348093406677
2348093261872
2348098161193
2348093251028
2348095701787
2348091298531
2348097355385
2348096102217
2348093887784
2348098615578
2348090096091
2348092811157
2348092944625
2348092508891
2348090689360
2348098510778
2348097939191
2348091083061
2348091948510
2348091125899
2348096917289
2348094476089
2348095383541
2348099745051
2348095973933
2348099381151
2348095150287
2348093843262
2348097378575
2348098110920
2348093844920
2348097904080
2348094656635
2348094913659
2348097211605
2348097269066
2348097641502
2348099998142
2348092021024
2348091002744
2348090040140
2348097668784
2348098272922
2348090678471
2348091269706
2348092199378
2348098994161
2348097823130
2348091117178
2348098042449
2348098419623
2348098600737
2348098333995
2348092599286
2348099912620
2348091039230
2348095404763
2348093011029
2348090359044
2348090150462
2348099606952
2348096009428
2348094519875
2348099910743
2348094322733
2348095371719
2348096335739
2348093573149
2348099673066
2348093511170
2348096525010
2348096414385
2348093419404
2348091530144
2348090747444
2348097945293
2348096538533
2348095309173
2348093763154
2348094877380
2348099317150
2348095631289
2348098972297
2348095531784
2348096338383
2348093423925
2348095355577
2348090639613
2348090084574
2348092555250
2348092789897
2348094603959
2348097154357
2348092493590
2348097973922
2348091410788
2348095382650
2348098765505
2348098939267
2348095614476
2348097763283
2348095360919
2348095651247
2348096080284
2348095933877
2348095282932
2348095086451
2348090391077
2348099991846
2348099485930
2348093982567
2348093286417
2348094687631
2348093442212
2348091861582
2348092532896
2348097724973
2348096599665
2348095096274
2348096922667
2348096295556
2348096564014
2348096566251
2348097211226
2348093438639
2348093484061
2348093658018
2348096509588
2348096408822
2348090441704
2348097189126
2348093647831
2348099829868
2348099269110
2348091605613
2348090126344
2348094794743
2348093172459
2348096354484
2348091620772
2348097633301
2348092286382
2348095995941
2348097981805
2348095336375
2348095993749
2348092988020
2348096889499
2348095160166
2348098762837
2348097407980
2348090936073
2348095433794
2348098418228
2348099331627
2348096205561
2348098662661
2348095761670
2348092337408
2348092192142
2348090824141
2348094922891
2348092375001
2348091487049
2348096520110
2348093221514
2348090404515
2348097527411
2348094510592
2348094662389
2348090112989
2348090475168
2348099816420
2348090128982
2348096903423
2348096926775
2348094935358
2348091178847
2348099972448
2348093168501
2348093119165
2348092701270
2348093770253
2348094440820
2348094219978
2348092595016
2348090222258
2348094270177
2348098652549
2348095929544
2348092429000
2348093059450
2348098877296
2348096457940
2348091308892
2348091190838
2348093880858
2348091815288
2348099542103
2348091274958
2348091709746
2348094951404
2348097580437
2348099185292
2348095424087
2348096522013
2348090700687
2348090589005
2348095160961
2348092850104
2348092123128
2348094047805
2348091235029
2348090215310
2348092044650
2348092229262
2348098634303
2348098351658
2348097904881
2348098061198
2348096589763
2348097559172
2348097510996
2348091892572
2348094010939
2348090414191
2348096104708
2348090132663
2348096272290
2348097728854
2348098237193
2348097340009
2348090441028
2348094256755
2348092015231
2348099060944
2348098698747
2348099221208
2348094727385
2348098260454
2348098282482
2348097303290
2348095342455
2348096247846
2348097144870
2348099401946
2348098691285
2348099003035
2348097752481
2348097227313
2348090093798
2348096742907
2348099404311
2348099303642
2348090093132
2348099019101
2348095064936
2348097316638
2348096487283
2348096280619
2348099442459
2348094881761
2348093612520
2348092092766
2348091207867
2348096986454
2348099714129
2348094967809
2348095454262
2348091391904
2348096412428
2348091079263
2348096510148
2348093905925
2348095770319
2348096999326
2348092017220
2348099886141
2348096357506
2348099067826
2348091318575
2348092872779
2348094761790
2348091710306
2348094260881
2348094678571
2348094551418
2348091386957
2348095528289
2348094569618
2348096584096
2348094537962
2348092566214
2348096625433
2348096723255
2348095955822
2348094151376
2348095993045
2348093506462
2348097102011
2348094612066
2348095663579
2348092528915
2348098506934
2348096341027
2348094369918
2348092952589
2348099396640
2348090122627
2348091807469
2348091428786
2348093666651
2348095818844
2348091160473
2348092060614
2348094843018
2348097641619
2348098251779
2348099552053
2348094768387
2348095733772
2348099896207
2348094810561
2348090238046
2348094058734
2348096031092
2348092183606
2348094896274
2348098572193
2348097836703
2348092155151
2348097649649
2348096837500
2348098936932
2348099512484
2348097718496
2348095278315
2348095880899
2348097104786
2348090324167
2348098562379
2348096791200
2348097421142
2348098446229
2348099678927
2348093027574
2348096715430
2348095860474
2348092393009
2348095693190
2348094936159
2348099070822
2348099120325
2348093212314
2348099955231
2348093439091
2348095847136
2348092160045
2348097525347
2348099991177
2348093390672
2348091992731
2348090436262
2348096231775
2348090062528
2348093073888
2348091821018
2348098943003
2348099435087
2348096829460
2348094171544
2348097508752
2348092782649
2348096181755
2348091323398
2348099134068
2348097294155
2348095969851
2348090795126
2348095231912
2348098071324
2348099663614
2348097116232
2348094490867
2348092602710
2348096208233
2348092281744
2348090407033
2348097044411
2348090892289
2348095288920
2348090671966
2348092495799
2348097869279
2348093759310
2348092878006
2348097269929
2348095512379
2348095924430
2348091101520
2348097435900
2348094589893
2348099959040
2348092730950
2348099658395
2348099884453
2348091162635
2348091901368
2348091609043
2348091884280
2348099491845
2348091636413
2348096769017
2348092276288
2348096902660
2348098993627
2348093122157
2348097505081
2348093024034
2348095475446
2348093675718
2348095171628
2348096526746
2348095651046
2348095272887
2348099984608
2348098277422
2348097402293
2348095792311
2348090042926
2348093161552
2348096854932
2348098078363
2348093942823
2348095920710
2348097439379
2348092408599
2348091906091
2348097189406
2348091499185
2348096995968
2348093703145
2348095939237
2348096493272
2348096945052
2348091315390
2348096913604
2348097147467
2348099031314
2348098050191
2348096672349
2348097491903
2348098700470
2348096173344
2348093336050
2348093255964
2348090817720
2348098138910
2348093061161
2348091816662
2348099193190
2348097211220
2348093501862
2348099352152
2348097733142
2348093476849
2348098736366
2348096341833
2348099347354
2348099829555
2348096487578
2348094238323
2348090688569
2348090641480
2348094010937
2348091188174
2348093118213
2348097726185
2348093819382
2348099379909
2348090958951
2348099185223
2348090934864
2348090187198
2348097568780
2348092894998
2348091893860
2348096578963
2348097616947
2348090093689
2348094864143
2348099122502
2348098677253
2348099191818
2348091093066
2348091532062
2348097248161
2348096978243
2348092056905
2348093275999
2348097347305
2348092333404
2348096641618
2348090907251
2348095558652
2348096972413
2348099253290
2348099114723
2348091249118
2348095154987
2348098878042
2348091060632
2348098305868
2348093042651
2348092118692
2348095044975
2348096387647
2348094994748
2348090042412
2348093527424
2348099984011
2348092120732
2348090495402
2348099343003
2348090559267
2348099657530
2348091576767
2348095234468
2348096047213
2348091495078
2348096398047
2348092441163
2348093502764
2348098668165
2348094063852
2348091322988
2348091988713
2348091526914
2348092721676
2348095870239
2348090380270
2348094589272
2348091874188
2348090180033
2348099170208
2348093869624
2348097193351
2348098763823
2348093353277
2348095842801
2348094818778
2348099154558
2348095499368
2348094284444
2348090247282
2348098880492
2348091407728
2348090893658
2348090722214
2348098383713
2348093585620
2348091008225
2348091615569
2348093257048
2348095071369
2348096630301
2348092996288
2348098932998
2348095393611
2348095280360
2348093864662
2348097580984
2348094246488
2348097712034
2348092815626
2348098465012
2348093418062
2348090662878
2348090423636
2348090846062
2348094416758
2348090039844
2348097787730
2348098451630
2348092385408
2348095503991
2348095253272
2348092549577
2348097721112
2348099407855
2348095009875
2348098411608
2348098493621
2348099375993
2348098921716
2348093830100
2348094403911
2348095563332
2348093765498
2348094304532
2348093303380
2348095241377
2348095137309
2348096741533
2348093834522
2348092197585
2348090712674
2348090026674
2348098357475
2348098762956
2348090162195
2348091812866
2348096745310
2348096463335
2348093026803
2348091039482
2348093770655
2348096003461
2348096923836
2348092718328
2348099868375
2348092780340
2348092361932
2348090133773
2348098263723
2348097034005
2348097205754
2348099747751
2348098119665
2348099209792
2348098676403
2348093910904
2348097559592
2348095537927
2348098211950
2348098593189
2348095765596
2348098456581
2348098216554
2348091304440
2348092105848
2348097672119
2348090050141
2348092135480
2348099926463
2348099550006
2348096343400
2348093531506
2348092359563
2348094404574
2348093450715
2348090927449
2348096699465
2348093823476
2348095801570
2348098766940
2348099444512
2348097592875
2348094142444
2348092058283
2348098170295
2348091585560
2348092273766
2348099628076
2348093114979
2348091802962
2348098055118
2348096151873
2348096542542
2348090358049
2348094730617
2348092984628
2348093388281
2348090303741
2348092327129
2348094508687
2348092897996
2348093602168
2348094692518
2348091926689
2348099997347
2348091807713
2348099338194
2348098658951
2348096749805
2348098727043
2348094740834
2348095894976
2348096527994
2348098719641
2348092860736
2348094365209
2348099692854
2348094359491
2348094041493
2348099025602
2348092007748
2348092735531
2348093588468
2348097066623
2348097636820
2348095958801
2348094739528
2348094955957
2348095337847
2348099463621
2348095514945
2348093752740
2348093985629
2348092967946
2348093395183
2348097672099
2348094367627
2348090235967
2348090032364
2348092173797
2348095092472
2348095215635
2348097701607
2348099448668
2348096429986
2348090076851
2348093266099
2348097120345
2348092201697
2348090260704
2348097671986
2348093041759
2348095726042
2348094584497
2348093388030
2348095897858
2348093702523
2348093934321
2348091068013
2348090147069
2348096271419
2348098569354
2348099341223
2348099401715
2348094144611
2348095253662
2348091345194
2348096292431
2348090395672
2348096614300
2348096788414
2348093760484
2348091694944
2348093114587
2348095249304
2348099683886
2348096426007
2348092139883
2348099592564
2348096975781
2348095151266
2348093737446
2348092327341
2348092491491
2348092234454
2348097034747
2348097208273
2348090645779
2348098396624
2348097564572
2348097554037
2348091100913
2348092931078
2348091791347
2348091270533
2348090786405
2348096952722
2348093350845
2348096225521
2348096856653
2348093605547
2348099811730
2348098991909
2348091632208
2348095653090
2348096843770
2348093685848
2348097684325
2348099433741
2348092021933
2348093380501
2348092854142
2348096641772
2348090461290
2348098497158
2348092967682
2348099510917
2348092651900
2348096905188
2348099475801
2348095052867
2348092711334
2348090953701
2348099513844
2348095430470
2348099943721
2348094640613
2348092532047
2348090044826
2348095091083
2348098189630
2348097506025
2348095223878
2348093814323
2348099166040
2348097236178
2348093926023
2348099276781
2348091783277
2348090045357
2348096706791
2348091372206
2348093663284
2348095396251
2348099417594
2348097716883
2348090976741
2348091050580
2348098205739
2348097285576
2348094567043
2348092798812
2348097909217
2348097815167
2348092137395
2348096847864
2348098064333
2348090329656
2348093008748
2348095578623
2348093653470
2348090123121
2348093256847
2348098015620
2348092386773
2348093294651
2348091487494
2348097369103
2348097657233
2348099713864
2348090532374
2348097039416
2348093551731
2348092528648
2348091207815
2348098762759
2348090450231
2348091434656
2348096087897
2348094851270
2348095802984
2348099570771
2348098075624
2348096188222
2348092928637
2348099082054
2348093029784
2348090792929
2348092759995
2348093522090
2348092715913
2348097330373
2348093332050
2348090463212
2348092523176
2348093594281
2348099918852
2348095314097
2348094284169
2348092469282
2348090109107
2348093937885
2348096741016
2348091736775
2348098358517
2348096038393
2348099807495
2348093630575
2348097047898
2348099359882
2348095443487
2348096316109
2348097330401
2348092836892
2348096703393
2348099939296
2348093420812
2348092339412
2348093577372
2348098391226
2348094649469
2348097765419
2348093858629
2348091781133
2348098369644
2348099243583
2348091410276
2348092247733
2348091833688
2348091579436
2348092831688
2348093143865
2348092966016
2348090996719
2348094847264
2348096046756
2348094795374
2348099610704
2348098865805
2348095205615
2348099143323
2348090407649
2348096370366
2348093322297
2348099184605
2348099448562
2348098541914
2348098916006
2348097304368
2348091079971
2348090689570
2348099664363
2348097791713
2348094443486
2348096089160
2348094442122
2348094801369
2348096606744
2348094136407
2348098377495
2348099517957
2348097176065
2348098720225
2348092690147
2348090218727
2348095161175
2348099479041
2348090792364
2348090088695
2348098526502
2348092385216
2348098702356
2348093365565
2348099122881
2348098113083
2348094187212
2348098538397
2348092337882
2348091853285
2348094419564
2348098172148
2348094039140
2348091334678
2348094909212
2348093549211
2348099098170
2348096044817
2348096661338
2348094794543
2348098655628
2348094092826
2348090548166
2348096271560
2348090090614
2348096968545
2348097258594
2348096814661
2348093811307
2348097072608
2348094106658
2348091447460
2348096334920
2348094677665
2348096296207
2348092002457
2348090131381
2348094609730
2348098455171
2348092688831
2348093614001
2348098718027
2348093038338
2348099890081
2348096072521
2348091911142
2348091630983
2348092190661
2348099429386
2348097997332
2348090695499
2348093361829
2348098501521
2348097330353
2348091242568
2348099095202
2348096345815
2348093325485
2348098098830
2348097466895
2348097404506
2348094432583
2348090870109
2348096880477
2348093189819
2348099401090
2348094819493
2348096127774
2348096521080
2348099013836
2348098469833
2348096953497
2348091210000
2348095789597
2348096741493
2348093547192
2348090341704
2348091518104
2348098082264
2348097892701
2348097905621
2348090309044
2348093018171
2348095428524
2348093632330
2348096792536
2348096749714
2348093220826
2348092108475
2348090778661
2348094206870
2348098153485
2348095722802
2348096723402
2348097859675
2348097065074
2348098877534
2348092148674
2348094509118
2348094578348
2348097935579
2348098082022
2348094235978
2348096132857
2348099104982
2348092540362
2348099628118
2348098246239
2348095319022
2348098799343
2348091824340
2348095325465
2348099214114
2348090536824
2348093386312
2348091359340
2348099245016
2348091425590
2348094910046
2348096889603
2348093673622
2348092089389
2348093692409
2348097955853
2348092762090
2348099915150
2348090985467
2348091986080
2348098867647
2348090753099
2348096897174
2348090937429
2348093560233
2348097490936
2348096815077
2348095654543
2348093152203
2348099500343
2348093208197
2348090103469
2348097554084
2348092207454
2348099842701
2348099149854
2348098961351
2348094090985
2348091940767
2348097308095
2348095930677
2348091632439
2348098125390
2348099154360
2348098034985
2348095078144
2348094198101
2348093459851
2348092382813
2348098292590
2348094633733
2348090529204
2348099595655
2348091597527
2348099523144
2348094480773
2348094939302
2348093368404
2348090589002
2348099741302
2348090502693
2348090695432
2348093331389
2348092895984
2348091784385
2348095005757
2348094594338
2348092911809
2348095941208
2348094625289
2348092484538
2348093193164
2348095585297
2348099550063
2348094526285
2348091793201
2348094198479
2348094246868
2348098294069
2348095701807
2348097851825
2348095070038
2348094039010
2348098480116
2348093065978
2348098477280
2348095612845
2348093496102
2348093875389
2348098580544
2348093879535
2348097996123
2348099264733
2348097238859
2348092324547
2348096037030
2348097070295
2348094023115
2348097594083
2348091598192
2348098201394
2348097156548
2348090610070
2348096931295
2348094897908
2348098904696
2348093837023
2348093207767
2348099368644
2348097452269
2348094735076
2348094553159
2348095987091
2348092849107
2348095184025
2348097491955
2348091456658
2348092624886
2348095638119
2348094558605
2348091130866
2348092651969
2348099068196
2348090993673
2348094668723
2348096137636
2348090706461
2348094635365
2348094176501
2348093253760
2348094952740
2348097083800
2348094426570
2348096567155
2348099884768
2348092747626
2348097853404
2348097218749
2348099759822
2348091619241
2348090340044
2348092886701
2348097966498
2348096469493
2348093696772
2348096952331
2348098960057
2348094985097
2348091989488
2348098460311
2348090327053
2348096550498
2348096849613
2348091995045
2348093514917
2348098282520
2348094465352
2348090841129
2348096974245
2348091925934
2348090958597
2348090920486
2348094026073
2348096062831
2348096328708
2348093500506
2348091098888
2348094420173
2348099761479
2348093968443
2348090033140
2348096726207
2348096666270
2348097963779
2348090977007
2348090514261
2348092277100
2348090325394
2348092815011
2348093800630
2348095662487
2348090108427
2348093721488
2348094902791
2348091008511
2348099242287
2348095274690
2348095062898
2348097987143
2348099464257
2348095937855
2348090594068
2348098190049
2348094805655
2348090473703
2348093721354
2348095447682
2348090256747
2348094516625
2348094724184
2348092183889
2348092202098
2348091205937
2348095195014
2348096183823
2348092249265
2348093808752
2348093712582
2348093750226
2348090988156
2348099471541
2348095984247
2348092138738
2348091684762
2348094545775
2348093207734
2348093987225
2348095131886
2348096250922
2348096877511
2348094475620
2348094716444
2348096148877
2348097175746
2348093173154
2348094005813
2348097061808
2348092885286
2348091910151
2348098361002
2348097728682
2348099058479
2348099120723
2348098423362
2348099907592
2348091859837
2348092377806
2348091578940
2348094048103
2348096397598
2348096502139
2348093634987
2348092286110
2348098009120
2348092317775
2348099954028
2348096773132
2348093836738
2348098728520
2348099240461
2348099632055
2348092759779
2348090164378
2348099666055
2348090785842
2348094466919
2348095317713
2348094203402
2348093951852
2348091892167
2348095573217
2348091044574
2348097404223
2348095913907
2348093592735
2348091883982
2348097009054
2348094770942
2348090389560
2348095065667
2348094407466
2348092505693
2348099616853
2348091554218
2348095350970
2348092743744
2348096790098
2348095661017
2348090426298
2348091421407
2348094991423
2348090139204
2348096608134
2348094367967
2348095779718
2348094989471
2348097750769
2348095920569
2348093757284
2348098255585
2348099717823
2348097000616
2348094547547
2348094614603
2348096760254
2348090687310
2348097418117
2348094178587
2348097959148
2348094505724
2348093804268
2348096930755
2348092638508
2348097271429
2348095632084
2348093925848
2348095593860
2348099323189
2348090113526
2348095748654
2348098190405
2348097904316
2348094432858
2348090886005
2348097903971
2348090058093
2348094005756
2348095037446
2348090307161
2348095676385
2348098975257
2348097457855
2348093852614
2348094474167
2348096946714
2348091427077
2348099463639
2348091559890
2348097520186
2348099489734
2348099389731
2348095111831
2348097030844
2348094074592
2348095452290
2348091150355
2348098107751
2348095916224
2348092279091
2348091128593
2348092664217
2348098921321
2348093883855
2348099989837
2348092330271
2348090967056
2348090971962
2348091455397
2348098646552
2348099011048
2348090523995
2348094355406
2348091311737
2348090101737
2348097942653
2348099911571
2348093232167
2348094549090
2348094382178
2348094215173
2348090787569
2348098409264
2348090601941
2348092484983
2348096213145
2348096858501
2348092828361
2348093427505
2348093425942
2348090744033
2348097413256
2348091218442
2348098521978
2348092763792
2348091247779
2348090847309
2348091849141
2348090960286
2348099793299
2348094159656
2348095305709
2348092498053
2348097051825
2348099182153
2348091462485
2348097210886
2348097095367
2348098874168
2348099523706
2348095658977
2348098176418
2348096119296
2348095531579
2348096969481
2348096111371
2348098966761
2348095672310
2348091223444
2348092921370
2348093844468
2348094656472
2348092371595
2348093230251
2348090365926
2348097240412
2348094398898
2348094752115
2348093353494
2348098427585
2348097072458
2348099786528
2348094352681
2348092175027
2348099969056
2348091495977
2348093070882
2348096359402
2348092744288
2348099099291
2348098979106
2348094312042
2348097920584
2348092862119
2348091098316
2348096464668
2348094652003
2348098838380
2348097420813
2348091065609
2348091956878
2348093610082
2348094017102
2348093614838
2348097494787
2348098161934
2348092398000
2348094809084
2348099408898
2348095527797
2348091229498
2348095891281
2348095813490
2348090978139
2348099308353
2348092871008
2348098613131
2348092542114
2348091035830
2348096148644
2348096848481
2348093025702
2348092769802
2348098497799
2348093434735
2348095040828
2348094838027
2348092296337
2348093530692
2348098826080
2348097791493
2348093111457
2348093302570
2348091437166
2348091166405
2348093937135
2348092632522
2348095007442
2348092911865
2348099370788
2348096620850
2348097159065
2348092282335
2348095103422
2348096998041
2348093119867
2348094549214
2348090120122
2348094960423
2348090083952
2348096085547
2348098256737
2348091665027
2348097003256
2348097620132
2348095514408
2348099706129
2348093762263
2348091488160
2348090094482
2348090346438
2348095070409
2348097264361
2348095087506
2348096544302
2348095349825
2348091855476
2348091646457
2348092162223
2348092337931
2348099318018
2348095930623
2348091645599
2348097733247
2348095870101
2348090842456
2348090068290
2348095765905
2348090237523
2348097804977
2348091100625
2348090477742
2348092531581
2348099530308
2348096137723
2348098624721
2348093447455
2348099758321
2348099970455
2348090636630
2348090017864
2348092462756
2348090782165
2348090005307
2348095212700
2348097042667
2348092262702
2348093828714
2348097249259
2348098434934
2348096300090
2348090480496
2348093416407
2348093642113
2348091130726
2348098631471
2348095853935
2348097794804
2348096121692
2348094687639
2348097297129
2348095184058
2348096070602
2348090916059
2348093908473
2348091468211
2348091751765
2348099855071
2348099829232
2348091279372
2348092858447
2348092216244
2348093792905
2348093419824
2348092417414
2348092140540
2348094728555
2348090944756
2348096926539
2348091598711
2348099277336
2348099280758
2348098284531
2348099738098
2348095386961
2348093826509
2348099896260
2348098458604
2348098461583
2348095518908
2348095898826
2348091644192
2348093886439
2348097158750
2348098217891
2348093681439
2348091999479
2348096578552
2348095887367
2348094785081
2348091477722
2348097005278
2348090814793
2348096660637
2348095435502
2348092829871
2348097277920
2348096544196
2348093785991
2348092547490
2348092983723
2348094890735
2348097152805
2348093373816
2348091779305
2348098874485
2348095404721
2348092603420
2348094944009
2348090682368
2348094819642
2348092394150
2348098143769
2348098130712
2348095589787
2348095392157
2348094916202
2348098670527
2348094861348
2348099746589
2348096387383
2348093376493
2348091366057
2348092549311
2348096565363
2348096356998
2348097042349
2348099733674
2348091522467
2348096363385
2348095667332
2348094981608
2348095898892
2348092073327
2348090458063
2348099125568
2348090494233
2348091777442
2348096752604
2348097068800
2348096199449
2348097548345
2348097745083
2348097159663
2348090034505
2348094196419
2348091689525
2348095777558
2348097790824
2348091728713
2348098370164
2348090908113
2348092738808
2348095418023
2348097877999
2348099743993
2348097331530
2348096206184
2348096421280
2348091122339
2348098284130
2348093885819
2348095081663
2348091208187
2348093053024
2348096128211
2348099140521
2348091567467
2348095990426
2348098583535
2348095685021
2348095977256
2348091039633
2348092874070
2348090442167
2348098638985
2348096896003
2348091540191
2348096105308
2348094170120
2348094815410
2348095601207
2348092275817
2348093990771
2348092396768
2348096438506
2348093029040
2348098125054
2348090127786
2348090412497
2348094506168
2348093300742
2348090952572
2348092816952
2348093712028
2348094976626
2348096951494
2348093333448
2348096060174
2348099467218
2348095100562
2348094346839
2348090977486
2348099376486
2348090335992
2348092509010
2348091914054
2348092355545
2348097292163
2348094276604
2348097449750
2348098366337
2348092287864
2348094758790
2348096456136
2348094193962
2348098830688
2348091517071
2348097865305
2348094922023
2348098339220
2348091379835
2348090806179
2348097006968
2348095980895
2348093100400
2348094912733
2348097758367
2348094256753
2348097773470
2348096114526
2348098195106
2348090567129
2348092339140
2348098159193
2348093220669
2348099037413
2348090580408
2348095527061
2348091630809
2348097959623
2348096788902
2348099642997
2348094965149
2348099820684
2348096407665
2348091112198
2348092622488
2348096114438
2348090372492
2348098218388
2348099051296
2348090796060
2348097665134
2348097259920
2348091042363
2348096054824
2348090030098
2348096448536
2348097473844
2348095224831
2348090360034
2348096031874
2348099586258
2348093674600
2348091445090
2348098891672
2348094423720
2348093434292
2348096928473
2348099300321
2348093507977
2348094885101
2348094565309
2348099243225
2348097075868
2348096223317
2348096338278
2348090938845
2348091402168
2348090170278
2348091235070
2348090057648
2348091618722
2348094697255
2348095386321
2348098760691
2348099814317
2348095324223
2348091313576
2348095035717
2348096293318
2348097996314
2348096462260
2348093351152
2348091074037
2348091831071
2348092560004
2348099321957
2348093239604
2348090380159
2348091998693
2348098307965
2348094527392
2348096979032
2348090992316
2348099185057
2348092610286
2348096312145
2348093173872
2348094240504
2348099308241
2348093241845
2348091057092
2348099662190
2348098940000
2348092479920
2348099032811
2348094302833
2348092618300
2348096644785
2348093521972
2348092042377
2348090349336
2348093818977
2348096386033
2348095901220
2348096338505
2348094297733
2348096698464
2348091955318
2348096231497
2348090964068
2348094568993
2348093799090
2348093470817
2348094540718
2348095343187
2348095998673
2348093359233
2348091579212
2348090750602
2348098517044
2348091292211
2348097329906
2348091145893
2348097864872
2348094869771
2348097559805
2348098628527
2348096691407
2348093118709
2348090436815
2348091716834
2348098418826
2348095716950
2348095024933
2348094566277
2348094387668
2348093785961
2348093302899
2348099058832
2348092844258
2348092187933
2348091656747
2348098393296
2348093796379
2348091732810
2348097672905
2348092732100
2348097603525
2348091486742
2348092495594
2348092719846
2348097922800
2348099126809
2348098852845
2348093150567
2348095561318
2348095079694
2348095214216
2348097002639
2348092930620
2348095958996
2348094200743
2348091485473
2348094812645
2348090551655
2348095941922
2348099465007
2348095329059
2348099684578
2348092471608
2348092849333
2348098966246
2348093468017
2348092466543
2348098636586
2348090602358
2348093953134
2348093981956
2348090195630
2348099939309
2348091068202
2348095600742
2348093972472
2348097446643
2348095933097
2348098799859
2348098704786
2348091000535
2348090092996
2348094077335
2348093964230
2348093141841
2348093287235
2348090170854
2348094056943
2348090679867
2348098084362
2348099870399
2348093948487
2348093381110
2348097128846
2348097994627
2348096861817
2348096039489
2348099678304
2348092647518
2348093115164
2348097249322
2348098299473
2348098107717
2348096688831
2348099899818
2348097325447
2348092074569
2348098433242
2348096414020
2348094756830
2348093416306
2348099494111
2348098059497
2348094955457
2348098464065
2348095972940
2348094829697
2348094108062
2348099460628
2348097860659
2348095986340
2348090332959
2348095544468
2348091166786
2348090021793
2348091748564
2348099506816
2348093514882
2348093746698
2348092308678
2348099169044
2348098376739
2348090465832
2348093254455
2348093500703
2348094568441
2348090367125
2348092623615
2348095696624
2348091816467
2348091309381
2348097774705
2348090869698
2348096012480
2348093718016
2348096713616
2348092884777
2348092357796
2348096486160
2348094754016
2348098460479
2348095953827
2348095460793
2348092458905
2348094828103
2348099012567
2348094627769
2348098384737
2348097962719
2348091457421
2348098172651
2348098715529
2348098528776
2348094588364
2348091276892
2348094505005
2348092531358
2348094948992
2348099545627
2348098681424
2348095121962
2348095634875
2348097490716
2348090846602
2348097550192
2348097838316
2348094608529
2348091357455
2348094433113
2348093968622
2348094932836
2348093909323
2348098859176
2348090400903
2348097005855
2348092600842
2348093101035
2348098783922
2348099981144
2348096577476
2348091610035
2348095427285
2348090076397
2348097320239
2348095720634
2348091650940
2348096195853
2348091761357
2348092716854
2348095882070
2348092197862
2348095413895
2348095886003
2348095760496
2348090391890
2348092482321
2348090698667
2348095721123
2348091434572
2348093694683
2348097494278
2348093929673
2348090692757
2348096106864
2348096782641
2348099521472
2348096100107
2348090928456
2348095815628
2348090181348
2348099806449
2348094831964
2348093930287
2348099580848
2348090107784
2348094559109
2348095416698
2348099415345
2348097095809
2348090039179
2348098156853
2348092081467
2348099352116
2348093767903
2348095123500
2348094245225
2348093827755
2348093273619
2348099551921
2348097216841
2348094366017
2348092859852
2348099058839
2348090322382
2348093335657
2348093070763
2348092173643
2348095398350
2348090125785
2348093460811
2348097523198
2348091164272
2348093005162
2348091335266
2348098473563
2348094613357
2348094265364
2348090427329
2348097868480
2348091523978
2348096846802
2348093022130
2348090099124
2348099031103
2348099428551
2348096298308
2348093418174
2348092303293
2348096927586
2348092685117
2348098293416
2348097360530
2348092954732
2348090013762
2348096526539
2348090185112
2348097519831
2348095293903
2348092222906
2348096742502
2348090272181
2348096739954
2348092852870
2348094482372
2348097397591
2348099802465
2348095054396
2348099590644
2348090962362
2348096585242
2348098479979
2348093797375
2348094054106
2348091109951
2348090461738
2348096444545
2348092111898
2348096461592
2348091772650
2348093573024
2348098150981
2348093432545
2348098960797
2348097342697
2348091869665
2348099353470
2348098269467
2348093374686
2348092558760
2348094052242
2348095024832
2348094344162
2348092354663
2348090723838
2348097415988
2348091444827
2348098885754
2348099283137
2348094923654
2348096838383
2348096665278
2348098262162
2348099649907
2348095731529
2348091393657
2348094437269
2348095482783
2348094333609
2348099763688
2348095412122
2348099747890
2348096114615
2348095954314
2348093518133
2348092807681
2348092128439
2348092168838
2348098456130
2348090732968
2348096169882
2348097056878
2348096882078
2348095264148
2348099832357
2348092917022
2348093102304
2348091476983
2348098347090
2348095214720
2348096520411
2348093242557
2348096053522
2348096472305
2348094799706
2348092942550
2348098407389
2348098466081
2348092049239
2348092348149
2348092111771
2348094491719
2348092083397
2348096112398
2348091411670
2348099315602
2348093137878
2348096141406
2348098571373
2348093811127
2348095282616
2348096787387
2348095291392
2348098423712
2348092268541
2348093784158
2348096426652
2348097994506
2348094925678
2348096742899
2348090149021
2348099597354
2348092961421
2348098904231
2348095927252
2348090758308
2348095528989
2348096655096
2348097467755
2348092769738
2348094186639
2348092192204
2348096860004
2348098485329
2348099403890
2348097101394
2348094335589
2348090240353
2348096635857
2348098470035
2348094926053
2348093071099
2348091936167
2348098448535
2348092710754
2348093958367
2348099604109
2348091172151
2348098149833
2348097782964
2348096721720
2348091869361
2348097803172
2348099714964
2348092889930
2348095329320
2348092066972
2348098964960
2348092100186
2348097159885
2348096732921
2348097223911
2348090315632
2348090553369
2348091575497
2348094576802
2348092296966
2348091056942
2348096491564
2348099476178
2348090977679
2348092823402
2348091533418
2348093906429
2348094485050
2348099056942
2348098988745
2348097881909
2348098146868
2348099018168
2348099446775
2348090981775
2348092606049
2348092537180
2348095374999
2348091033457
2348094344631
2348099598909
2348097835037
2348097348062
2348095914198
2348099734541
2348090659925
2348097070198
2348097674486
2348096712403
2348099353038
2348099528267
2348099098041
2348098285302
2348092538061
2348097742417
2348093633118
2348095197295
2348093341377
2348096804920
2348094221845
2348097397541
2348096654087
2348092037157
2348094061734
2348098791325
2348096148089
2348090491283
2348099099732
2348095409420
2348094724150
2348090176476
2348093276588
2348095712853
2348096534442
2348093939387
2348092162752
2348099521176
2348092278352
2348090399055
2348094716668
2348090547912
2348094454887
2348097091752
2348091761152
2348095068030
2348090136196
2348091701294
2348099849195
2348090149084
2348091227113
2348099124739
2348098155753
2348092281470
2348096975737
2348096123571
2348091934197
2348095098402
2348092564805
2348092098709
2348091040366
2348099080457
2348095265512
2348093143806
2348091391245
2348098506700
2348094979159
2348096266402
2348091699023
2348099898149
2348091549828
2348096872606
2348096053578
2348098552038
2348093432693
2348097102704
2348095741964
2348095208513
2348092266724
2348091539343
2348096277961
2348097648487
2348096866475
2348096393325
2348091143157
2348095417181
2348092895915
2348096751951
2348091825189
2348096281913
2348098034893
2348098041799
2348096475606
2348093257245
2348096516875
2348090787881
2348097172166
2348096482438
2348098546467
2348098549612
2348094987406
2348091727152
2348092431948
2348099040316
2348091619205
2348092730832
2348092248539
2348094845249
2348093520195
2348094250612
2348092678510
2348090254401
2348092953613
2348090545169
2348091491354
2348099931488
2348096259694
2348096914719
2348094661728
2348094903851
2348095800592
2348093390575
2348090092305
2348096638117
2348090153161
2348096288719
2348091785200
2348097395424
2348097905349
2348098336525
2348096130286
2348093642072
2348097587348
2348095066081
2348092115159
2348090618467
2348092584940
2348091324330
2348097806871
2348098785076
2348099187390
2348090535985
2348094058628
2348097573282
2348093349236
2348093474137
2348090875355
2348093447545
2348090346204
2348091115315
2348093914761
2348090486018
2348091909447
2348095618331
2348090740670
2348095960301
2348094991346
2348092800298
2348097153285
2348094486467
2348090170162
2348090222026
2348099836573
2348097364166
2348099920869
2348091614282
2348091130928
2348090404155
2348097008278
2348099756871
2348096855182
2348097576405
2348099282280
2348091675656
2348090594272
2348096335639
2348096699370
2348092086574
2348098238499
2348095349032
2348090195224
2348094171248
2348093429225
2348097633418
2348092069341
2348094885311
2348092596325
2348092390091
2348099339535
2348098862380
2348096512938
2348091712985
2348092135066
2348096122110
2348097893929
2348091007407
2348096711888
2348095014928
2348095593602
2348099804237
2348099523030
2348096575317
2348092108930
2348099495051
2348097407645
2348091028910
2348096062772
2348096212275
2348091563186
2348094261946
2348091110775
2348099277714
2348098575793
2348095412868
2348092627874
2348094068411
2348095480861
2348093386396
2348094707517
2348099086017
2348096778057
2348092704579
2348099777671
2348093538525
2348095964036
2348090629072
2348098534540
2348094381250
2348092470321
2348098572657
2348097374760
2348097939944
2348094970425
2348090339201
2348095607359
2348094179145
2348094127051
2348094826761
2348097139473
2348099393853
2348095123519
2348095712747
2348091142294
2348092283927
2348090112919
2348092195022
2348094044205
2348097025311
2348093919132
2348091151366
2348099785907
2348092403670
2348097298458
2348092616152
2348098349464
2348090271533
2348098798309
2348098965274
2348096208528
2348098417410
2348091895664
2348096411219
2348099687759
2348093367967
2348097960750
2348091673655
2348093385394
2348091577906
2348098384655
2348099010963
2348096498057
2348092997414
2348096845780
2348091835155
2348094977925
2348090936212
2348093321834
2348095118154
2348096888942
2348099963920
2348096015614
2348096412480
2348098893526
2348093203542
2348092688039
2348093799610
2348092885565
2348095100942
2348092857200
2348098861316
2348096039392
2348098023739
2348091055686
2348094521142
2348095788121
2348092230510
2348092887489
2348091735713
2348094511363
2348094802672
2348096804695
2348091126604
2348092028332
2348094169032
2348097780673
2348090364948
2348093037738
2348091985876
2348092464316
2348091669950
2348099888627
2348097582145
2348099064601
2348094065310
2348092696002
2348099748495
2348091276187
2348091356423
2348094027097
2348095398890
2348091045479
2348092861371
2348095883220
2348092579411
2348098047218
2348095369342
2348090243006
2348095901877
2348097383755
2348095454766
2348094145294
2348098253173
2348095320526
2348091727148
2348092320306
2348091742040
2348093263298
2348095536860
2348097391080
2348092126682
2348090827872
2348096996125
2348095790248
2348093266387
2348099480968
2348096961945
2348095145279
2348093482350
2348094729808
2348099696238
2348095956676
2348095031249
2348096160980
2348097773241
2348092057101
2348094413995
2348091781359
2348096980962
2348095165985
2348098869479
2348099405729
2348097088323
2348097416794
2348098799753
2348096982320
2348098296444
2348093974353
2348091977504
2348099750280
2348090902256
2348097508896
2348094830691
2348098174549
2348093614575
2348093689168
2348098795877
2348097652743
2348094860397
2348090780808
2348096290839
2348091117856
2348094007858
2348098203566
2348091048778
2348097566751
2348096392686
2348091428926
2348097973385
2348095616016
2348093204467
2348099567372
2348097906411
2348094403466
2348096956238
2348093174141
2348097007299
2348096507003
2348090036162
2348095633510
2348090472512
2348094325384
2348091432313
2348098207476
2348096466945
2348095138658
2348091789109
2348094693968
2348090870208
2348099520602
2348093948609
2348098482491
2348096484557
2348092875928
2348097154388
2348091329712
2348090046660
2348099355578
2348093541720
2348096375196
2348095425987
2348092593996
2348091257619
2348094509146
2348097850895
2348098722588
2348090994332
2348097496937
2348095653558
2348091525539
2348095995831
2348094064420
2348091907212
2348090606781
2348095300447
2348094989240
2348096093541
2348099188209
2348090911897
2348091383821
2348098617131
2348098235981
2348091180589
2348094657505
2348092574712
2348092454801
2348093771115
2348096010189
2348095449830
2348092432335
2348092572686
2348098499098
2348095048082
2348092168771
2348099073999
2348098610083
2348093511270
2348098471118
2348090076137
2348090204512
2348095312707
2348098056343
2348090863912
2348091960238
2348098579372
2348098666961
2348093240038
2348092133265
2348093812514
2348095977458
2348093185167
2348097999718
2348091697389
2348093695703
2348098843026
2348098643796
2348098897120
2348097355617
2348096440704
2348095232054
2348097998740
2348097440553
2348097695990
2348095807632
2348092637471
2348095591824
2348091544793
2348096067805
2348090286610
2348093071415
2348098778278
2348097941148
2348094714932
2348090343277
2348092776795
2348097210228
2348097161341
2348095534071
2348094905187
2348096296658
2348091498102
2348098188161
2348099897053
2348091118405
2348099475502
2348093536485
2348093002990
2348092853817
2348098589316
2348092220440
2348092748098
2348096524274
2348091288034
2348098753861
2348091923439
2348099265557
2348091433941
2348092567406
2348091867660
2348096887540
2348098654989
2348091250731
2348093147007
2348093151522
2348096585691
2348097557839
2348094726903
2348091240762
2348091719453
2348096424399
2348091022635
2348096230137
2348090309615
2348092472301
2348092697105
2348093227207
2348090716787
2348091536142
2348091110705
2348097440750
2348095874503
2348093686687
2348094442114
2348090490777
2348099102866
2348094735315
2348091054149
2348095328097
2348090530287
2348091073337
2348096090047
2348092413547
2348097929960
2348098946035
2348097955272
2348092343826
2348097382148
2348099848446
2348097296804
2348093859614
2348098238469
2348097423845
2348096134219
2348094265938
2348093666894
2348096181055
2348091060828
2348096628190
2348097280157
2348092429979
2348097710278
2348090500491
2348098598280
2348096035369
2348099359860
2348092361598
2348095284013
2348098418355
2348097875788
2348095063975
2348098183707
2348097109952
2348091863715
2348095202664
2348098579531
2348090464735
2348099435967
2348092252111
2348095124759
2348097784669
2348094406816
2348095143432
2348096025093
2348090794261
2348099375865
2348091699066
2348099266458
2348096544570
2348091516351
2348092150110
2348091827866
2348092677034
2348098073789
2348098111902
2348091110116
2348099375727
2348094232147
2348095308203
2348099219263
2348095754432
2348095182574
2348090534474
2348094565635
2348092360443
2348095676988
2348090597484
2348098202632
2348099698515
2348098402659
2348095702738
2348098891528
2348097521831
2348095721333
2348097141000
2348090837710
2348099186407
2348099424859
2348099872703
2348098285820
2348096952367
2348098752882
2348090463331
2348097781576
2348093498890
2348098390472
2348098784716
2348097479280
2348092647183
2348099486335
2348099752383
2348092625445
2348096620807
2348095979660
2348092618695
2348096543621
2348099202720
2348091322454
2348097055790
2348092017718
2348097415237
2348094681821
2348098204870
2348093635417
2348090045554
2348090259649
2348098780376
2348090576266
2348093981185
2348090092441
2348099685907
2348096208393
2348091846593
2348092936286
2348091770443
2348099079399
2348096996153
2348091275356
2348097409283
2348095594796
2348093336702
2348095535877
2348092416360
2348092551007
2348093026614
2348095365392
2348092155498
2348097169059
2348096894229
2348095337540
2348090558123
2348092655973
2348096588692
2348098256111
2348094786019
2348091069372
2348091538206
2348091323432
2348092417982
2348090940133
2348092011570
2348092640083
2348096553523
2348098104643
2348098591558
2348096342812
2348093679013
2348096312230
2348094611186
2348096019020
2348096576769
2348098600521
2348096172185
2348098578591
2348090072042
2348094377356
2348099059920
2348093985960
2348094280318
2348099026237
2348095583320
2348093466582
2348090540708
2348093977634
2348096273945
2348096560027
2348098423642
2348096546648
2348094900298
2348093603471
2348096080768
2348094260515
2348090312194
2348090660179
2348096975266
2348090524300
2348095998860
2348093863009
2348093696757
2348092303407
2348092083164
2348090675093
2348096636759
2348099366492
2348094778049
2348098543290
2348094293819
2348090104810
2348090353394
2348095302312
2348097957145
2348092958497
2348098198831
2348098947215
2348091761157
2348092216710
2348095788672
2348099502586
2348090773425
2348092771453
2348094386721
2348091586933
2348093669246
2348094072091
2348097505317
2348099702589
2348099891862
2348092918046
2348091947163
2348095826402
2348099527270
2348099403648
2348090670642
2348092729564
2348096870508
2348099071270
2348092405560
2348090115891
2348093622043
2348096292515
2348091831725
2348092729776
2348090326031
2348091618145
2348099763631
2348090819086
2348091109243
2348091053267
2348093440092
2348097425185
2348092904791
2348095536536
2348097105718
2348096960739
2348097839443
2348099063482
2348093706855
2348098459139
2348098726563
2348091327422
2348098428120
2348092329638
2348092916627
2348096905396
2348095229652
2348096336750
2348090349234
2348099625664
2348092945245
2348097888063
2348093415732
2348096997888
2348096456823
2348097820218
2348090311965
2348098825999
2348095381483
2348097047882
2348098163098
2348097108966
2348090453961
2348090078630
2348099307341
2348091337219
2348098351802
2348097529545
2348097891969
2348092539378
2348098011861
2348097286810
2348092504093
2348092945317
2348098469636
2348097019890
2348097661298
2348099759215
2348090579440
2348091602157
2348097550994
2348094571777
2348092137838
2348091323800
2348093594410
2348094710857
2348099916669
2348096296050
2348091698964
2348093481511
2348094355047
2348090910475
2348097397924
2348098262271
2348093107215
2348091480929
2348094660697
2348098787529
2348098844616
2348099427915
2348093978872
2348090620409
2348099935382
2348092694037
2348095890852
2348092375705
2348098915542
2348097593716
2348093025977
2348096863161
2348091072621
2348091521101
2348098220368
2348090526751
2348091939204
2348096892021
2348099694438
2348095059388
2348099984904
2348095882567
2348093786666
2348090837470
2348097742728
2348098527085
2348099100057
2348093095400
2348091034928
2348093461389
2348092269746
2348092586694
2348096194428
2348093304207
2348094173199
2348093463671
2348099005459
2348098608616
2348090023169
2348092864718
2348096969082
2348090015001
2348098150538
2348099779894
2348099976017
2348098693813
2348097339593
2348090069560
2348090230380
2348099593300
2348092949534
2348095412380
2348098830367
2348094844585
2348096062171
2348091786613
2348095022449
2348096278327
2348097517611
2348096443354
2348093975899
2348090754768
2348092644691
2348096186077
2348098516415
2348098774014
2348090423153
2348098569338
2348093584270
2348092937074
2348092203628
2348098177614
2348090338496
2348092858329
2348099691837
2348092046929
2348093690953
2348091270422
2348094612931
2348095791376
2348093451433
2348091207935
2348093420519
2348099528380
2348097203226
2348092549723
2348094134929
2348093653248
2348099186510
2348097589325
2348093676936
2348099909011
2348096652026
2348093706119
2348094738455
2348090082954
2348098833321
2348092035924
2348094881716
2348092096004
2348094757409
2348098906123
2348094602608
2348094019950
2348098026197
2348099997572
2348092447334
2348096480050
2348099275348
2348095518134
2348096743692
2348092121677
2348096939321
2348094681655
2348099855099
2348096916039
2348092563055
2348098147770
2348096639008
2348091973453
2348097729311
2348093088577
2348098498767
2348098244901
2348092914519
2348095233602
2348090517584
2348092727986
2348099547259
2348098765006
2348090209502
2348090044386
2348090987009
2348092389629
2348092450917
2348094526703
2348094628029
2348093227576
2348097458707
2348093959524
2348099310530
2348096073933
2348095285308
2348095778935
2348094569870
2348092915978
2348094903838
2348094378029
2348092098973
2348099184716
2348091677840
2348090350460
2348097710559
2348097430871
2348099460686
2348091254966
2348093528868
2348095955623
2348095518678
2348092616271
2348097745970
2348094624376
2348093569500
2348097109491
2348091900663
2348097579607
2348094524797
2348094872021
2348093905684
2348099580758
2348098927839
2348094639165
2348094933154
2348090379572
2348099725290
2348090914289
2348095130400
2348098400114
2348092720841
2348098744054
2348093452947
2348098997303
2348097282659
2348095621714
2348096726821
2348096505442
2348093331916
2348092057924
2348097920847
2348091914013
2348092909569
2348097485548
2348090167174
2348098892506
2348099590801
2348099623700
2348095166359
2348091784226
2348098845299
2348091731270
2348093937074
2348096911096
2348099193488
2348095002948
2348099201294
2348091053010
2348096191014
2348096990866
2348098642891
2348090981275
2348098272614
2348093595558
2348097980462
2348095187632
2348091924445
2348093132496
2348097776397
2348090773183
2348093312111
2348096391275
2348098947947
2348092336732
2348092565595
2348097558517
2348099379266
2348099479456
2348098173663
2348098975920
2348096283157
2348099057414
2348092587937
2348094386530
2348099073920
2348096970141
2348091347664
2348091477548
2348094773362
2348092085090
2348090078390
2348090743460
2348097701668
2348090453953
2348094376910
2348090803712
2348097750922
2348093244115
2348099589570
2348091563335
2348090180024
2348092302561
2348098013071
2348091964639
2348095301246
2348097095125
2348098343107
2348099845680
2348092019608
2348094899358
2348093236968
2348099003574
2348099449430
2348092138870
2348094112343
2348096928784
2348095517814
2348091794150
2348093981135
2348094026359
2348090254867
2348094508033
2348092983815
2348097561696
2348094035785
2348091586687
2348097911704
2348095640722
2348093486495
2348091682894
2348097760400
2348095396220
2348099301414
2348098180497
2348094601517
2348093714911
2348093371163
2348095919151
2348093272009
2348090643108
2348099378731
2348096382016
2348093921092
2348092426087
2348096073156
2348099158480
2348096682807
2348092816687
2348092884482
2348097120277
2348090649356
2348098298680
2348098758291
2348096973960
2348092680023
2348092757311
2348094363238
2348090324846
2348097451177
2348096522450
2348098318730
2348099044562
2348091326123
2348099556793
2348091395910
2348098961984
2348090964845
2348096391566
2348094280019
2348094706911
2348099570012
2348092182739
2348093626562
2348095323575
2348095816822
2348090316239
2348095051268
2348097507349
2348093258431
2348093601583
2348090211719
2348094199529
2348096509938
2348097909962
2348095108420
2348092380346
2348093230829
2348096669431
2348094815698
2348090457638
2348090802715
2348098179981
2348092553677
2348097838087
2348099701952
2348092801190
2348095895851
2348094148878
2348099797578
2348095246455
2348090073560
2348099010198
2348090071460
2348090306623
2348091158292
2348099270411
2348099663251
2348099572348
2348094622912
2348090609576
2348099728455
2348097985474
2348094803633
2348090927680
2348098448221
2348090890773
2348094478646
2348099417201
2348098311442
2348097428453
2348093597369
2348092303930
2348098678555
2348096730987
2348095691124
2348093572468
2348099171631
2348098601661
2348090560289
2348094412971
2348090541756
2348098483032
2348099948870
2348098017412
2348098339538
2348091951184
2348092859316
2348093616652
2348098992240
2348091320052
2348091758619
2348096613926
2348093262275
2348097460231
2348099756059
2348091367876
2348098742977
2348096727400
2348094891627
2348090370799
2348099815591
2348094370471
2348097705076
2348098545610
2348092811847
2348097752368
2348098844819
2348097575765
2348091047793
2348093272913
2348091520674
2348091202486
2348090394648
2348096180894
2348092135630
2348098199731
2348099109150
2348090195358
2348092646172
2348090807558
2348093270563
2348093620480
2348093451780
2348095840695
2348092615073
2348093732814
2348090020715
2348091062242
2348092383324
2348099469350
2348094751668
2348096205385
2348094416599
2348094978817
2348097542260
2348094482475
2348095856142
2348098172837
2348098182572
2348096983014
2348093746738
2348092312173
2348099554934
2348090813932
2348090008590
2348099248699
2348090327400
2348090038958
2348095323106
2348097905190
2348091122570
2348093655549
2348097449410
2348091966219
2348096943615
2348097984659
2348092790174
2348093520405
2348091785811
2348099342012
2348093858015
2348090073018
2348090210807
2348098989792
2348093278177
2348092159570
2348091066397
2348094584137
2348092754785
2348092461032
2348099153063
2348095287078
2348099387084
2348094401503
2348098473809
2348093920675
2348099911863
2348096960775
2348099608829
2348094973169
2348091665793
2348090197391
2348095867943
2348098826214
2348093113581
2348093055859
2348096677518
2348098745676
2348091447971
2348095101649
2348095805409
2348097845766
2348091843735
2348091897538
2348090350827
2348098892632
2348098794719
2348099267815
2348092592504
2348096775643
2348092149091
2348097749891
2348097662436
2348091082436
2348092207952
2348090554334
2348093196642
2348092444358
2348091111997
2348094499487
2348091596280
2348095466717
2348092026199
2348096584950
2348097321896
2348091552384
2348090476762
2348095757173
2348094583199
2348091628824
2348093886294
2348096069989
2348093798173
2348096479039
2348091327742
2348094801926
2348098358022
2348099293072
2348099434795
2348094431637
2348096992836
2348093420670
2348094810560
2348092489120
2348093634144
2348098786021
2348092465252
2348099769639
2348095774126
2348095271381
2348090689011
2348098263274
2348092866349
2348090084596
2348095827284
2348098313622
2348095843388
2348091308829
2348093791280
2348092674604
2348093031791
2348092277980
2348091280402
2348096948434
2348099010458
2348092329339
2348095441505
2348095847176
2348094726965
2348095025717
2348090692119
2348096038606
2348094411930
2348099084116
2348096213204
2348091392215
2348096925292
2348094506333
2348090199708
2348095610773
2348095025471
2348091244867
2348094263565
2348091618533
2348096438893
2348096915494
2348098031692
2348093488298
2348091745046
2348099567100
2348091903561
2348090450192
2348091621929
2348099929687
2348098980209
2348096990353
2348093365012
2348092623905
2348099418806
2348099752895
2348096729666
2348090789987
2348098509896
2348099085022
2348098588391
2348096427218
2348091794961
2348095001587
2348097067059
2348092307291
2348090060019
2348090169153
2348093743235
2348099773388
2348096204017
2348098195969
2348092705301
2348098865953
2348095235366
2348097581509
2348099004768
2348091147874
2348092263084
2348096691890
2348093879793
2348096132075
2348098637554
2348093415998
2348092357921
2348094532857
2348094223136
2348097433407
2348095145082
2348093513159
2348092024684
2348093321224
2348095214264
2348095908530
2348091100267
2348093019168
2348093430578
2348097864708
2348099613132
2348098073705
2348093122873
2348098627019
2348092668010
2348099804351
2348093604030
2348092032935
2348099226159
2348097589339
2348094122775
2348093598682
2348094022445
2348090680679
2348096690077
2348090548522
2348091634164
2348093790087
2348095517920
2348094905502
2348097586928
2348095308899
2348091106988
2348090748294
2348095558012
2348097985190
2348092629867
2348094124513
2348093933388
2348091835121
2348094414400
2348099389831
2348090935092
2348092326392
2348096898241
2348091087537
2348097490481
2348099170828
2348097848324
2348097341872
2348091060064
2348096400602
2348099565292
2348091323387
2348095451957
2348091403849
2348090756130
2348091581803
2348091972353
2348098071472
2348095791406
2348096661193
2348091186431
2348095233869
2348096008714
2348094430011
2348096260639
2348094846403
2348099005255
2348091067847
2348091431874
2348092187619
2348098103135
2348098228933
2348094903817
2348093836326
2348094027132
2348092214080
2348094536408
2348097309405
2348099401141
2348098693469
2348099339334
2348099167653
2348099282174
2348093873875
2348090818461
2348096720513
2348097451195
2348093406023
2348096040183
2348092940689
2348093598648
2348094841698
2348094488776
2348091376173
2348092546590
2348092124810
2348090644768
2348095546570
2348098681035
2348090842447
2348093689997
2348096481067
2348096550934
2348091810084
2348094941050
2348095408869
2348092970051
2348097841248
2348095480911
2348091549243
2348094855756
2348099027044
2348091010900
2348097435995
2348093563622
2348091813475
2348090986040
2348094500962
2348092165836
2348092506099
2348098458212
2348096120635
2348099658172
2348092777157
2348091272365
2348090738800
2348098266847
2348091616097
2348095873785
2348099826738
2348095719469
2348096404653
2348094012470
2348098957379
2348094523122
2348095330457
2348093157375
2348091332256
2348090330328
2348091201506
2348092304864
2348095388987
2348090338928
2348097123264
2348093798564
2348093059839
2348096273325
2348096771078
2348090255219
2348097897249
2348091651221
2348097805001
2348093457214
2348097182054
2348093203115
2348097177376
2348096154199
2348093371090
2348090186033
2348099543721
2348094969617
2348096597390
2348094034078
2348098726747
2348091697494
2348099787443
2348094472240
2348098887941
2348096931977
2348090734882
2348091941999
2348090274556
2348098439242
2348095097586
2348099952282
2348092660259
2348097108418
2348093937392
2348090820555
2348093135499
2348094432400
2348099860590
2348095372517
2348095490331
2348091471029
2348096624869
2348096924368
2348092944420
2348093513208
2348095065614
2348093742811
2348097043940
2348091328375
2348093754231
2348096047732
2348097902447
2348099736322
2348097940081
2348091301603
2348091710038
2348090453210
2348097739511
2348099166480
2348099214051
2348097183383
2348095841875
2348093400577
2348091732391
2348092312495
2348090721792
2348099414287
2348091043136
2348098198809
2348097922593
2348093085064
2348098828750
2348097226424
2348099263341
2348098813794
2348095502103
2348098042547
2348093369722
2348091553902
2348092482226
2348092655533
2348090175430
2348090032991
2348095194862
2348096590175
2348092640413
2348094768129
2348097401802
2348096870483
2348093240502
2348097334485
2348092212935
2348096601877
2348096616533
2348094289187
2348096798128
2348095199167
2348092068670
2348094614720
2348099414155
2348094071486
2348095659790
2348093668349
2348096661556
2348092577469
2348095787947
2348095602978
2348093902461
2348098590241
2348093802729
2348099339001
2348097724134
2348097406243
2348095730684
2348095668792
2348097524512
2348096051692
2348095517840
2348095542423
2348099845280
2348096880727
2348095487526
2348090317678
2348099498190
2348095847429
2348095749255
2348090921826
2348099871339
2348092919062
2348092893650
2348092567933
2348093276139
2348097651626
2348091218536
2348094251912
2348099048160
2348098660526
2348090924140
2348099734692
2348099492000
2348090722632
2348093360827
2348095589462
2348099107215
2348092560544
2348099922488
2348094055712
2348098341902
2348090330297
2348090885359
2348097640739
2348098420321
2348090612859
2348094991010
2348095587957
2348095081826
2348096984017
2348094260817
2348090648700
2348091846140
2348097193527
2348097884878
2348090946759
2348093951538
2348094127642
2348093857374
2348099906093
2348096264823
2348092283044
2348099487112
2348092005424
2348094837130
2348096049688
2348099182182
2348092079213
2348094563036
2348093416743
2348095518985
2348098269499
2348092240807
2348094726493
2348098378325
2348096501197
2348096149481
2348092768759
2348096908700
2348095001367
2348094750078
2348096791267
2348090777250
2348098254714
2348098912967
2348098016474
2348095047659
2348098993750
2348096165112
2348095175414
2348094445003
2348095727849
2348099080910
2348094863946
2348091779695
2348097494241
2348097428759
2348092398685
2348094826339
2348094827527
2348099841812
2348094797055
2348090430703
2348099354842
2348098439771
2348095095559
2348090475229
2348090409662
2348097084807
2348095694524
2348093766918
2348091949504
2348093338363
2348099662527
2348098823510
2348096413715
2348097002290
2348099123352
2348093193187
2348097316465
2348090725571
2348095243974
2348095136878
2348099692457
2348090194731
2348091700794
2348093698423
2348092828903
2348097740027
2348092510994
2348090246201
2348091116487
2348092509047
2348091400457
2348094718473
2348092447979
2348098942577
2348097650976
2348095611904
2348091040666
2348090027673
2348095738644
2348098015664
2348093818046
2348092723483
2348093760532
2348096045885
2348093378155
2348096684614
2348092301906
2348095011530
2348094257728
2348094940566
2348095939531
2348091842867
2348096547251
2348090842088
2348090369285
2348092640465
2348097424102
2348097670823
2348096224191
2348094618275
2348091395353
2348098224076
2348092656126
2348092780856
2348092878600
2348096249520
2348091400073
2348096281761
2348090619045
2348094537172
2348098274911
2348094674553
2348098893819
2348095295917
2348090882073
2348097685642
2348090128384
2348094950304
2348099677175
2348099182557
2348093748364
2348094337229
2348093617068
2348096510513
2348090607731
2348097478437
2348092595061
2348092607842
2348096364370
2348099455378
2348095924886
2348093442140
2348099772186
2348097466210
2348090389542
2348092663877
2348099532637
2348091359497
2348099407176
2348094033582
2348097280135
2348097654883
2348096295132
2348095671261
2348097587259
2348093142728
2348092823626
2348093401878
2348095274489
2348096053495
2348097375305
2348097664862
2348099711368
2348094831099
2348099706578
2348094457945
2348092728909
2348095168479
2348093510501
2348094738231
2348094634367
2348091174490
2348094801634
2348090224926
2348098027531
2348090899690
2348097139181
2348099933509
2348092673765
2348096269447
2348094727705
2348093652476
2348099455401
2348093983874
2348096794603
2348094895358
2348095684229
2348095070971
2348097483530
2348092581993
2348098045234
2348096285599
2348094884208
2348093598204
2348091526362
2348092837966
2348098424124
2348094880589
2348095571678
2348092444515
2348090182811
2348098727639
2348091025138
2348097912896
2348096711566
2348096970282
2348094900177
2348094111988
2348090837974
2348099241124
2348093637133
2348091834675
2348092752792
2348092837417
2348092774724
2348092398201
2348099662743
2348099718910
2348099240168
2348098728964
2348094721540
2348096348962
2348092989463
2348098143402
2348095572943
2348099229671
2348092448823
2348097720390
2348094339069
2348093065716
2348097344790
2348090782572
2348094287463
2348097531152
2348094130532
2348093516556
2348090410933
2348093107829
2348099370756
2348090154938
2348092296624
2348098555071
2348095800003
2348099750389
2348093474467
2348091084951
2348092716006
2348091761697
2348094788570
2348098163554
2348095571404
2348093023263
2348099968219
2348091665429
2348098506255
2348092856769
2348093527045
2348090089010
2348094982227
2348099718199
2348091517902
2348092546067
2348095942371
2348091721810
2348091532564
2348093110317
2348094954169
2348091917016
2348099285754
2348099718240
2348090380794
2348092403683
2348094391977
2348095770098
2348094369031
2348094802428
2348097256633
2348093800850
2348099237669
2348095163762
2348092095060
2348096830556
2348094179178
2348097779848
2348090480240
2348092935558
2348095265851
2348097673916
2348093621195
2348095163573
2348093154502
2348091767790
2348092852187
2348090280402
2348090122298
2348098505056
2348092088637
2348090453521
2348093126533
2348098548584
2348090979354
2348090208789
2348094588433
2348094409947
2348093370442
2348090562869
2348099231784
2348096064327
2348097160874
2348098371956
2348095582241
2348096273659
2348099769887
2348099762903
2348095486406
2348095607985
2348096250318
2348095842828
2348091701989
2348093970833
2348090830522
2348092232238
2348092888936
2348099614752
2348094315187
2348091494964
2348098046029
2348092689005
2348091087813
2348090700008
2348096315170
2348094824135
2348091663197
2348091609808
2348094781544
2348096065309
2348091981445
2348099726070
2348090385961
2348095229082
2348094034538
2348090825825
2348097981293
2348092724855
2348099503968
2348098577636
2348090613040
2348096981795
2348096790981
2348096608514
2348094221619
2348091792336
2348097295927
2348094893699
2348099091186
2348092091009
2348095306309
2348099617613
2348099039058
2348094889028
2348090016128
2348091772636
2348094125052
2348097555308
2348094065317
2348098037571
2348096117140
2348090818726
2348097473229
2348092484961
2348093109999
2348092553914
2348096115915
2348090535925
2348097637382
2348091122030
2348091616980
2348094144045
2348091865026
2348093922284
2348096187174
2348095185380
2348091586551
2348097221614
2348091963107
2348096402818
2348094071189
2348097123717
2348097431947
2348090251104
2348090175802
2348096823448
2348098271444
2348091417764
2348091205637
2348090014031
2348093865228
2348095585361
2348098972312
2348099052572
2348094540711
2348096867404
2348097989237
2348099995029
2348095408413
2348096318365
2348090993288
2348093950898
2348092249557
2348097251194
2348092650235
2348095216255
2348098573475
2348097172914
2348095523053
2348092892880
2348097346710
2348092585174
2348095755662
2348095716505
2348092431963
2348093419053
2348096729216
2348098335362
2348097513911
2348095730524
2348094567633
2348094404369
2348093733958
2348095310947
2348097820986
2348093767644
2348090802185
2348096634742
2348097324004
2348092574505
2348094502510
2348091720327
2348096375785
2348097394033
2348098684102
2348097728373
2348090660058
2348096112995
2348092956483
2348094623880
2348096269075
2348095014556
2348090143647
2348097682048
2348090592483
2348091637927
2348098981125
2348090684406
2348094069983
2348092848307
2348094809987
2348097328897
2348099266396
2348099076317
2348093318996
2348097823555
2348091302078
2348094507899
2348099127631
2348094394946
2348099473954
2348097411971
2348096329639
2348098837750
2348093017872
2348096773402
2348091604490
2348097348764
2348099809102
2348098234646
2348099837546
2348098049197
2348090333105
2348091401689
2348093054713
2348093523808
2348096875328
2348090394167
2348095306179
2348093559445
2348097013444
2348093150195
2348090258029
2348096496353
2348097740368
2348090988487
2348093035103
2348092764849
2348091132252
2348096176770
2348097183880
2348097531028
2348091345254
2348093028408
2348093717861
2348099864581
2348096121140
2348099339927
2348092997009
2348093465110
2348091792372
2348094776139
2348093430796
2348099543914
2348094462822
2348094881198
2348098310705
2348090756676
2348098459624
2348090030726
2348095912528
2348099428414
2348097152485
2348097033862
2348090576391
2348097994692
2348091303655
2348090961155
2348099018212
2348095554283
2348097835856
2348091300193
2348094630427
2348099895989
2348091086260
2348093979592
2348098802577
2348098992981
2348093728323
2348098341755
2348095524468
2348097355987
2348095298488
2348092409619
2348092375898
2348090005087
2348096961655
2348097246503
2348092231887
2348098277710
2348093027111
2348096953324
2348098903262
2348094164172
2348094435267
2348091480137
2348097181416
2348099876079
2348098909409
2348096514077
2348093641082
2348093953338
2348094391029
2348093015478
2348095241525
2348092309307
2348098138952
2348099009659
2348099071785
2348097107718
2348094758596
2348098247635
2348091036093
2348093389064
2348095411589
2348093602438
2348091249809
2348094205064
2348090582019
2348093943595
2348094538528
2348099101683
2348096646140
2348091908964
2348093346297
2348092531360
2348099581239
2348090491729
2348098399607
2348099086775
2348098153234
2348090955184
2348095226742
2348093164981
2348095056478
2348090271059
2348095423808
2348097706297
2348093979230
2348098342779
2348095930132
2348093207751
2348096106010
2348095443993
2348096174741
2348097457011
2348095907848
2348098797129
2348093754516
2348098745298
2348091906799
2348094962322
2348091621620
2348091113988
2348094384452
2348096032107
2348099577664
2348092517991
2348097667609
2348098055856
2348094628270
2348092407384
2348097789790
2348090261513
2348095506724
2348093785361
2348097930811
2348099040114
2348093005291
2348092750780
2348091811457
2348093676196
2348098459976
2348095054339
2348094570914
2348091901005
2348092340348
2348092064248
2348095690495
2348099875068
2348092617362
2348098347468
2348096635278
2348090208488
2348091377502
2348098450931
2348096048288
2348096682496
2348098982314
2348092657020
2348094346782
2348090946614
2348097034345
2348095097332
2348096442443
2348096345320
2348091174522
2348092564616
2348090888107
2348094001209
2348097242831
2348092401754
2348091106466
2348092369476
2348098262708
2348095525010
2348094764785
2348096069734
2348090550073
2348095687204
2348094324682
2348097388423
2348096468753
2348091137226
2348098589761
2348094886074
2348091968549
2348098189728
2348091670582
2348093800088
2348092504544
2348097432215
2348097323381
2348091955510
2348096096120
2348096084063
2348097628845
2348096574649
2348096547168
2348097549201
2348094656946
2348099606600
2348093727155
2348091419672
2348097623474
2348091391664
2348090230492
2348092157074
2348092820559
2348093652514
2348097307750
2348098338793
2348096427832
2348090672301
2348092540193
2348090921357
2348098512984
2348097913874
2348094194210
2348095419520
2348096938985
2348092172526
2348099909060
2348099822937
2348099665320
2348093689461
2348094950352
2348093887013
2348094299602
2348096192696
2348092719369
2348097870130
2348099910895
2348093700948
2348093462307
2348092110621
2348093608856
2348094734381
2348097224401
2348099646593
2348097660867
2348092495747
2348094938667
2348097088127
2348096913701
2348095528215
2348090413288
2348095470889
2348097310795
2348090916467
2348090674399
2348099651424
2348092771781
2348096554729
2348092471840
2348094602159
2348090734620
2348093056836
2348099093688
2348099903361
2348094614357
2348092014206
2348097890612
2348095030589
2348097917623
2348091018746
2348096894646
2348096188445
2348093349814
2348099095458
2348096235568
2348095134027
2348094994927
2348092066745
2348091352329
2348091459113
2348095954599
2348093090604
2348096746197
2348096146466
2348097235828
2348091228842
2348092586675
2348099050699
2348098750670
2348095706290
2348095478504
2348097188256
2348094489652
2348090449586
2348090052537
2348094641234
2348096661327
2348090373031
2348094645029
2348098666749
2348093352807
2348096273282
2348090883279
2348090513350
2348098125367
2348090204688
2348092849864
2348093564447
2348094380367
2348096482941
2348090491770
2348093655913
2348099770767
2348092930147
2348096302698
2348098062036
2348096774928
2348097808818
2348096608049
2348097780318
2348094398538
2348099705662
2348095886020
2348093952931
2348091317915
2348093012056
2348098164937
2348092629912
2348095396035
2348092054236
2348096294840
2348097703223
2348090216742
2348092690160
2348099587086
2348090238292
2348093564873
2348099998449
2348094494834
2348090344702
2348099641551
2348092941413
2348092246029
2348097663988
2348096754826
2348099682232
2348098070223
2348095644549
2348099425750
2348099541427
2348098107047
2348095086647
2348094400841
2348095133822
2348093251280
2348098736906
2348096837429
2348091138257
2348096543148
2348098952013
2348090131533
2348094947113
2348092988224
2348092213608
2348098069124
2348094858356
2348092371825
2348096354824
2348098526078
2348093654409
2348093655095
2348098521316
2348095860912
2348091030691
2348095896002
2348098748000
2348098437720
2348095056316
2348095658596
2348092414689
2348097993566
2348091794006
2348095716036
2348098441641
2348095469144
2348096742079
2348095537549
2348098574105
2348090229279
2348093564240
2348090394087
2348090898377
2348098476419
2348098582559
2348091423333
2348099711842
2348094373319
2348099577100
2348097667878
2348098189617
2348096491729
2348097826390
2348090401059
2348093948862
2348099507823
2348092871582
2348096178953
2348097475481
2348099192981
2348091642554
2348096875428
2348098529986
2348098894572
2348095569653
2348094258010
2348097221264
2348098931028
2348097222652
2348099216782
2348090193635
2348090770047
2348090297009
2348093518370
2348092293018
2348090103433
2348093012043
2348094439457
2348099184094
2348095155073
2348094888608
2348095441178
2348098280448
2348096473739
2348093970169
2348094401151
2348090862553
2348092723655
2348095726487
2348091259934
2348097595559
2348091475747
2348096886958
2348091103380
2348092740564
2348097205567
2348095353607
2348095735528
2348096152058
2348091289036
2348096480190
2348093599321
2348099533550
2348097557934
2348091501087
2348090066099
2348097780385
2348094282064
2348096229172
2348094185246
2348093460595
2348094403782
2348094562229
2348091754090
2348099606573
2348093404984
2348098782027
2348096272689
2348091572252
2348093043615
2348091465142
2348093698075
2348099293715
2348090161786
2348099395318
2348095881883
2348093743451
2348090358547
2348099425741
2348090137066
2348095589435
2348090252322
2348095172914
2348099524007
2348098202135
2348092306469
2348098085953
2348092732933
2348090947487
2348092255120
2348098413648
2348092689327
2348090164411
2348098636479
2348092907845
2348091701285
2348093023960
2348099408500
2348090087535
2348093876957
2348092287451
2348097332926
2348093483583
2348094126539
2348094179915
2348091338764
2348090677597
2348096611372
2348097319170
2348092240996
2348097784725
2348090561994
2348094210435
2348092287440
2348094778004
2348096816026
2348092566262
2348097053828
2348093650555
2348097624835
2348091972948
2348093361411
2348096533719
2348091214742
2348099220782
2348095191293
2348099312709
2348099925916
2348099257658
2348093876406
2348098451324
2348095544847
2348094174913
2348091905532
2348098214259
2348091837973
2348095568447
2348093209913
2348098840207
2348093356023
2348090739525
2348098708703
2348094426265
2348093736370
2348097351430
2348096162549
2348095268875
2348096407984
2348096751260
2348097113178
2348098704774
2348091764721
2348094032603
2348091612717
2348095147354
2348095008656
2348091431234
2348090564751
2348098354865
2348090852040
2348099534249
2348098645794
2348095393071
2348097175434
2348098075438
2348099797915
2348091128675
2348092274140
2348095593822
2348094382020
2348098252034
2348093571580
2348097697351
2348099135610
2348091080623
2348095626355
2348093534183
2348090422316
2348093316588
2348090268405
2348094262370
2348099272605
2348098582895
2348096932587
2348094340043
2348098616688
2348098739137
2348096997243
2348099124782
2348098159443
2348092569666
2348099076594
2348099102673
2348098916136
2348091321097
2348094555422
2348094707203
2348097925435
2348090039282
2348095268191
2348092415399
2348099803298
2348094550387
2348090900077
2348095864928
2348095720702
2348095315299
2348092247668
2348096334336
2348094174176
2348090312552
2348091896212
2348099172695
2348097293929
2348099375302
2348090268690
2348093035176
2348095843556
2348098207923
2348091020588
2348097136293
2348097761389
2348093551694
2348098968750
2348099954657
2348090850169
2348097389220
2348098546912
2348099293231
2348091471252
2348093511539
2348097408907
2348091720926
2348097856672
2348095558376
2348097492766
2348092423950
2348092490515
2348094362327
2348090955159
2348091629481
2348097454530
2348091255915
2348098890173
2348094221158
2348090284485
2348090787145
2348093772196
2348091150577
2348092886496
2348099418826
2348094939392
2348094241189
2348099498735
2348098144566
2348093208507
2348096498601
2348097011335
2348099995991
2348098847687
2348097854169
2348091673701
2348099474236
2348097300753
2348098193853
2348093403473
2348091727617
2348097166017
2348091725698
2348099226319
2348093538262
2348094795201
2348092960052
2348090244911
2348099162485
2348091962992
2348093432949
2348090280412
2348099412946
2348095183657
2348098337808
2348099595890
2348093842862
2348095874217
2348095130621
2348096312163
2348090719627
2348099057152
2348090935734
2348092394482
2348095991239
2348095470346
2348099143274
2348092134104
2348093549329
2348094910288
2348098561217
2348093526132
2348095563367
2348090170872
2348095778141
2348099475199
2348095154197
2348099210464
2348091641274
2348099610482
2348098583216
2348093361549
2348096749756
2348098927719
2348095243521
2348091404950
2348097853026
2348091594456
2348097709120
2348097861184
2348090577029
2348094941279
2348092626999
2348099427064
2348090755165
2348093241266
2348099526217
2348099678455
2348095100597
2348096374124
2348097602516
2348093910066
2348091261662
2348093483095
2348097490820
2348091958449
2348095197664
2348093324604
2348094806808
2348091191930
2348092254853
2348098889669
2348095138322
2348091274377
2348090504975
2348096051689
2348096144898
2348093874884
2348099162846
2348091786818
2348091886848
2348098330746
2348093622710
2348095493525
2348090663288
2348091093748
2348093319054
2348099658305
2348098136265
2348093476735
2348091279253
2348095414463
2348095795894
2348097952501
2348090390464
2348097632032
2348090626018
2348092215402
2348090595813
2348093226143
2348094556838
2348099011255
2348091608077
2348092889017
2348097425853
2348094468336
2348090990084
2348092100628
2348097875072
2348099958265
2348097347854
2348097737652
2348099162454
2348094868776
2348095552085
2348099780082
2348097181601
2348092710112
2348097678215
2348099398650
2348092661231
2348099210957
2348095055607
2348098472802
2348090713964
2348099149287
2348096099575
2348090136885
2348094757545
2348093063380
2348095075830
2348096431435
2348095466007
2348098064182
2348098961045
2348099277579
2348094843333
2348093528801
2348098418000
2348095169380
2348098228296
2348095010162
2348090472753
2348096397939
2348091997724
2348097313949
2348099379156
2348098568855
2348090833231
2348097400848
2348093639809
2348097566632
2348098707800
2348097767532
2348094534660
2348094872508
2348098409780
2348095182348
2348092302234
2348096794756
2348094755112
2348099657429
2348093021450
2348092986920
2348090539956
2348096389582
2348098859454
2348093473349
2348091715420
2348097695588
2348090013450
2348094893441
2348093238099
2348094287164
2348098546374
2348098373472
2348099881582
2348096804483
2348090284424
2348091407980
2348097030385
2348095566202
2348097709892
2348094623860
2348094637578
2348090690307
2348093946263
2348094213202
2348091324307
2348093993589
2348090475891
2348098028345
2348090390401
2348097726048
2348090631311
2348098554608
2348095916627
2348096230514
2348099358459
2348090795785
2348097085042
2348098187959
2348092607379
2348090304179
2348098240208
2348092420860
2348091056287
2348097055561
2348092669646
2348099993044
2348099775293
2348093254046
2348090031475
2348098563967
2348092215732
2348096576351
2348094309997
2348099703405
2348095761491
2348099619915
2348098506954
2348090522641
2348097530488
2348095482966
2348097704601
2348090671034
2348093059545
2348094675270
2348094631931
2348094160157
2348090700416
2348091441596
2348093755627
2348097511596
2348095258944
2348099277318
2348096605105
2348096027688
2348095593067
2348091702101
2348091709127
2348097875944
2348097631782
2348099518911
2348093853472
2348099217902
2348092612947
2348099115107
2348090555878
2348097196524
2348092745004
2348097751356
2348099169918
2348091354920
2348096127137
2348095304600
2348098191460
2348090213241
2348097249937
2348090777096
2348098754788
2348092782307
2348096125701
2348099514200
2348098698948
2348090502495
2348094645648
2348097110658
2348092095120
2348099277634
2348097273715
2348091427421
2348099236773
2348093384993
2348094750120
2348092522182
2348095907947
2348096667481
2348091507139
2348091444796
2348099311372
2348090306485
2348091009257
2348093259742
2348096154287
2348098758197
2348098283124
2348093403577
2348099026606
2348098197628
2348095913395
2348093395417
2348095250910
2348090698263
2348099542148
2348094609366
2348094301648
2348093068258
2348092971510
2348091432808
2348092140706
2348090907753
2348097409094
2348090502019
2348091425203
2348098691722
2348093449010
2348096886615
2348090684206
2348099233480
2348096072385
2348095499478
2348096729973
2348091814318
2348096723833
2348091614394
2348099059840
2348099578620
2348097142000
2348096842256
2348095551727
2348093104491
2348090499424
2348097043266
2348099659316
2348092946179
2348090500486
2348094766656
2348092362043
2348099017662
2348091127421
2348099769680
2348096749128
2348094824681
2348097082762
2348094763738
2348094251815
2348092186538
2348090759137
2348098059824
2348090178347
2348092420589
2348094188216
2348095185684
2348098263963
2348090042790
2348091814701
2348093623311
2348090786652
2348090061423
2348096709269
2348094825416
2348091732377
2348091381683
2348090597777
2348095776453
2348091505710
2348097025537
2348093257967
2348094904229
2348095050861
2348093748132
2348091193853
2348090699831
2348097827286
2348093278510
2348095618624
2348092031053
2348091749271
2348093655323
2348093969799
2348098594626
2348096782262
2348094033738
2348094129389
2348099962503
2348096002603
2348095997220
2348099166036
2348094055272
2348093619985
2348090789580
2348093358786
2348099889770
2348095422094
2348090886216
2348097183644
2348090592217
2348090742859
2348098775102
2348095033089
2348099078520
2348090020931
2348096440392
2348090537997
2348099434237
2348091502966
2348099780942
2348093862827
2348097332104
2348098856856
2348092837776
2348095712438
2348091148940
2348096770420
2348098349079
2348093080038
2348091038807
2348095602526
2348093238156
2348091978413
2348095955276
2348094668781
2348093036024
2348099303169
2348093475081
2348093769996
2348091445232
2348095611130
2348093409633
2348098537676
2348091934764
2348097311049
2348094979158
2348091738020
2348093964525
2348094413039
2348091589739
2348092065643
2348094540921
2348093766995
2348094198299
2348091392364
2348090634841
2348092917192
2348098001551
2348093312309
2348093779741
2348094229819
2348098346445
2348097934143
2348093783079
2348090833694
2348095352783
2348091214016
2348093285781
2348096227154
2348093045545
2348097480871
2348096432068
2348095610527
2348097117058
2348099680517
2348090393752
2348097623236
2348098400512
2348091364597
2348098398641
2348099550929
2348090012349
2348095350280
2348097790537
2348091242917
2348099636167
2348097265931
2348094360260
2348099099401
2348093162556
2348098270747
2348096618631
2348092446450
2348094195127
2348093764096
2348093018081
2348093085764
2348092505631
2348093425289
2348090699880
2348099940292
2348096357332
2348091268237
2348096747888
2348094823412
2348094960676
2348097320145
2348092136077
2348099690105
2348097155524
2348093723403
2348099990003
2348090162088
2348099839187
2348094779437
2348092232196
2348097094501
2348098049293
2348091399367
2348095493507
2348099167029
2348097214319
2348097530377
2348093025262
2348093646014
2348090078968
2348092153550
2348097961399
2348092880634
2348093584398
2348098310883
2348094476552
2348093973619
2348094394994
2348098649296
2348098501746
2348097990753
2348094004963
2348094713047
2348090607493
2348095270570
2348097292396
2348097031832
2348097985991
2348096146939
2348094614656
2348090091363
2348096819000
2348090541718
2348094581744
2348093906457
2348097523061
2348095493527
2348097242221
2348091968034
2348090500860
2348092316594
2348092899259
2348096901748
2348090991183
2348090873148
2348097990390
2348097880793
2348091133455
2348091770205
2348096024302
2348099120452
2348091698971
2348092852911
2348092946095
2348094103371
2348097353696
2348092428403
2348091520606
2348093385850
2348095656779
2348094575273
2348093412977
2348092657182
2348098222558
2348097059510
2348096278024
2348094479171
2348099604883
2348092330171
2348096521166
2348095957796
2348091155417
2348096358870
2348097809791
2348099387329
2348097009291
2348091313752
2348095352424
2348097154364
2348091564222
2348090885473
2348095096731
2348090447839
2348097659342
2348094354565
2348098909371
2348090441953
2348097613500
2348092159944
2348098651797
2348091703658
2348094928217
2348095261904
2348098949245
2348094780784
2348095200759
2348097007379
2348097171533
2348094662095
2348096899990
2348091776635
2348096608958
2348095056078
2348097230158
2348094028470
2348094155335
2348091169741
2348095857274
2348092153247
2348098089234
2348099745714
2348094031936
2348097632585
2348091768009
2348099706359
2348098100224
2348090769978
2348094687747
2348092717569
2348096271581
2348099725571
2348099872521
2348093109027
2348093627602
2348099423200
2348097103398
2348090182575
2348095059127
2348092128968
2348091587515
2348091761829
2348097770578
2348099844370
2348091517780
2348095207862
2348090696111
2348097175023
2348094286238
2348090368285
2348095816076
2348097649823
2348095774032
2348094228340
2348099662056
2348091184435
2348095004343
2348091701083
2348099199706
2348093441783
2348090210256
2348090246746
2348095460157
2348092083042
2348096133859
2348093816036
2348095139926
2348096686064
2348091328851
2348096926329
2348091396096
2348091027654
2348092269734
2348092016738
2348095656335
2348091245318
2348092381914
2348095544264
2348099353352
2348097665542
2348096680472
2348099456134
2348096739250
2348098542084
2348093573455
2348095818636
2348096411205
2348094460447
2348096765971
2348094899145
2348090845427
2348097728933
2348091905970
2348099112419
2348092279248
2348092110104
2348091782913
2348094758863
2348098451758
2348095350677
2348094361664
2348098088300
2348098821131
2348098742025
2348096250831
2348098826938
2348093130222
2348094519859
2348094423861
2348098046301
2348090745328
2348096047875
2348099978931
2348098310861
2348094539052
2348091665729
2348093484803
2348099501250
2348090124780
2348095198093
2348098471912
2348096568342
2348093013320
2348090582393
2348095932353
2348094998514
2348097781059
2348090414641
2348092541244
2348096914814
2348092807794
2348090859633
2348093584757
2348097199766
2348093920633
2348094170957
2348092280009
2348090478699
2348094407199
2348094684980
2348093513259
2348094672126
2348094552138
2348090926975
2348093879267
2348090151591
2348099163321
2348099691413
2348093478565
2348094365028
2348091302870
2348095964606
2348091941382
2348092679591
2348096356658
2348090864263
2348091039488
2348094297458
2348096918159
2348091563700
2348094810354
2348094749603
2348092702241
2348092984778
2348098388109
2348099842641
2348098727877
2348098381921
2348097351740
2348097441513
2348095474252
2348091581880
2348091921840
2348099388999
2348099942082
2348092840535
2348094057365
2348097981433
2348092906192
2348099596673
2348095192771
2348093793802
2348094669529
2348094718323
2348093278213
2348093564872
2348091290751
2348098646974
2348096194970
2348091827568
2348090748925
2348095552816
2348093470859
2348098132846
2348091526710
2348094645075
2348094893658
2348093230754
2348097163504
2348095982857
2348094687447
2348096992962
2348099718558
2348097882800
2348094624123
2348094562743
2348098374355
2348099407358
2348092447999
2348098500546
2348093860666
2348098629069
2348092973947
2348097948751
2348091083458
2348093830790
2348094221664
2348097276790
2348092086130
2348096195458
2348092172427
2348096555918
2348097014202
2348091684578
2348093340920
2348095120842
2348093081747
2348094519364
2348099721488
2348094227060
2348097462179
2348099027317
2348098490547
2348095915141
2348095166813
2348094796588
2348091992847
2348093568181
2348099482981
2348097398994
2348093801618
2348098301532
2348097333578
2348090517562
2348095283160
2348094478811
2348096298079
2348096391011
2348099633060
2348096965826
2348095699355
2348090611671
2348090125450
2348091876392
2348099579225
2348097252090
2348092461869
2348094174865
2348097947113
2348091074301
2348093418886
2348095409115
2348095441714
2348094817032
2348092183525
2348097153326
2348093454341
2348098595383
2348098297281
2348091805153
2348090605142
2348094398939
2348098587144
2348094146243
2348090864664
2348097094654
2348098525463
2348091248778
2348099376166
2348098638791
2348097439396
2348090335398
2348096235917
2348091679056
2348094446662
2348099508314
2348090867762
2348092181161
2348091087431
2348097827092
2348096220338
2348093341948
2348097416745
2348091837277
2348097685930
2348092430061
2348098059910
2348099937745
2348095752154
2348092419765
2348093229830
2348096222171
2348099154387
2348093866351
2348094852102
2348092843950
2348093408758
2348092965069
2348097125154
2348096586688
2348094854866
2348096007501
2348095637987
2348099408534
2348090700397
2348093887218
2348096141234
2348090025403
2348092048115
2348096703229
2348098315125
2348093822772
2348091279821
2348095611691
2348094036250
2348092922839
2348095632053
2348096332697
2348090155750
2348092639118
2348099647095
2348095918518
2348096746122
2348095723220
2348093568953
2348092044274
2348090562297
2348092842936
2348092105867
2348091040146
2348094026390
2348096075094
2348092886042
2348094785981
2348095752997
2348099876550
2348090694325
2348098690739
2348092427826
2348094706618
2348090338578
2348096655523
2348095791503
2348098868986
2348099663025
2348094797127
2348098046882
2348098569956
2348094728907
2348099669711
2348098269643
2348094815051
2348097580059
2348094316343
2348091745607
2348098887540
2348091944433
2348099693071
2348097859903
2348090092837
2348097189003
2348090473173
2348092098632
2348096045757
2348090570619
2348097353117
2348090180511
2348099236030
2348093584380
2348098453058
2348095543549
2348097096408
2348095845994
2348097745394
2348099729224
2348091427067
2348099026147
2348094643032
2348092091887
2348095968882
2348097603000
2348099504383
2348098163267
2348095174801
2348098352730
2348099773291
2348099355124
2348090001171
2348091062629
2348098379725
2348092315481
2348092192679
2348099881404
2348090304563
2348096588291
2348091786134
2348092721027
2348097109853
2348090351208
2348098181628
2348099994807
2348095870745
2348093223859
2348094651179
2348097672387
2348096464820
2348097929384
2348092254022
2348090535944
2348093241760
2348097670134
2348098663971
2348091349027
2348098936916
2348091127856
2348096175208
2348098802063
2348091144371
2348095315994
2348090815373
2348092539525
2348091408028
2348092960282
2348091574263
2348095793766
2348094531731
2348099765820
2348094394151
2348090273916
2348096879031
2348096255951
2348098013730
2348091837451
2348097709872
2348097608263
2348097541972
2348097174785
2348090061588
2348097883146
2348090608105
2348098530865
2348093249520
2348094189133
2348091360606
2348094928579
2348097521565
2348096761344
2348093209716
2348095297364
2348091661050
2348090026812
2348090595745
2348097907008
2348093510637
2348095754629
2348090362463
2348095917955
2348099641047
2348090323382
2348097320202
2348096831217
2348096213406
2348097358069
2348097298640
2348092452253
2348094666311
2348099490342
2348095987717
2348095560402
2348095940837
2348090921630
2348098479477
2348091901756
2348097994032
2348099039252
2348096140325
2348093112128
2348090621324
2348097628355
2348092194647
2348090744280
2348090669221
2348099212184
2348090171081
2348096473476
2348097139970
2348097011695
2348094511975
2348097304759
2348092810096
2348094885199
2348094032657
2348091807417
2348099454236
2348099849092
2348096582325
2348097764382
2348099339647
2348091837019
2348090667627
2348092121581
2348094843739
2348099764815
2348090870357
2348091330602
2348094140921
2348091700612
2348092758553
2348091938627
2348099703428
2348091133099
2348092617696
2348093839484
2348096374584
2348090142238
2348093185526
2348092631133
2348093204396
2348097262422
2348095783014
2348098385565
2348096694168
2348098893081
2348092216918
2348092924912
2348096392102
2348090075131
2348098252326
2348095285960
2348095286826
2348094802022
2348091517177
2348094898112
2348099109894
2348092413741
2348096897197
2348096363593
2348095731406
2348096701981
2348099805253
2348093335596
2348098429888
2348094303869
2348098385822
2348094746521
2348091068348
2348098773644
2348095369670
2348093630613
2348096565315
2348093970466
2348091052859
2348099319520
2348096606974
2348096938794
2348097059634
2348098238202
2348091271713
2348098353858
2348093118496
2348095556858
2348095694414
2348099136210
2348094665764
2348092030878
2348094825980
2348097150789
2348094967823
2348093123888
2348091525225
2348091422782
2348095431786
2348093339085
2348095168122
2348093655317
2348094826725
2348091029305
2348094865684
2348096534179
2348091734880
2348092035163
2348095089415
2348092165753
2348096366220
2348098854604
2348099932533
2348094350865
2348098277812
2348098424431
2348090676071
2348091567045
2348099750472
2348099410349
2348097200734
2348092313443
2348098923604
2348095012845
2348091354905
2348095762452
2348095473701
2348097566271
2348098820520
2348095130870
2348093161596
2348090655880
2348094954547
2348094876383
2348090944372
2348097317419
2348098819344
2348098643654
2348090084275
2348091334240
2348099156559
2348098360338
2348092753643
2348091851680
2348099737494
2348090099328
2348097462750
2348096666398
2348099901571
2348099879847
2348092799489
2348094692715
2348098211561
2348098189140
2348092472973
2348097431500
2348090237491
2348091950380
2348092948251
2348090349545
2348095083788
2348097306631
2348096728362
2348095149236
2348097672602
2348095544709
2348090978981
2348094299629
2348098989063
2348093992770
2348090531467
2348093602476
2348090504602
2348096656665
2348093209247
2348098303631
2348092093384
2348092496197
2348092201899
2348096844511
2348096643866
2348099156930
2348091747129
2348099155532
2348093454107
2348091816204
2348098040757
2348095459060
2348091187765
2348091887996
2348095228839
2348093632759
2348098814251
2348092087612
2348094889070
2348099535791
2348099885157
2348090335869
2348094530080
2348091408910
2348096667257
2348092483857
2348090029070
2348092991875
2348098924052
2348098162431
2348098092122
2348094110502
2348097386190
2348091692141
2348099427197
2348090360214
2348096087640
2348091274591
2348091950112
2348098100099
2348098722785
2348091604503
2348091776150
2348096326564
2348091472286
2348096880426
2348097853485
2348098767966
2348098664232
2348099056723
2348093793426
2348092637390
2348093225494
2348093099175
2348096920444
2348099203478
2348094511425
2348091990553
2348095057978
2348092502869
2348093176663
2348094837207
2348093876832
2348092639755
2348097391251
2348097634503
2348098873224
2348094024590
2348094167075
2348090780714
2348095510204
2348094976025
2348090621271
2348095905467
2348099424659
2348097008168
2348099750030
2348097183642
2348097326280
2348090313827
2348096133938
2348090479803
2348096975844
2348092888328
2348095776090
2348092071027
2348097773008
2348092432708
2348098251793
2348091974621
2348091323768
2348092856922
2348093092734
2348090150702
2348096002385
2348093714680
2348097896585
2348094488185
2348099278707
2348091353381
2348099720352
2348096377793
2348092715740
2348092010400
2348091263941
2348092223013
2348099272469
2348094216091
2348092268271
2348097905518
2348092596466
2348094811192
2348092260270
2348095412862
2348092814326
2348099489393
2348097397814
2348098124122
2348093700428
2348099764879
2348099211202
2348099290739
2348092411270
2348096215839
2348094107178
2348099928906
2348096003347
2348091816324
2348091228888
2348092895891
2348097299898
2348092260675
2348094041479
2348091485910
2348091824438
2348090838268
2348090580072
2348098794243
2348092702503
2348098868566
2348097549998
2348095554994
2348098468293
2348090501370
2348091207878
2348099583281
2348094097879
2348093932620
2348096490044
2348096871598
2348095096868
2348097521389
2348091702912
2348098352354
2348094283032
2348094248295
2348093494558
2348095299243
2348095020255
2348099000053
2348090942970
2348096244169
2348097764218
2348091110228
2348091246632
2348091491163
2348092911122
2348096157115
2348090664201
2348097857086
2348096628648
2348093582269
2348098913396
2348094361216
2348094706198
2348092852022
2348098070897
2348093910899
2348099541759
2348093682636
2348098495894
2348095620067
2348096800109
2348090288808
2348096299117
2348097020627
2348097618474
2348093066207
2348093270629
2348092838266
2348091006544
2348096070417
2348098473423
2348090027469
2348098014182
2348092602907
2348092738222
2348095879118
2348095466720
2348096262658
2348099563866
2348091035332
2348096342873
2348090972425
2348095921337
2348096109006
2348098282381
2348094868768
2348098642434
2348090030308
2348094510484
2348096030045
2348098616452
2348091693203
2348090617127
2348095392665
2348092663316
2348090013684
2348090787440
2348090258289
2348092378249
2348091846584
2348095595521
2348097609878
2348091316120
2348090881504
2348097040221
2348091254889
2348090582057
2348093779199
2348099433864
2348099179148
2348099808238
2348091221959
2348098388689
2348091939507
2348096874040
2348090896023
2348092456449
2348091467802
2348096993561
2348096281293
2348098443202
2348091065136
2348092697680
2348093107940
2348095534584
2348095582773
2348092131712
2348097550634
2348099573186
2348094434909
2348093410236
2348097500862
2348094696692
2348092023032
2348095844145
2348093326820
2348090465101
2348090391545
2348091554720
2348093864446
2348098107308
2348095122786
2348097679019
2348094269112
2348099568814
2348095803347
2348099222030
2348098747589
2348097033123
2348094919448
2348091725315
2348098591488
2348094715050
2348099226445
2348092179461
2348099717566
2348097034079
2348099747828
2348092836997
2348099167752
2348094540304
2348095602012
2348098829538
2348098163457
2348092490019
2348095693403
2348092463391
2348098955119
2348090785030
2348097335434
2348098851718
2348095159651
2348096654169
2348097646857
2348094418585
2348093888714
2348090516008
2348095018228
2348092822699
2348098812915
2348098563333
2348094434789
2348092899506
2348099248314
2348096807303
2348097784232
2348095913024
2348098547666
2348095634441
2348093128982
2348090792508
2348099736125
2348099174825
2348092357018
2348097935880
2348095553187
2348090160246
2348092045477
2348099569191
2348090980563
2348093302965
2348096256043
2348095107694
2348099505831
2348092011657
2348094151855
2348096658041
2348090976585
2348091410166
2348095141119
2348093087028
2348092524924
2348090086913
2348094115877
2348091509653
2348093207745
2348094964837
2348093154732
2348094384554
2348090154989
2348094387377
2348093522939
2348092001142
2348096258513
2348091221289
2348094907512
2348094385599
2348090210656
2348094696542
2348095321856
2348097100492
2348096017352
2348094702408
2348094262475
2348096671690
2348091374276
2348096226106
2348095294148
2348091117106
2348092390103
2348092396548
2348092151763
2348090457372
2348097670135
2348099085838
2348094783365
2348097192626
2348098682576
2348092596675
2348095900929
2348099695080
2348093960943
2348098556900
2348099392222
2348091416172
2348096236914
2348091478703
2348099113790
2348093086709
2348092604811
2348096585354
2348094413448
2348093642300
2348097300986
2348090323586
2348095828907
2348093383959
2348090230668
2348092074528
2348095806175
2348092035687
2348095492797
2348097456571
2348091853430
2348091883372
2348094647739
2348094686808
2348094703794
2348093647199
2348092130904
2348091931915
2348097390323
2348090381804
2348097859223
2348095372305
2348091057632
2348091527348
2348099374683
2348092190682
2348092522012
2348099812972
2348092118477
2348093605417
2348091561328
2348095645795
2348099083099
2348090766218
2348090839212
2348090689322
2348094122664
2348091188185
2348096237827
2348097247249
2348093403337
2348099722773
2348090224370
2348091712512
2348097302420
2348091857572
2348091908267
2348093060341
2348090946861
2348093839981
2348099838836
2348096681320
2348091955511
2348096881466
2348097998676
2348093467227
2348094566212
2348098128526
2348090480823
2348091313853
2348099905214
2348090081933
2348093193903
2348095039870
2348092220987
2348090192778
2348096216511
2348096634441
2348097870088
2348091879445
2348096854048
2348096806604
2348096071881
2348096067482
2348091316108
2348098806498
2348096654481
2348097509494
2348095111384
2348098628861
2348092303662
2348091949850
2348092022771
2348099108395
2348090746872
2348095841369
2348093459441
2348099164223
2348094838179
2348094685634
2348092124795
2348093998202
2348097272293
2348094802785
2348098838956
2348092688474
2348092424775
2348094140608
2348097274451
2348090765539
2348099829449
2348092381086
2348094953929
2348092392374
2348090356377
2348096789685
2348094569895
2348093736537
2348092263881
2348097437098
2348098253670
2348091572388
2348099792421
2348097218105
2348094295361
2348090938093
2348093449347
2348090408377
2348098692159
2348093004856
2348095702858
2348093239620
2348097040722
2348094175999
2348098277906
2348093030054
2348095794939
2348090551993
2348092949283
2348097727904
2348091881172
2348095633430
2348096987624
2348094756902
2348099675804
2348098760853
2348091459070
2348090642545
2348090244147
2348095775284
2348097288613
2348091208381
2348097128724
2348096548067
2348092327306
2348096355744
2348095913123
2348097556640
2348097621244
2348090449503
2348090110655
2348092951305
2348094273056
2348098542095
2348097604921
2348095964950
2348098084934
2348095395886
2348093093747
2348094144640
2348097478370
2348091169859
2348096308693
2348098154218
2348099296958
2348096541080
2348099451097
2348098834127
2348096776222
2348098415998
2348091108681
2348091231393
2348090983854
2348097089574
2348097700857
2348099200718
2348092722750
2348099736320
2348093643063
2348098686626
2348096361945
2348095777626
2348090288925
2348094461073
2348094726661
2348098129682
2348095514845
2348098965233
2348096646753
2348092368541
2348093162553
2348098851696
2348091580105
2348097166715
2348099904896
2348097931261
2348098300989
2348095434366
2348093682052
2348099233208
2348093580144
2348095073032
2348091044191
2348093506750
2348090782954
2348095117263
2348095606615
2348095361423
2348097939494
2348092399804
2348091165473
2348095591578
2348099381252
2348093627267
2348097145626
2348091983717
2348092971987
2348090231180
2348092636596
2348094730795
2348096649718
2348098277947
2348099324240
2348092110306
2348095122191
2348092070564
2348091975445
2348093834932
2348094764676
2348093199364
2348098872811
2348090469882
2348096704514
2348098917482
2348095096653
2348093994111
2348092703912
2348095662144
2348096602239
2348097208057
2348096263050
2348091891411
2348094055039
2348098404966
2348093288448
2348097615531
2348095551703
2348095217405
2348096900041
2348095336492
2348094392355
2348099187595
2348090839286
2348096993760
2348090244400
2348098203730
2348094613132
2348099903601
2348092935297
2348090135767
2348091800789
2348095522123
2348092596324
2348090254761
2348090135964
2348091374525
2348099391901
2348093650612
2348096921458
2348094668343
2348092112176
2348093157625
2348090519974
2348099978693
2348090922972
2348094837383
2348091248081
2348094011784
2348097167148
2348095824129
2348096010533
2348097569731
2348097081012
2348092561147
2348098479247
2348095820030
2348090471514
2348096856652
2348094864057
2348095299619
2348092699167
2348096990224
2348095635558
2348094345056
2348095566017
2348093714457
2348093387750
2348099448494
2348090860158
2348092643003
2348092750890
2348093266933
2348093928354
2348099679205
2348099659515
2348094699316
2348093516283
2348092877459
2348099483488
2348095111236
2348091865645
2348093618339
2348098743419
2348091414377
2348092970214
2348097779840
2348090716671
2348091942035
2348093972620
2348090531345
2348097594714
2348091004217
2348090093860
2348099888101
2348099401785
2348090345354
2348091397906
2348097663277
2348093665605
2348090448305
2348093889995
2348092504780
2348093922910
2348098461466
2348094059828
2348092969060
2348097291546
2348096944703
2348094683302
2348095887925
2348092183269
2348095457559
2348095019373
2348095016073
2348098297131
2348096474822
2348091898758
2348096174171
2348091102205
2348097377372
2348096319332
2348097613727
2348090164906
2348092104263
2348098618213
2348097347873
2348095419348
2348094160091
2348090528838
2348095179519
2348096095032
2348094313388
2348092932468
2348098447132
2348091846013
2348097850625
2348090083258
2348098506015
2348090945640
2348091315847
2348095883091
2348094289940
2348095352343
2348099590283
2348094042002
2348094248479
2348093742549
2348098510157
2348093017003
2348093064945
2348096964778
2348098065949
2348091494882
2348097031574
2348098359034
2348095183139
2348091650835
2348098744169
2348093409957
2348092279340
2348098932537
2348095859930
2348093054424
2348096291803
2348099367164
2348091411062
2348091348624
2348098302608
2348094960049
2348090388741
2348090346178
2348093697526
2348090930006
2348090626159
2348093460085
2348098519702
2348098113829
2348098201156
2348094628558
2348091934275
2348093591051
2348099268946
2348091049982
2348092829799
2348094612949
2348095976579
2348090743598
2348094624960
2348098511136
2348097692316
2348099101196
2348092944247
2348098720014
2348096659212
2348092603947
2348094620394
2348096478360
2348094830377
2348094020816
2348093015500
2348099676743
2348099604394
2348099960591
2348099627797
2348090874979
2348090715071
2348090556809
2348094671572
2348096540214
2348098538577
2348097143147
2348093193458
2348091278325
2348095413250
2348093224366
2348097757162
2348090009667
2348092862853
2348098736978
2348097379017
2348093703764
2348092645673
2348092785016
2348091670373
2348099349517
2348095249420
2348093260588
2348097272184
2348090616944
2348093015497
2348096565056
2348098164178
2348096999887
2348096498746
2348099956136
2348090526071
2348097136983
2348099922702
2348099313413
2348097938213
2348099488335
2348096128437
2348091582025
2348091556393
2348096679076
2348096756594
2348099623090
2348094721336
2348095824894
2348094855257
2348090006565
2348098685861
2348093333745
2348094153584
2348098496654
2348090763189
2348094673906
2348094152426
2348095533194
2348099604990
2348093035684
2348092528249
2348094219430
2348095327470
2348090306323
2348094867464
2348096735730
2348098864999
2348091353906
2348095136134
2348094602173
2348094504726
2348097358266
2348099935004
2348095031668
2348098180565
2348090548350
2348090484457
2348091086629
2348090851092
2348092768248
2348094027192
2348093629340
2348097642378
2348092850034
2348095473624
2348092589857
2348092598660
2348090446165
2348099358660
2348096415673
2348090459221
2348093773483
2348097981041
2348096990687
2348098699670
2348091212833
2348094907805
2348097484696
2348094511681
2348091940884
2348090300485
2348097729621
2348097325907
2348092220343
2348094997685
2348092660753
2348091987943
2348095649943
2348095717029
2348090098854
2348094201363
2348097146279
2348092485178
2348092494629
2348093089372
2348096656468
2348092653298
2348090007996
2348091481595
2348098741270
2348095270360
2348090373722
2348097802614
2348099435504
2348099404679
2348091863466
2348096233267
2348090777338
2348099704821
2348098648926
2348090313033
2348092178540
2348090330973
2348091977073
2348092802553
2348091833835
2348091964185
2348098329275
2348096343745
2348091632157
2348096328658
2348093379196
2348099280943
2348092878691
2348094044832
2348091469211
2348091027429
2348099602083
2348090567906
2348095291121
2348092811121
2348093292924
2348094233797
2348090172496
2348097915515
2348097814529
2348091751794
2348099852068
2348092816764
2348093055812
2348095024988
2348098727149
2348097436653
2348091403358
2348092071085
2348092097034
2348092062351
2348097140727
2348099742076
2348095916305
2348096614889
2348099045099
2348090634184
2348096689905
2348092056882
2348096354604
2348094296562
2348091029839
2348098291740
2348094126083
2348097082381
2348095798859
2348093541923
2348094196858
2348095649942
2348092703285
2348098270040
2348091432727
2348091551568
2348093339708
2348092035194
2348095844156
2348097418879
2348092304693
2348091261863
2348094152027
2348094310066
2348095382960
2348092866179
2348094840854
2348099096509
2348090967548
2348097496811
2348096611465
2348097894118
2348095962978
2348098697445
2348094122482
2348099506074
2348096323091
2348094044755
2348097836470
2348093912594
2348097702778
2348096470713
2348093977221
2348095938185
2348095998825
2348094352218
2348092709526
2348091408690
2348092385872
2348094780886
2348090466997
2348097118975
2348090578305
2348095020309
2348099544638
2348099991182
2348090588155
2348093323624
2348096209253
2348096191244
2348099648214
2348095851695
2348094458546
2348091799630
2348097143315
2348096525804
2348091177488
2348090682564
2348093624625
2348094107377
2348099855438
2348091954843
2348097090541
2348097974202
2348095779758
2348098546550
2348093407875
2348093397948
2348090212854
2348092840314
2348097005827
2348095030153
2348091803786
2348093468889
2348098665660
2348095770498
2348098485910
2348092822287
2348093440723
2348098963030
2348098408916
2348090823579
2348092196350
2348098508995
2348093315516
2348093821784
2348090951526
2348091178089
2348091954194
2348099898283
2348093015293
2348092290444
2348098398228
2348094253014
2348093666155
2348091227001
2348093549678
2348099632856
2348095149609
2348091972472
2348099274411
2348092206139
2348093744385
2348095397357
2348092276266
2348096563999
2348090418564
2348092450730
2348094126847
2348093382777
2348097419725
2348094213242
2348099274899
2348094238652
2348099632666
2348090407245
2348090845625
2348093871617
2348092341557
2348097080309
2348093795156
2348093227922
2348091019659
2348093767934
2348099292895
2348093912236
2348095224652
2348090616213
2348098441768
2348097745479
2348097832997
2348091010099
2348092023612
2348095283597
2348098552313
2348094156438
2348095947167
2348090898496
2348090491068
2348091029906
2348095079692
2348093801809
2348094902075
2348096706068
2348091092394
2348096530312
2348097569129
2348094423627
2348097862666
2348094927230
2348094333581
2348091806183
2348098652057
2348090775514
2348099459679
2348099997358
2348096209500
2348090990750
2348096453705
2348091615740
2348094157709
2348092330621
2348095663130
2348094406681
2348091549390
2348097929548
2348096532931
2348098270392
2348097680930
2348093030871
2348090125313
2348098986686
2348092907928
2348095265293
2348091898713
2348093156023
2348093103425
2348096363647
2348094692021
2348099765787
2348095471356
2348092460835
2348094835177
2348097397353
2348096471161
2348091072210
2348092138773
2348098891669
2348098673623
2348092730544
2348092665916
2348094419607
2348090592003
2348097714368
2348095679622
2348093707944
2348096611581
2348095604637
2348091782443
2348090394143
2348093747630
2348091202694
2348097000815
2348092356091
2348091233393
2348091634582
2348097433727
2348091820527
2348098276508
2348092435578
2348092436145
2348091623385
2348098653853
2348098074321
2348096952717
2348094707871
2348091140786
2348093468530
2348094738186
2348099188681
2348099982452
2348092171912
2348096886581
2348092539154
2348094696275
2348099947850
2348091989469
2348095729718
2348090153749
2348096924029
2348091699458
2348096401216
2348091361676
2348092889598
2348090177589
2348093831235
2348091170438
2348095410881
2348091422482
2348098659101
2348090570774
2348091830688
2348099360463
2348095275828
2348099373538
2348096216862
2348094275901
2348099640695
2348098967182
2348092134266
2348096048605
2348096253003
2348097121691
2348097322926
2348096749745
2348097186320
2348090238711
2348094779602
2348099891906
2348095840114
2348098295190
2348098281586
2348099391573
2348098590439
2348091864177
2348097835833
2348096180248
2348099675446
2348096502202
2348094395368
2348098140350
2348090547102
2348097688825
2348093701502
2348099012544
2348096692374
2348098888798
2348096881973
2348097997600
2348092039472
2348094581294
2348091310382
2348099875903
2348096363911
2348091342687
2348098783080
2348098930677
2348098563991
2348092123901
2348099306595
2348092287444
2348095638207
2348094806442
2348096890699
2348094854165
2348096187649
2348099335394
2348091523395
2348098708166
2348099950727
2348099572993
2348096634295
2348094928514
2348099160214
2348092359867
2348098973282
2348094376236
2348090687687
2348094368999
2348095729389
2348098429317
2348093065340
2348099466837
2348091387357
2348096616697
2348096046403
2348092775663
2348094343393
2348094749106
2348095204854
2348092675793
2348096460026
2348093497746
2348099293334
2348093760849
2348096046309
2348099672651
2348095769591
2348096835114
2348090875799
2348095953612
2348095980865
2348093122363
2348099259026
2348091601761
2348093496967
2348092349718
2348094499340
2348098796392
2348097994465
2348095771493
2348094687073
2348094711611
2348096108513
2348096666395
2348097898338
2348096481050
2348096941979
2348090522139
2348099172627
2348090949674
2348093876148
2348098665649
2348094823692
2348095070210
2348092912954
2348090809384
2348094514917
2348096507947
2348091232585
2348097694048
2348090181071
2348091906587
2348096229184
2348091394462
2348096038489
2348090995655
2348090324816
2348096864827
2348097018205
2348091166522
2348096173857
2348093195584
2348099238624
2348098717032
2348097619294
2348095187407
2348094988428
2348094127055
2348099433920
2348099663332
2348099081924
2348091376212
2348099158102
2348094254164
2348099626903
2348097661268
2348098017314
2348091612965
2348092994250
2348092082756
2348090490933
2348098157104
2348097575637
2348091671699
2348091058616
2348093600095
2348096033161
2348096500883
2348090957721
2348096641341
2348098041333
2348092966499
2348094491656
2348092243127
2348098797775
2348092899428
2348093960368
2348096293111
2348090709441
2348095565400
2348093699474
2348096744858
2348096372996
2348097534546
2348090316207
2348093439001
2348099745174
2348095197217
2348096729196
2348093321934
2348093075781
2348097468824
2348094056673
2348091869911
2348097491877
2348095463794
2348098155764
2348092418429
2348095175696
2348097021364
2348093014532
2348093291562
2348092086012
2348096166551
2348095208813
2348098747078
2348093379276
2348097465295
2348091613657
2348096579980
2348096131005
2348090797869
2348093078314
2348094045349
2348099774789
2348092136623
2348090605591
2348098271349
2348096830619
2348099899152
2348091395581
2348093009587
2348099197006
2348093162314
2348096325057
2348090263134
2348094225764
2348098584566
2348090285669
2348090760692
2348090107053
2348090247936
2348090493481
2348091004391
2348099764507
2348090826846
2348091673233
2348090818523
2348090164489
2348093975156
2348094119059
2348094422535
2348094557376
2348090189988
2348094556210
2348098588929
2348093586706
2348090433464
2348090030661
2348094492515
2348092139638
2348098225155
2348095549776
2348093786266
2348093976775
2348094484304
2348098758033
2348094173138
2348092112831
2348090879132
2348090792811
2348096398580
2348099341832
2348091867545
2348096986143
2348096955674
2348099714555
2348093696787
2348099130208
2348090649927
2348090461834
2348095901012
2348092951134
2348091430645
2348099491835
2348092243450
2348097706015
2348090428033
2348098226467
2348094414068
2348097495890
2348091616359
2348095527059
2348092766529
2348096378971
2348096561077
2348097842604
2348092085672
2348091535605
2348095404794
2348090024183
2348099555556
2348091135464
2348090939157
2348097970773
2348094710204
2348090138155
2348091284455
2348097085933
2348099639549
2348091307040
2348093394359
2348097249539
2348097281573
2348098251725
2348093806961
2348099156664
2348090332626
2348095251180
2348097749028
2348092499983
2348095448822
2348095800177
2348091518785
2348092190116
2348091830352
2348091629336
2348092352008
2348095456112
2348097551547
2348098213007
2348090570103
2348090833230
2348096183111
2348090617946
2348090319012
2348098470208
2348092411161
2348097131248
2348093577637
2348095242310
2348090878723
2348097581171
2348090599937
2348096763364
2348098131564
2348095478128
2348090374926
2348094512387
2348099322034
2348096086006
2348095467848
2348093592111
2348096110248
2348093196202
2348090928470
2348096583981
2348099426957
2348095328071
2348094008268
2348095610420
2348093705981
2348099928101
2348097718368
2348099062397
2348092309238
2348092573118
2348092364524
2348099559645
2348091435469
2348098644369
2348099501983
2348093637363
2348093581297
2348094825653
2348097823620
2348093249225
2348099426534
2348095656023
2348092887098
2348096113364
2348093993242
2348093690464
2348092927062
2348093900556
2348099370861
2348090090351
2348090038370
2348090611350
2348099510436
2348094569555
2348097018749
2348092383660
2348091503938
2348093143779
2348099322472
2348095737886
2348090794622
2348097605150
2348091538784
2348097628231
2348097375889
2348095429871
2348097370020
2348097740272
2348092305351
2348095199871
2348098758238
2348097775353
2348091148646
2348099237136
2348097187769
2348096671661
2348099228762
2348091017478
2348097823062
2348098352651
2348098313987
2348093524632
2348090690339
2348091168651
2348097609957
2348094437082
2348099852891
2348099373246
2348096188668
2348091971466
2348099756682
2348096301060
2348099042515
2348091474391
2348092445989
2348098276650
2348090365798
2348098683247
2348094320005
2348095129527
2348099716619
2348093146840
2348098571035
2348098290938
2348091314870
2348090116449
2348092499137
2348090803899
2348090568084
2348097717824
2348095958592
2348091174214
2348097594793
2348093604646
2348091561339
2348093874987
2348094767376
2348098603042
2348095679833
2348091086837
2348094587499
2348097088095
2348097618295
2348098020879
2348091430631
2348099549854
2348094529706
2348093016559
2348094933805
2348093493430
2348091581953
2348095113225
2348097589204
2348091710002
2348094479753
2348092169104
2348095529202
2348094925063
2348097816726
2348090263973
2348093541687
2348098171882
2348098757225
2348099167221
2348090079655
2348095891451
2348091399304
2348097146059
2348099060682
2348096368207
2348099619564
2348091058927
2348096973443
2348092373164
2348096895991
2348094621866
2348096853565
2348090502308
2348097868315
2348090682026
2348094724489
2348093866755
2348092030210
2348098551805
2348091550728
2348096469464
2348098187529
2348093417017
2348093531174
2348098721739
2348092615639
2348097560962
2348097196304
2348098267948
2348092436151
2348098462015
2348097922943
2348090582891
2348090073604
2348097623386
2348094496384
2348090945633
2348094782661
2348090123367
2348091544270
2348093543924
2348093722603
2348096322721
2348098579805
2348094222848
2348098804002
2348095363216
2348099779746
2348098922139
2348098538442
2348097461958
2348093151179
2348094851918
2348097092741
2348091810425
2348096239012
2348093184759
2348092701054
2348091411704
2348098459913
2348097323798
2348093472359
2348099977712
2348095552986
2348097161368
2348096695889
2348090996936
2348091460360
2348098004473
2348095426379
2348092749338
2348093929047
2348096824486
2348093396834
2348090044638
2348094665104
2348092100296
2348093384212
2348097456076
2348091285292
2348093891617
2348093308934
2348096714673
2348094423185
2348094871318
2348099951698
2348099580289
2348098205846
2348091123241
2348097187807
2348094882305
2348099327267
2348095551142
2348094281731
2348098224461
2348091190482
2348098299450
2348091539471
2348092544037
2348097069748
2348094823450
2348090501916
2348094483539
2348090132799
2348096067907
2348098420286
2348099163706
2348098860900
2348096911238
2348097879176
2348096232735
2348094768707
2348094293665
2348092380687
2348095432392
2348091575299
2348093492411
2348092763731
2348095879284
2348092706845
2348099232982
2348091216579
2348096026061
2348097494543
2348095173609
2348099378045
2348093116715
2348092732664
2348091042881
2348095644042
2348099326780
2348097065630
2348094256639
2348099798725
2348092113468
2348093396768
2348094375885
2348094564336
2348093731345
2348092463893
2348098474986
2348097810306
2348090056946
2348095554226
2348094360228
2348090737244
2348098440290
2348091579419
2348090102494
2348092631577
2348094573872
2348093329039
2348099814159
2348092415530
2348092816421
2348091425182
2348093038029
2348090704091
2348093308361
2348092001979
2348091233234
2348093567090
2348097107898
2348092879357
2348090676671
2348099323766
2348094711795
2348095123676
2348098411445
2348097336643
2348091721987
2348090499267
2348090113573
2348096370100
2348099410525
2348099145934
2348096628972
2348093607736
2348092459557
2348096060375
2348098181573
2348096676359
2348092240002
2348091763699
2348090028672
2348090538083
2348091076112
2348091635049
2348096405440
2348091568330
2348096424283
2348098758990
2348097528269
2348096867112
2348095709458
2348090158678
2348096384484
2348094934756
2348092527123
2348098044641
2348094927116
2348090673535
2348099010867
2348098949903
2348091319099
2348095816816
2348099607547
2348094277985
2348094742267
2348099580130
2348091582552
2348099124492
2348099904354
2348094861877
2348096865493
2348099203998
2348096596562
2348094894047
2348094364947
2348099497566
2348090758655
2348094901485
2348099447076
2348092976623
2348094481239
2348094648267
2348095464738
2348090908098
2348092685259
2348097247495
2348097539646
2348095100595
2348093570246
2348097068123
2348098910951
2348091427707
2348097976033
2348096203262
2348093304534
2348096736141
2348092322342
2348097154365
2348093601984
2348092224818
2348094272398
2348096046984
2348099098430
2348098401661
2348094131823
2348099368793
2348099907816
2348093099011
2348097230671
2348095856229
2348096234540
2348091587426
2348097828077
2348090799240
2348094287743
2348094700733
2348092345166
2348096398001
2348092918509
2348093810210
2348091534527
2348099861598
2348092429264
2348091248618
2348093613044
2348099873914
2348099953308
2348098236631
2348093874935
2348093803440
2348093786046
2348091223641
2348091371382
2348098588281
2348094936473
2348094706764
2348097246428
2348091579583
2348097713419
2348090380631
2348091463702
2348094507485
2348090109821
2348097991808
2348090198838
2348099931601
2348096159093
2348095192341
2348098865138
2348094235211
2348092858063
2348099543193
2348098508224
2348094370700
2348099915769
2348095208566
2348094476864
2348094496652
2348098387061
2348091635796
2348094473135
2348096489185
2348090088876
2348097190075
2348098780612
2348092624128
2348094150777
2348095053596
2348090107562
2348090531035
2348096275960
2348093053441
2348093173407
2348099671843
2348099527074
2348090518152
2348096130869
2348094853283
2348094302460
2348093570397
2348095498428
2348096938454
2348095242068
2348091597462
2348093493872
2348093709114
2348093432239
2348093736834
2348097694434
2348095275824
2348092222915
2348091354095
2348093017038
2348093269103
2348099012434
2348095403497
2348097901060
2348096936967
2348097757865
2348097415740
2348099275926
2348095461193
2348095389374
2348090259240
2348093599856
2348099950286
2348094959892
2348093323487
2348092636581
2348099606329
2348092924850
2348093143849
2348093610895
2348093558752
2348099298063
2348093553885
2348099853067
2348097694648
2348095285453
2348097612730
2348094176168
2348091377136
2348095679244
2348097316256
2348092193566
2348099095976
2348093084772
2348095152751
2348090571529
2348096046958
2348099365585
2348099545367
2348094041989
2348095579123
2348093132288
2348092568427
2348092519148
2348097334805
2348093915064
2348092776600
2348097119038
2348091635409
2348094806873
2348095020633
2348099979203
2348097806912
2348095568335
2348099943958
2348097889890
2348097346757
2348095150775
2348094603453
2348098967357
2348093588260
2348093076771
2348096240811
2348098538339
2348096028808
2348097094079
2348097515964
2348099511753
2348090811261
2348096165712
2348090805848
2348096327624
2348098746113
2348095574082
2348092321991
2348094119048
2348098126851
2348097212822
2348093852216
2348098012039
2348090270969
2348092822243
2348091381644
2348091347197
2348094490299
2348090293917
2348097280874
2348099127336
2348090227538
2348091718930
2348097078658
2348099814919
2348092040902
2348096357358
2348090216169
2348096018629
2348090954002
2348098127358
2348094482020
2348092793514
2348090618659
2348096995791
2348095356053
2348093261564
2348095035898
2348098880407
2348093921169
2348096455274
2348097171621
2348098547825
2348090901264
2348097570311
2348090795604
2348099937003
2348095937836
2348093105312
2348091783423
2348098366073
2348090896826
2348099787747
2348094529453
2348091019143
2348094744101
2348090973672
2348094862253
2348098574068
2348095610051
2348099216915
2348096705563
2348091610950
2348095764750
2348098265414
2348097146145
2348097690292
2348094760439
2348090392636
2348095603243
2348097082280
2348091198727
2348091624774
2348090593567
2348092777733
2348097321341
2348094312658
2348092565978
2348098998067
2348090606114
2348097414408
2348097742042
2348096615354
2348096428222
2348099191106
2348096735887
2348091905884
2348098032010
2348091804745
2348096935631
2348098210556
2348098230065
2348096813515
2348094034121
2348090262335
2348097989589
2348090051479
2348098393230
2348095023631
2348091053229
2348092542298
2348094836031
2348092678732
2348092298139
2348092365873
2348099644945
2348092104804
2348099633559
2348091504252
2348095469403
2348091693799
2348094366290
2348094289194
2348094908222
2348092947487
2348091153652
2348099925090
2348094979542
2348091983778
2348095768537
2348097188911
2348099221712
2348092852993
2348097680718
2348093919533
2348096362846
2348096972353
2348090388791
2348090928528
2348091040550
2348097883900
2348091791018
2348095354521
2348096015037
2348094534159
2348098940998
2348095829780
2348090964767
2348092957322
2348096226893
2348092285047
2348097467348
2348091535594
2348090574913
2348099720381
2348091820240
2348094054641
2348099318366
2348095460303
2348095667323
2348092869572
2348098417122
2348099592700
2348090938095
2348097851670
2348091985525
2348096435507
2348099214643
2348091876844
2348097357153
2348097364236
2348099140283
2348097790108
2348091138026
2348090333873
2348090533620
2348094674873
2348091880581
2348094445221
2348095848182
2348095658177
2348094149419
2348097415928
2348095575416
2348098215575
2348098903121
2348091532698
2348091918930
2348095191791
2348094391526
2348098624136
2348091836728
2348095262733
2348098437602
2348095514692
2348092653212
2348095173236
2348091438583
2348098295888
2348099639459
2348099404764
2348096532981
2348096521667
2348098086330
2348091236998
2348098137839
2348096726360
2348096185377
2348092597697
2348090250607
2348091032406
2348095664791
2348094233828
2348098805786
2348099980874
2348090678811
2348092745309
2348096987315
2348094284171
2348097448811
2348094427178
2348095319354
2348098401706
2348094008385
2348098043806
2348096868836
2348099534518
2348096258727
2348095345286
2348092421783
2348090505477
2348097182279
2348094332731
2348094770595
2348098242969
2348099192213
2348090714067
2348092882778
2348091232120
2348090126090
2348099498421
2348097379840
2348093332647
2348097903525
2348090156626
2348094480896
2348098278138
2348090771643
2348099995847
2348098490265
2348098438116
2348096237218
2348099196739
2348097535699
2348091322191
2348096007331
2348093276653
2348098619951
2348094618382
2348090401331
2348097649041
2348096707453
2348090389069
2348095019180
2348091239496
2348091435678
2348090165647
2348094940161
2348095983754
2348093135382
2348092387085
2348099501099
2348097372295
2348090027649
2348099466694
2348093381210
2348090314612
2348097735201
2348098065021
2348095574358
2348093740291
2348094548980
2348098790063
2348090124991
2348094887655
2348092930787
2348095180305
2348090758477
2348098133239
2348099421947
2348097193745
2348095392463
2348093761228
2348097752243
2348092957676
2348090597514
2348094816825
2348092740194
2348096762110
2348099195348
2348097046656
2348092940672
2348099006523
2348098636296
2348093760397
2348092748269
2348090775738
2348095929708
2348099856922
2348098130078
2348096154666
2348092434890
2348091900108
2348091791382
2348092066763
2348096077179
2348094471462
2348092429698
2348095368328
2348090158328
2348096263589
2348098794994
2348095706208
2348096817205
2348093366310
2348096450067
2348090037530
2348093018145
2348091224515
2348094486997
2348095217971
2348091450017
2348099342337
2348092682580
2348096366478
2348093942699
2348097368345
2348096496550
2348098925534
2348092537027
2348097667154
2348093089747
2348090783004
2348097575552
2348092405628
2348097398162
2348094325016
2348098232637
2348092616805
2348091221906
2348096638836
2348093185709
2348099876468
2348093388653
2348095796726
2348095107768
2348093415820
2348090592214
2348090088718
2348097006923
2348090780303
2348091441715
2348093949367
2348092808818
2348099521594
2348094331575
2348090993104
2348093331053
2348099277111
2348099602490
2348091309639
2348096244817
2348096262963
2348097345212
2348095087680
2348098629093
2348090113045
2348094008768
2348095210657
2348096288247
2348094342509
2348090676130
2348090866376
2348091205158
2348096269406
2348098273046
2348095187246
2348096471424
2348092946008
2348092395772
2348093353796
2348091166516
2348094548997
2348098420988
2348094185874
2348099496864
2348091342669
2348090261117
2348098569760
2348094103003
2348092930965
2348099862719
2348092842377
2348090680036
2348093458298
2348098803568
2348095851476
2348092957019
2348091962660
2348099652386
2348097783792
2348095549742
2348094132580
2348090877852
2348095284683
2348090447526
2348094458867
2348099597825
2348097958771
2348096811131
2348098907064
2348090322802
2348096841740
2348098604042
2348096923038
2348092208463
2348098703912
2348092870793
2348099256753
2348091144081
2348099977850
2348092529525
2348094108118
2348090887655
2348092545213
2348098593021
2348093882575
2348090229265
2348095356550
2348095885196
2348094795642
2348096855053
2348099634419
2348096967299
2348095614379
2348098931594
2348094310931
2348098294113
2348094647853
2348090415204
2348097560407
2348099567781
2348093805376
2348098923316
2348096296282
2348097286598
2348093296991
2348091681515
2348092335141
2348091182391
2348091455627
2348090086621
2348099602653
2348094613214
2348096616518
2348091642597
2348090172825
2348090941284
2348095414602
2348097675667
2348093481254
2348096896327
2348097990888
2348092375419
2348090747832
2348092163870
2348099845879
2348090316695
2348090049083
2348090224266
2348094255234
2348091703319
2348095310342
2348099638103
2348096701440
2348099258442
2348095794254
2348091164569
2348090299946
2348097488695
2348096450918
2348098357022
2348097906488
2348097147323
2348091683832
2348096892858
2348093593631
2348097517655
2348093539325
2348099732290
2348099619535
2348092417170
2348095081370
2348090594661
2348094277840
2348094100102
2348094391618
2348094601049
2348090350201
2348096996360
2348094849044
2348094035500
2348094995749
2348099759721
2348092750409
2348095610895
2348090948892
2348096654166
2348090418191
2348096294330
2348090323146
2348095141782
2348095338597
2348090396439
2348090684989
2348098048128
2348099852279
2348097763396
2348098183342
2348093230352
2348094610665
2348091943351
2348091647546
2348095359785
2348098781562
2348095583159
2348093366065
2348093543156
2348093995279
2348093749949
2348096844983
2348099646146
2348098688928
2348094124866
2348093377445
2348090130812
2348091717258
2348093138059
2348090766931
2348090361636
2348096489172
2348095550676
2348091173019
2348091870044
2348097972343
2348091064273
2348096289775
2348099195006
2348095521734
2348094954365
2348092695430
2348097227053
2348098505225
2348092506475
2348095176632
2348095353133
2348097114566
2348090768856
2348094529258
2348090032686
2348092441504
2348091822624
2348093643969
2348094864053
2348092605412
2348094143025
2348097306613
2348099775358
2348099287876
2348095597355
2348097396494
2348092875377
2348097570280
2348091598218
2348099496735
2348097449809
2348099802779
2348095001124
2348093663949
2348092664606
2348090461217
2348093771355
2348092181242
2348094493716
2348098288633
2348092057820
2348099695893
2348090046045
2348092538992
2348095870851
2348092290546
2348092656674
2348097747716
2348097864224
2348097229920
2348094115568
2348091935672
2348091941596
2348094359612
2348093864913
2348096476023
2348098127302
2348096526092
2348096768893
2348095473413
2348095353804
2348091117203
2348093636042
2348094330567
2348096660443
2348090556939
2348096699686
2348098042522
2348096973840
2348098773209
2348098745025
2348091959066
2348093676051
2348092728855
2348097461184
2348098952654
2348097070030
2348096250674
2348098871854
2348095308387
2348098652800
2348094983495
2348092033394
2348095604797
2348093041517
2348090609980
2348096336166
2348097570277
2348094276106
2348098370219
2348097306578
2348091309614
2348090618196
2348092054675
2348092819877
2348095123257
2348096313449
2348090676506
2348099864126
2348093815893
2348097227331
2348090765710
2348095213668
2348099219436
2348097258955
2348091179632
2348093460908
2348094694449
2348095673650
2348097105180
2348098436617
2348091431204
2348097093817
2348097074124
2348095003374
2348096606044
2348098965881
2348099836907
2348091314183
2348097547885
2348094589096
2348099688988
2348090932525
2348090261455
2348090436603
2348094663930
2348092485389
2348099333373
2348096175382
2348091294510
2348099012444
2348099461679
2348093665466
2348097330742
2348099938557
2348095591309
2348098720550
2348091296543
2348094157961
2348099752595
2348096600277
2348093813557
2348098521484
2348095615703
2348099057022
2348094677966
2348096462723
2348099204377
2348090634400
2348094492466
2348097007801
2348098076029
2348095168736
2348099089170
2348096103429
2348092459296
2348091275147
2348093223800
2348090193944
2348096618154
2348099424184
2348094031638
2348097677704
2348091627624
2348095241536
2348098968621
2348092688771
2348096127374
2348094884507
2348093027209
2348093573312
2348093144682
2348092754990
2348093003142
2348091664114
2348098972269
2348094644283
2348090522101
2348098633301
2348093831665
2348090628067
2348097405440
2348091618715
2348097268489
2348094794874
2348094278855
2348091908368
2348097158135
2348095213256
2348090069206
2348098188795
2348092322800
2348092199392
2348096684192
2348093391495
2348094379692
2348093708578
2348091740257
2348091889303
2348095060258
2348096475726
2348094153021
2348097216967
2348095719679
2348096805603
2348094890630
2348098201561
2348094014663
2348096111634
2348090323516
2348092108141
2348095768110
2348098208385
2348093238422
2348097324251
2348094569489
2348094486190
2348092728565
2348096027197
2348097618116
2348095674787
2348096612445
2348096727208
2348094620220
2348091911890
2348096787319
2348098829588
2348097430656
2348094469014
2348096397799
2348095609757
2348094369434
2348095022376
2348097043317
2348097627704
2348097091639
2348096002113
2348096281755
2348095603127
2348098850540
2348099704777
2348096772485
2348093649964
2348093845429
2348099324118
2348093397658
2348093115427
2348094410269
2348098715474
2348097768314
2348099469101
2348093497191
2348090082989
2348097860129
2348097867251
2348097641589
2348096198992
2348092804796
2348098249892
2348099667145
2348090570008
2348090693564
2348093929383
2348094481108
2348093619706
2348090265798
2348094527719
2348094594901
2348098202907
2348094116043
2348090942413
2348092664557
2348092944976
2348092139361
2348090950722
2348099340711
2348097022979
2348094916572
2348091768401
2348096054598
2348094390544
2348098514253
2348099345088
2348096452778
2348096165821
2348097271612
2348098475046
2348091833241
2348092043436
2348098373350
2348098921557
2348091491727
2348091106094
2348090148374
2348099901466
2348091563951
2348097493225
2348097110021
2348099238606
2348096784974
2348095478800
2348098848764
2348091048624
2348095531287
2348096075212
2348093963640
2348098099734
2348097196871
2348090086108
2348097603581
2348099124719
2348097628004
2348096961467
2348093079532
2348099270634
2348096029905
2348096904906
2348095284156
2348095252432
2348096009599
2348091700219
2348093792738
2348093103686
2348099589251
2348098870763
2348094981791
2348091605646
2348091055113
2348097581528
2348098395068
2348097931935
2348090044988
2348091899125
2348097534200
2348090712842
2348099606625
2348099254618
2348098647651
2348091076667
2348096908620
2348096625665
2348098350896
2348094564095
2348091502113
2348094660173
2348098427443
2348096636736
2348095956853
2348093437201
2348094127045
2348093629189
2348090070055
2348093581966
2348098539687
2348092462305
2348097413143
2348098204301
2348098684713
2348099698728
2348096228360
2348092763266
2348093413643
2348099375599
2348093548296
2348099439364
2348096536673
2348099934278
2348095827908
2348097573087
2348095343840
2348095449110
2348097724686
2348098424445
2348094230296
2348092966336
2348096650302
2348093441054
2348099828000
2348096474750
2348095615577
2348099269322
2348098174384
2348097284132
2348097998059
2348096952669
2348090117297
2348099787131
2348090349359
2348095743260
2348094216040
2348090454475
2348099657078
2348094044754
2348095592818
2348092505005
2348097035178
2348099373511
2348093753008
2348090060775
2348097298838
2348094776641
2348097223799
2348097252710
2348096265314
2348099962046
2348098353535
2348095825908
2348097442945
2348094956093
2348094632287
2348097671104
2348094108143
2348092874372
2348095752981
2348091195652
2348090187773
2348097290146
2348090343075
2348093886831
2348092730629
2348094296456
2348090218896
2348098784482
2348096159974
2348098917852
2348091646319
2348095773218
2348099453552
2348094357025
2348096080273
2348095689331
2348099977593
2348093024744
2348097657698
2348091931345
2348094755686
2348096065830
2348098940480
2348092779411
2348099925275
2348095469534
2348091331404
2348094473748
2348096209347
2348090193525
2348097220277
2348099777605
2348098163906
2348090841373
2348096967558
2348092950374
2348092789423
2348095227038
2348090803039
2348095578449
2348090309836
2348095817048
2348094862734
2348095734396
2348090432042
2348090009229
2348095547711
2348094732716
2348095515255
2348097332475
2348096893804
2348092773501
2348098955155
2348098154083
2348095809767
2348093925876
2348098148529
2348098061627
2348093346751
2348097617383
2348094010298
2348092984004
2348099235409
2348096918824
2348092671037
2348091919615
2348093027052
2348098084456
2348090212648
2348091518706
2348092340057
2348094039611
2348091177294
2348092141879
2348098479361
2348091061675
2348095772376
2348090808615
2348096984189
2348090564597
2348093549519
2348093852949
2348095273764
2348090700562
2348097285152
2348098386794
2348092465187
2348094434062
2348092522170
2348094699342
2348091534851
2348096061797
2348091868263
2348093118869
2348099287796
2348098729358
2348093084045
2348094474783
2348090285866
2348093243556
2348091878285
2348098849681
2348091680507
2348099714984
2348092871075
2348096490731
2348093507287
2348091457809
2348098695283
2348099389273
2348093407577
2348094886651
2348099038099
2348096982071
2348093161109
2348092620681
2348097976053
2348096610531
2348093221745
2348095441862
2348099089851
2348096047147
2348093033117
2348091778674
2348096408889
2348091752304
2348099701850
2348090780773
2348092454160
2348090377157
2348090119162
2348098595964
2348092839936
2348094276805
2348092669264
2348092323093
2348092966748
2348094588133
2348097668394
2348091378269
2348099108569
2348091522887
2348092564405
2348095277798
2348094298983
2348091833043
2348094114352
2348095420790
2348090637438
2348098339356
2348097113512
2348095343504
2348094157864
2348095056196
2348095440222
2348092815208
2348090082823
2348092625691
2348099615798
2348098552430
2348094316257
2348097086720
2348096214339
2348091990883
2348098832630
2348092362647
2348094650702
2348091176614
2348092632922
2348091869987
2348097273894
2348093880203
2348097255258
2348093176121
2348095158713
2348091920071
2348098393815
2348094880032
2348097228479
2348096842425
2348098389513
2348091466570
2348090166248
2348095886300
2348094294927
2348099005679
2348093330299
2348093496993
2348097505524
2348091679388
2348096575885
2348096708794
2348094589050
2348094206150
2348092661529
2348092142449
2348096230640
2348092471389
2348098159682
2348090487765
2348097352109
2348091790419
2348099847641
2348090582371
2348095606013
2348098997617
2348099526213
2348090858973
2348098435350
2348096340255
2348094136835
2348098426600
2348095620784
2348090069557
2348096908803
2348090366886
2348094140362
2348096274252
2348097593958
2348094469223
2348090517226
2348090372669
2348090004923
2348098375829
2348099707731
2348097371159
2348096412631
2348094082067
2348099160771
2348096745795
2348094679206
2348091097451
2348093916798
2348091443127
2348096843826
2348092328011
2348094164769
2348098905931
2348099204831
2348092293064
2348092990835
2348092050999
2348092849371
2348090809747
2348095991781
2348098933817
2348090174747
2348099422990
2348093764637
2348098944655
2348094899754
2348090776126
2348097005647
2348097577716
2348090019693
2348092318515
2348093396534
2348090775299
2348093654376
2348090310376
2348097418247
2348091208869
2348095652289
2348099642466
2348092417533
2348091747404
2348092582083
2348095175610
2348090215600
2348099327748
2348094757493
2348090231357
2348093989624
2348093217334
2348090030713
2348094623736
2348098000435
2348094568637
2348090528953
2348092018388
2348096176118
2348095337138
2348096254861
2348094913604
2348090934745
2348099904115
2348095692930
2348096085152
2348093216207
2348097890285
2348097377317
2348098934266
2348099028311
2348099307410
2348098094558
2348094642254
2348097155287
2348094866163
2348092805443
2348094635959
2348093660029
2348095415433
2348090966371
2348094935831
2348094402587
2348096284701
2348099438454
2348094643001
2348096877517
2348093810558
2348098996123
2348094858949
2348095282681
2348094766560
2348097425011
2348098625772
2348090039834
2348095054447
2348098116335
2348092289167
2348098234780
2348090008617
2348096898513
2348096849391
2348097815880
2348097276623
2348095023481
2348094647094
2348099849428
2348092974293
2348098959207
2348096725444
2348098209757
2348099604340
2348093671285
2348091835091
2348099311343
2348096073681
2348097718412
2348090213633
2348099169457
2348092220348
2348092690815
2348096303852
2348093124537
2348098942305
2348098090136
2348092311710
2348099312984
2348096383993
2348090262469
2348099491987
2348094922476
2348093306673
2348094238444
2348093776360
2348090022827
2348093516678
2348098763094
2348095790362
2348095619606
2348091140750
2348090742048
2348091185528
2348098997801
2348095421083
2348092689957
2348094177127
2348096906819
2348099265838
2348099423407
2348093163225
2348099639901
2348094315192
2348090853017
2348099028922
2348096998222
2348098609833
2348094828500
2348092663293
2348098705472
2348090718745
2348092272595
2348097233423
2348090877511
2348099170560
2348093961568
2348091853881
2348092282382
2348094984895
2348099193548
2348091394527
2348095629797
2348096580644
2348099822664
2348090211485
2348093586604
2348094105290
2348091859554
2348095038204
2348098824759
2348095409557
2348091622964
2348095268231
2348098913560
2348097807971
2348093550887
2348090151224
2348093234353
2348092445447
2348098911826
2348093975950
2348097619897
2348096779290
2348098724102
2348091754413
2348093017255
2348095571119
2348097272887
2348090842735
2348094781901
2348090754084
2348090162782
2348095224423
2348094304440
2348092325359
2348098609244
2348091818598
2348095295404
2348098328149
2348090041475
2348096560911
2348091274046
2348099429156
2348091925602
2348091869792
2348099688216
2348093314059
2348097414444
2348096870676
2348097034955
2348092328314
2348096487496
2348099166891
2348092101899
2348095423195
2348095576454
2348093146894
2348090872948
2348091992482
2348091540503
2348090573807
2348092976893
2348098061725
2348091237629
2348099108749
2348097765018
2348091230537
2348098850373
2348095248566
2348096848785
2348090378846
2348094910674
2348091323517
2348093118698
2348097891292
2348091664381
2348095787025
2348098509229
2348096374809
2348098215740
2348095355776
2348097474037
2348093609362
2348090570892
2348090254285
2348091509223
2348094878084
2348090055601
2348099231116
2348097643635
2348099001541
2348092493742
2348094543693
2348094352891
2348095121758
2348091056616
2348090348755
2348092123431
2348097027473
2348093001561
2348096326559
2348098018975
2348090983451
2348096145284
2348090383208
2348092896859
2348095136611
2348098476469
2348091385141
2348098561463
2348094242504
2348095240548
2348090335919
2348096620165
2348098675458
2348093939331
2348094783561
2348096758349
2348091028492
2348097050415
2348090673907
2348092030847
2348099365534
2348090158390
2348095072076
2348092476820
2348092394086
2348096273093
2348097749438
2348098258471
2348091843982
2348094543239
2348097285589
2348097441239
2348099609744
2348091910916
2348098752756
2348094511905
2348097374033
2348093247010
2348099180742
2348093396201
2348096023120
2348094575431
2348090915729
2348096385689
2348091108614
2348093507418
2348097684607
2348092854259
2348094830191
2348096130781
2348091850915
2348093412217
2348091573706
2348096125538
2348099584085
2348093068577
2348094620829
2348093608448
2348092416403
2348093816958
2348099391996
2348092861664
2348090307810
2348090043543
2348094114846
2348094375427
2348090934039
2348098131072
2348096275210
2348099709108
2348092223623
2348092641580
2348092147697
2348093048575
2348090825897
2348095727386
2348090716206
2348094828826
2348099314443
2348099638033
2348094706824
2348091528730
2348094972131
2348093019838
2348091180409
2348099988521
2348096158533
2348094175323
2348091129852
2348097279121
2348099829188
2348094648829
2348093395942
2348091137469
2348092005238
2348092256544
2348096206198
2348099759334
2348095662476
2348095979715
2348096376722
2348092521502
2348091300599
2348099727626
2348091119218
2348095168193
2348095066722
2348095345200
2348096714577
2348099384664
2348091641433
2348091637376
2348095506804
2348095864068
2348090569854
2348092394138
2348095427547
2348090538666
2348095486500
2348090032208
2348095758857
2348099047722
2348099385276
2348098312131
2348092883271
2348093384358
2348097774083
2348099187763
2348094561463
2348093537977
2348096568114
2348092896566
2348092134758
2348098996635
2348095510861
2348095660985
2348097199219
2348099922398
2348098547003
2348094892453
2348099499241
2348095334780
2348093437743
2348090780323
2348093571360
2348091837004
2348092962181
2348092303039
2348090653826
2348090931007
2348099411560
2348096284241
2348099297270
2348093965392
2348098349370
2348096349116
2348090457715
2348091737997
2348099990899
2348092040086
2348098329454
2348098213264
2348096525483
2348095608082
2348097331292
2348095460806
2348094488532
2348096033921
2348090923451
2348098960090
2348098910879
2348098273852
2348093484207
2348092427981
2348095553971
2348092355300
2348098554727
2348092904233
2348098764004
2348095995282
2348094420147
2348098867152
2348090039793
2348093025019
2348093112080
2348094523282
2348094461229
2348093145154
2348099249901
2348094842234
2348097757784
2348096590972
2348099766010
2348097125637
2348093455815
2348090641611
2348092625610
2348091617592
2348095122379
2348090968721
2348099879945
2348099483911
2348095989475
2348099732760
2348094118065
2348091283482
2348094062603
2348098876578
2348093575786
2348091230427
2348095878030
2348092936177
2348093804814
2348090540493
2348093990685
2348092915979
2348093536719
2348096002589
2348098205450
2348091907674
2348096583160
2348092069258
2348098865633
2348098185137
2348094098815
2348095438934
2348091154486
2348098245035
2348091230449
2348095215964
2348096179363
2348098500464
2348096680775
2348097924157
2348092131116
2348094347459
2348094298230
2348094873225
2348096396671
2348090276120
2348098263148
2348097660288
2348091103953
2348099143177
2348097688579
2348099764117
2348097585868
2348097332506
2348095595950
2348099357471
2348093552669
2348094070709
2348094123343
2348098209860
2348096022928
2348097673374
2348098453150
2348099827095
2348090247357
2348096207702
2348094750111
2348092391280
2348090676937
2348090163171
2348090155000
2348099950933
2348093209393
2348097354019
2348094691356
2348095983283
2348091206778
2348094621650
2348095211958
2348095655254
2348093706439
2348097036509
2348097440579
2348098179603
2348091268632
2348090579339
2348098588890
2348098101423
2348095418071
2348097742710
2348099767674
2348098454685
2348098147819
2348094499001
2348090960631
2348097083461
2348092154142
2348090452575
2348097110040
2348094068757
2348092989673
2348091619197
2348098605987
2348092977586
2348090415304
2348095239440
2348096303053
2348091238146
2348098205172
2348092409009
2348098489807
2348090076759
2348091469594
2348093093863
2348090251411
2348091873584
2348090017548
2348090836192
2348099402435
2348095125560
2348093481118
2348090319323
2348096408472
2348098443321
2348092129923
2348092100515
2348095045306
2348099721451
2348095563038
2348098865151
2348099273307
2348095816427
2348097940696
2348093679889
2348098546782
2348090437972
2348098129052
2348091215761
2348091605075
2348094529227
2348098481822
2348097439859
2348092471388
2348090017818
2348094195595
2348095293503
2348090711164
2348094583554
2348095320497
2348095566743
2348094918914
2348099007991
2348091963374
2348099392380
2348094648354
2348091589649
2348091276955
2348092640181
2348096604116
2348095681956
2348091249757
2348093928568
2348091523605
2348096727683
2348099477869
2348092294019
2348099108151
2348091748321
2348096387969
2348091619822
2348094970944
2348090003933
2348092796937
2348097637308
2348090724485
2348099532492
2348090609203
2348092072276
2348092877987
2348099245021
2348098219817
2348090711958
2348096353545
2348095601382
2348093722997
2348097443129
2348098384308
2348096709228
2348094412087
2348094500952
2348098396590
2348095059186
2348096286880
2348095564214
2348091531938
2348099691571
2348092816532
2348091696343
2348098244251
2348099935765
2348091915484
2348099436831
2348094195087
2348094643356
2348090824542
2348092355086
2348096385142
2348093039074
2348098600527
2348096290208
2348092663020
2348090406507
2348093464814
2348098545348
2348090212478
2348093219677
2348094427530
2348090498135
2348090607343
2348095980354
2348099241389
2348091532811
2348097824224
2348094133341
2348097027789
2348095036701
2348097834756
2348093785041
2348095439823
2348091670009
2348090132682
2348096563242
2348095021840
2348092830503
2348091254353
2348099882834
2348092134145
2348090313818
2348094669876
2348099262028
2348099738954
2348091377036
2348097422452
2348096798236
2348098780592
2348099493978
2348098334494
2348093601030
2348090188305
2348094935876
2348094450805
2348097460788
2348095919896
2348099933253
2348095217941
2348093774709
2348098324039
2348091030249
2348094655021
2348093316853
2348099354649
2348094088141
2348096810854
2348098342324
2348096941278
2348098509379
2348095644658
2348096919181
2348097513601
2348098467090
2348096882064
2348091509982
2348091888722
2348091110723
2348090007448
2348095518313
2348090937947
2348093753526
2348091061037
2348091766212
2348096404208
2348095792143
2348092366941
2348099919183
2348099540574
2348098487369
2348096122377
2348092026833
2348091574057
2348099365716
2348096192766
2348094086137
2348092972509
2348091706773
2348096954152
2348099169037
2348096657803
2348099490451
2348095495571
2348093100681
2348096586062
2348096600814
2348097508764
2348090770564
2348092574907
2348095680968
2348094440191
2348097271483
2348094428075
2348092327321
2348092549913
2348093028685
2348094049777
2348098294785
2348090631300
2348092920253
2348091069080
2348093075767
2348098275585
2348092083702
2348095768143
2348097055260
2348097173058
2348097882399
2348093642821
2348092790808
2348090862328
2348094127629
2348092549126
2348091520622
2348093324765
2348097442508
2348096148253
2348098222292
2348092339886
2348091003807
2348091637157
2348099863048
2348091633520
2348093403781
2348090916628
2348097124900
2348098752977
2348092937091
2348097351912
2348095257064
2348098047063
2348098064969
2348096674929
2348095512706
2348095062106
2348092028916
2348097343649
2348090776231
2348095019769
2348098277167
2348098292432
2348090443507
2348091775060
2348095287872
2348094646167
2348099199034
2348099431553
2348096850632
2348092270790
2348096275584
2348095488792
2348090041589
2348090941936
2348098268309
2348096003981
2348093382579
2348098055521
2348091378564
2348090522532
2348098463853
2348099208999
2348091993807
2348099502384
2348095938134
2348090006996
2348097023720
2348093766711
2348092468011
2348097353833
2348093388750
2348092801256
2348096245343
2348093887843
2348093405101
2348092195281
2348095919570
2348093199319
2348093676126
2348095620286
2348093538358
2348091074775
2348095729619
2348094184349
2348098541557
2348096902916
2348099049179
2348098785734
2348097520153
2348096800675
2348090803705
2348095909299
2348098783685
2348097513374
2348099026751
2348091597776
2348093398409
2348099172898
2348099838174
2348094904138
2348095453770
2348095672366
2348093346677
2348094405727
2348098785791
2348093015263
2348094331416
2348094466626
2348093508423
2348090008536
2348091793459
2348097644658
2348090079417
2348095064702
2348097532790
2348099656237
2348097057162
2348098126724
2348093417546
2348099707722
2348099118234
2348091518042
2348097902927
2348095931744
2348097640700
2348097854711
2348092531838
2348098841066
2348094020356
2348093968317
2348091020940
2348095796936
2348091707941
2348093183435
2348092960920
2348091819075
2348091681940
2348098227889
2348098222098
2348092275844
2348094539394
2348091670088
2348094177090
2348096408821
2348092886052
2348094910594
2348098981453
2348092061352
2348097130351
2348099602727
2348091579623
2348090599147
2348099954030
2348096396058
2348093318342
2348096890835
2348096797322
2348099538383
2348091804471
2348093375580
2348093495729
2348099817625
2348096470621
2348090199684
2348096108205
2348090038109
2348096368214
2348092960447
2348090866388
2348097813806
2348092656455
2348091319395
2348099791495
2348091659995
2348095349847
2348099877215
2348093124900
2348095644914
2348094068830
2348096024597
2348095581675
2348093083843
2348093679492
2348093657616
2348096119512
2348094978552
2348096594606
2348098360350
2348099597372
2348097155808
2348097428608
2348097139797
2348091646272
2348096569570
2348090173315
2348099328541
2348095856019
2348098210176
2348094482472
2348094148969
2348091030122
2348099760751
2348097413557
2348096979155
2348094653152
2348091049480
2348097387040
2348095146576
2348092599409
2348092405072
2348096568706
2348093886606
2348093242473
2348099842957
2348095368778
2348091836653
2348097465351
2348097511443
2348092365404
2348098185024
2348097038679
2348093560404
2348090621078
2348092131272
2348094562629
2348095726176
2348096645598
2348096869251
2348098361849
2348099386383
2348095299871
2348097434897
2348092541854
2348099556059
2348092769085
2348094860214
2348091036241
2348091570641
2348097091851
2348091280680
2348090770979
2348092996275
2348096529655
2348098697164
2348099268674
2348099791472
2348095395441
2348091781708
2348092242194
2348097341927
2348098929744
2348091440213
2348092375194
2348097998842
2348091618097
2348098990750
2348097097729
2348094701048
2348093921541
2348098388721
2348093556074
2348091893798
2348091584097
2348095797951
2348096371698
2348099859286
2348092176805
2348090191442
2348094261511
2348092083451
2348092893009
2348096455971
2348090437672
2348099614363
2348097261799
2348096771525
2348093778179
2348099094167
2348092460802
2348099688524
2348097855256
2348094173076
2348095155084
2348099510763
2348093727996
2348091763652
2348096788829
2348097448535
2348093316021
2348092862489
2348095053107
2348092732798
2348092480902
2348090362585
2348095544283
2348092376455
2348094577678
2348098095808
2348098848579
2348090186277
2348096368424
2348094078950
2348099236641
2348099723079
2348098400056
2348098776550
2348093586571
2348090120549
2348091587343
2348093733722
2348095716189
2348092608196
2348097590813
2348097653460
2348098170688
2348091799812
2348096370481
2348092799496
2348098162202
2348098231258
2348099548374
2348094116053
2348098168839
2348096366634
2348093177788
2348093525576
2348092318741
2348095462106
2348092513611
2348094393477
2348095188637
2348098060657
2348090251988
2348091387288
2348094825937
2348092063889
2348096802632
2348095693625
2348091014907
2348091341637
2348094078607
2348097873312
2348093485642
2348091330276
2348091376214
2348095124679
2348095695448
2348090703278
2348099047443
2348099532305
2348091609795
2348092157214
2348091380850
2348094990136
2348092223998
2348095944880
2348093420033
2348098533459
2348098641030
2348098863873
2348092697529
2348096426433
2348098212590
2348095396980
2348096563329
2348098759076
2348098951250
2348098071651
2348097977561
2348094303428
2348092594877
2348090899283
2348097645473
2348090833471
2348090175484
2348098812426
2348093432607
2348097497510
2348097239445
2348098491112
2348099534986
2348097105503
2348097624885
2348097380682
2348098512340
2348093128044
2348090475577
2348096287517
2348094220348
2348095257207
2348090499026
2348093888992
2348094017022
2348090112227
2348094739034
2348099990709
2348090422093
2348093998985
2348096695366
2348097583812
2348095391560
2348093728325
2348092628981
2348091797073
2348091302952
2348092419711
2348098771835
2348098763339
2348094524173
2348090107545
2348090222392
2348093213301
2348097242920
2348092697567
2348096302825
2348092239243
2348092858470
2348094934074
2348098021717
2348097318780
2348096793462
2348096478545
2348092431058
2348094206245
2348092404666
2348091371431
2348096050787
2348098754179
2348097783706
2348099956261
2348096825841
2348094204548
2348093054502
2348094955838
2348094697805
2348095243836
2348095956288
2348090239879
2348098153500
2348097973769
2348090645357
2348095094742
2348097431488
2348090965183
2348097606825
2348094202431
2348091251882
2348097993356
2348095556590
2348090691218
2348092397635
2348096410311
2348097223881
2348093001747
2348090868751
2348094178543
2348095871378
2348094010012
2348098057383
2348090025814
2348096431590
2348091618241
2348097073066
2348092452891
2348099404501
2348091562378
2348091464464
2348091187419
2348092414444
2348091162391
2348098102568
2348095532437
2348096044324
2348096391910
2348096052397
2348093629118
2348095743155
2348094639182
2348099562227
2348094723166
2348091506781
2348097589999
2348093930202
2348099714420
2348093352792
2348093666276
2348090563401
2348091040406
2348090939304
2348093803359
2348093209344
2348091800715
2348098061318
2348098279156
2348095671805
2348097254612
2348090456979
2348096858765
2348091912865
2348095483099
2348091635360
2348091929017
2348096880848
2348090883941
2348097623880
2348092163316
2348094199893
2348096193274
2348095744564
2348099357371
2348096172527
2348098425699
2348090530730
2348095495160
2348091096972
2348097119139
2348094559189
2348094469165
2348090380437
2348093464569
2348099299969
2348090061177
2348098380396
2348099241127
2348094553879
2348094642470
2348090974483
2348098375564
2348093071760
2348097321764
2348098866197
2348097955691
2348094549224
2348090903427
2348090285644
2348095784683
2348099983444
2348093859411
2348094865651
2348090211800
2348099756304
2348091916926
2348092401592
2348092392517
2348093383245
2348090757474
2348093370053
2348093681487
2348092788287
2348099451319
2348099732785
2348098521870
2348093135477
2348092673290
2348095920820
2348097269644
2348091135210
2348092416766
2348097955752
2348095154659
2348096686940
2348096171676
2348097826485
2348091133156
2348099987414
2348096295130
2348098904089
2348096005361
2348095464149
2348099303226
2348090016357
2348090687713
2348098016903
2348096322678
2348090541423
2348090333469
2348096611053
2348097731955
2348096881381
2348094185930
2348094675945
2348094969473
2348092523749
2348094426680
2348098326946
2348093441504
2348098441621
2348097663303
2348093887217
2348097330886
2348097638209
2348097898845
2348090932623
2348098688800
2348095132738
2348092652980
2348096808002
2348095978738
2348090027945
2348099677664
2348094906833
2348092625697
2348093118010
2348098735938
2348097512420
2348099488425
2348094058425
2348095983172
2348093996787
2348099800022
2348093753622
2348097265859
2348095127054
2348094363455
2348091534965
2348092457439
2348093801605
2348093778665
2348091956962
2348091155519
2348094080114
2348092735901
2348093019032
2348093384033
2348092965860
2348095612367
2348096057953
2348095877717
2348098615107
2348099953159
2348092765690
2348098265794
2348091007756
2348099468759
2348093620001
2348099637044
2348092019915
2348098480917
2348093800378
2348090448963
2348092531183
2348095915634
2348099895552
2348094391847
2348092938143
2348098619827
2348095634703
2348090900966
2348099623658
2348098559022
2348091187809
2348099762334
2348099131450
2348097003087
2348096388426
2348090215884
2348091012082
2348090272929
2348091688214
2348090227154
2348090004185
2348094621390
2348090387450
2348091824068
2348090062941
2348094017063
2348090661907
2348097147321
2348097784823
2348092131310
2348099885260
2348095214406
2348091580031
2348099145788
2348094786894
2348090945851
2348095166601
2348092035751
2348094670678
2348099243053
2348096401104
2348096769480
2348094481608
2348098637316
2348097985452
2348091148467
2348090719058
2348098326290
2348097651263
2348092005850
2348099907133
2348099840834
2348090501563
2348099362621
2348095513113
2348090575602
2348095338147
2348093910945
2348093849157
2348097557058
2348098893826
2348098335210
2348095217522
2348093637161
2348094314144
2348098923334
2348096588331
2348099921833
2348096466248
2348096275828
2348097049152
2348098353461
2348091626809
2348099613918
2348093603314
2348099735135
2348090137515
2348097993300
2348090101841
2348099508412
2348099086224
2348096282498
2348090123984
2348098216013
2348094637685
2348091133641
2348095395686
2348097143059
2348094692369
2348092042126
2348096323598
2348098744612
2348097495623
2348091428088
2348093438941
2348092914041
2348091686903
2348092635000
2348095284405
2348094154000
2348093875612
2348090693011
2348094196492
2348090209949
2348096508093
2348090790251
2348099820619
2348090338736
2348091286835
2348094306298
2348095748597
2348095003839
2348099307318
2348091359089
2348098595462
2348092105512
2348092447417
2348098983392
2348095093271
2348095146991
2348094859433
2348099263141
2348090397092
2348093864089
2348094983809
2348097563280
2348092111642
2348096325171
2348094894678
2348096199576
2348095934620
2348097605719
2348096095114
2348090078019
2348090294743
2348095943810
2348093484633
2348099898098
2348091023809
2348092766294
2348097578474
2348097760622
2348097503686
2348097876088
2348095798229
2348090298566
2348095699856
2348097125812
2348092189466
2348099219832
2348090079905
2348098439480
2348092801646
2348095752219
2348098108743
2348092471698
2348096225598
2348093474205
2348096313203
2348091124948
2348098094713
2348093208750
2348093242450
2348093651699
2348092320767
2348098563573
2348090837471
2348097613602
2348092724367
2348098796495
2348096224324
2348097431635
2348091177090
2348091156374
2348091815150
2348090722326
2348093195364
2348099381872
2348093097979
2348090871369
2348099654407
2348091748770
2348093209813
2348097963189
2348096752534
2348096462636
2348092399997
2348097027669
2348097556777
2348095673895
2348096582049
2348097118047
2348095397937
2348094338467
2348093937968
2348095039662
2348095757499
2348097153883
2348097501767
2348091688222
2348092070806
2348097513199
2348092502992
2348094966524
2348099688057
2348091645865
2348090534103
2348098156915
2348093339428
2348092728703
2348092969736
2348093906741
2348099925254
2348096844514
2348097683641
2348099736224
2348091961915
2348094331070
2348096315394
2348095898231
2348095396777
2348097147572
2348097389693
2348095661757
2348099526102
2348093898351
2348096263054
2348094177028
2348094631312
2348093005641
2348096949544
2348092777044
2348098018098
2348092093968
2348092612545
2348092259387
2348098055456
2348090770326
2348090279613
2348096426271
2348094696498
2348097771985
2348091926147
2348093620175
2348096592694
2348091398166
2348094563830
2348094224351
2348093829915
2348094050837
2348093311012
2348096644784
2348091609128
2348096793619
2348090217741
2348096709217
2348098223337
2348090626816
2348093229227
2348090445285
2348095413015
2348098230555
2348099760362
2348097171048
2348096007218
2348090005519
2348098462711
2348093186420
2348099848310
2348099277660
2348098589309
2348095433590
2348099666477
2348098499823
2348096496852
2348095548423
2348091347865
2348094219983
2348093238976
2348098908724
2348096531481
2348094161219
2348097573412
2348094786607
2348097709459
2348096832619
2348094054147
2348094242355
2348094105641
2348097305452
2348097183508
2348090795221
2348091743365
2348091785540
2348094093661
2348092882377
2348097815140
2348096794760
2348096375435
2348097983989
2348095537218
2348091721033
2348096330453
2348099048341
2348093500604
2348099316836
2348097603747
2348091444928
2348091146619
2348094845505
2348093796394
2348097175474
2348095255309
2348096189056
2348096438793
2348092594832
2348095009404
2348096337228
2348096357072
2348096608068
2348099776287
2348092804046
2348097962008
2348094555366
2348092062692
2348094873092
2348093260922
2348099758940
2348091524420
2348091629190
2348097224992
2348093547868
2348093072874
2348092966596
2348094050751
2348090203541
2348099842249
2348092879356
2348095372411
2348094125955
2348098695170
2348094643535
2348090137862
2348090674960
2348093414374
2348091333266
2348091892783
2348091041940
2348098529437
2348096798957
2348098239065
2348092502404
2348094637057
2348097184526
2348095675589
2348098209574
2348098472515
2348093913710
2348094537941
2348093585734
2348094579552
2348097402745
2348091160820
2348096442894
2348096788824
2348091253714
2348091222438
2348090658592
2348091474765
2348092700365
2348098278862
2348095179611
2348090162988
2348096792245
2348095166875
2348092811455
2348094394418
2348093773802
2348097492300
2348098868323
2348096929600
2348096288505
2348091742897
2348094680056
2348097738531
2348093349940
2348090931459
2348093945852
2348097158022
2348094329118
2348090790641
2348090381141
2348095575991
2348097990858
2348093690942
2348091228434
2348095048819
2348093725155
2348097192611
2348093239011
2348095742511
2348090930821
2348096902205
2348091432596
2348091821346
2348090364378
2348098112127
2348098343192
2348096344011
2348097447729
2348094491541
2348091312615
2348096807977
2348093631797
2348091826332
2348092872494
2348093040156
2348099375544
2348094957153
2348091652400
2348093970475
2348097908753
2348099019838
2348090020772
2348097444993
2348097265637
2348093099446
2348091817162
2348097232958
2348092810656
2348090015188
2348099157551
2348096474037
2348096421230
2348098437420
2348099718470
2348090259241
2348099324123
2348094432745
2348098556427
2348092453991
2348090676672
2348096854291
2348098208992
2348098370721
2348095243704
2348098810258
2348094832425
2348091252414
2348092015360
2348099241561
2348090626837
2348096975669
2348097928673
2348098976608
2348095124145
2348092311266
2348099984052
2348093007461
2348091042131
2348091081903
2348091498344
2348091753828
2348091973371
2348093808744
2348099707180
2348099178056
2348095083256
2348093449887
2348094850029
2348094272478
2348090427624
2348098360134
2348098031069
2348093743115
2348090573018
2348098249646
2348097121975
2348090256872
2348091098497
2348097091809
2348090898119
2348091074733
2348096041894
2348096889107
2348096575675
2348090826109
2348099141272
2348095268409
2348097558883
2348097971424
2348094927233
2348090584261
2348095463212
2348094851282
2348091306719
2348093904234
2348092932379
2348094069914
2348096435106
2348095727072
2348094104788
2348095281112
2348097510438
2348090235030
2348095845116
2348097537596
2348095518602
2348099899186
2348096284510
2348096537453
2348093621710
2348097560873
2348092579829
2348092219431
2348093926451
2348099606371
2348090135056
2348096819592
2348095501886
2348094685103
2348090452311
2348099555770
2348091975033
2348096634024
2348092666908
2348099400327
2348093564807
2348098583226
2348097925034
2348093814423
2348099814745
2348091017027
2348096727422
2348093097016
2348092861542
2348092029980
2348095102143
2348099511721
2348091515577
2348096276884
2348095530065
2348091805775
2348095458770
2348092012314
2348092052718
2348096162248
2348093180988
2348091794738
2348094906273
2348095455397
2348094000817
2348097059242
2348092420016
2348093681990
2348093072936
2348090228845
2348090332288
2348093818286
2348092036599
2348098966746
2348090279056
2348098875040
2348098946276
2348094666204
2348095255017
2348097902402
2348091574588
2348096771287
2348097946349
2348094361442
2348099587311
2348096800772
2348099761855
2348096355367
2348092726596
2348090660013
2348091305793
2348091213518
2348098973975
2348095583165
2348097670320
2348096469489
2348098578517
2348092699403
2348096035737
2348091097172
2348098799969
2348090481861
2348090926103
2348090786394
2348097728360
2348097827284
2348093696732
2348092159748
2348095791186
2348093947505
2348099933317
2348097893891
2348094866490
2348090867659
2348091242114
2348091051131
2348092917183
2348090246982
2348098767024
2348097579304
2348094499768
2348097453992
2348091009760
2348096230199
2348095708488
2348095906708
2348096401169
2348092704952
2348095855622
2348090849921
2348099810027
2348096318340
2348095406010
2348093189469
2348094093397
2348091666061
2348094493292
2348098230694
2348090983019
2348092986603
2348094929803
2348098456664
2348093037282
2348098395583
2348090930405
2348090010181
2348093964521
2348093000709
2348090200219
2348099705543
2348094573817
2348091605833
2348099710300
2348095091483
2348095105764
2348094317337
2348098238326
2348092171578
2348096568612
2348095719598
2348092644196
2348091251117
2348098391864
2348095900495
2348098136176
2348098780096
2348093159821
2348090399547
2348094869629
2348095533117
2348096670013
2348090660159
2348092527003
2348093349326
2348097534668
2348093915545
2348096916400
2348091217839
2348094189775
2348095546085
2348094459350
2348094624531
2348096584420
2348099256069
2348098957887
2348096407364
2348090566545
2348090477456
2348094990246
2348093031970
2348092538784
2348098096308
2348096434549
2348097281424
2348099292358
2348094136336
2348091144575
2348091852744
2348093090726
2348093486708
2348093926584
2348091824328
2348095887790
2348095403539
2348096702642
2348099106929
2348093545606
2348095182406
2348094228946
2348091376780
2348096656008
2348099257325
2348092691659
2348098143216
2348095207538
2348099039033
2348098331132
2348095003582
2348093916407
2348093563867
2348091951187
2348097886729
2348090787571
2348091610831
2348094659728
2348090616959
2348096617170
2348092807466
2348099055560
2348098821564
2348093079225
2348093117460
2348093562111
2348091673484
2348096101220
2348099872354
2348098702460
2348090949582
2348090177508
2348095377920
2348095391927
2348093336099
2348094513445
2348097826387
2348098874656
2348092371423
2348090677709
2348091790845
2348096420818
2348098982854
2348093552654
2348096485650
2348098488415
2348091592524
2348090231567
2348095935181
2348099580242
2348096755665
2348092699583
2348093470510
2348099469968
2348092728914
2348091317953
2348091510474
2348098688610
2348092671042
2348096668196
2348094962897
2348095440528
2348094683618
2348097690612
2348099897598
2348092525890
2348095037018
2348098098107
2348092077916
2348090955290
2348091330897
2348096045370
2348097265215
2348091861384
2348099790127
2348098103038
2348091844897
2348092724326
2348095159840
2348098187992
2348093724772
2348096715754
2348090094849
2348099079674
2348094696167
2348093353980
2348096222472
2348090716868
2348094637181
2348090563354
2348094919320
2348099425352
2348098989918
2348098538607
2348091714347
2348092103201
2348097143586
2348097487887
2348097983117
2348090797708
2348096180537
2348095456885
2348093072269
2348097910128
2348092684922
2348097820536
2348096913965
2348099558419
2348091534948
2348092319159
2348098581444
2348098643816
2348091622933
2348094473529
2348097347463
2348098139106
2348099149603
2348090819164
2348092188437
2348090415286
2348093287294
2348099215784
2348095515366
2348098217111
2348095760923
2348097951829
2348090695044
2348092577154
2348099209563
2348099913602
2348099733627
2348095510368
2348098941226
2348091370153
2348090446125
2348091949242
2348095282647
2348093545832
2348097036448
2348092987551
2348097126352
2348095937136
2348091020549
2348099079353
2348095160747
2348096056594
2348091535934
2348092590457
2348091885589
2348092140635
2348095482129
2348091185339
2348092701369
2348096699061
2348095762025
2348091514039
2348096102048
2348095155395
2348091223582
2348098553509
2348096360062
2348090441068
2348090274356
2348098332581
2348098931676
2348090978187
2348094889904
2348097223910
2348096483499
2348098134163
2348094728744
2348099838881
2348096058980
2348097035949
2348097993828
2348097864939
2348090845201
2348095174006
2348099925011
2348093373790
2348099121516
2348098663180
2348094816427
2348096268698
2348094839895
2348097030831
2348093669832
2348099603076
2348095985906
2348095945866
2348091503101
2348093937288
2348093090701
2348090091892
2348094682054
2348092869420
2348096044117
2348092953836
2348095560364
2348099374431
2348095349058
2348093852074
2348097611630
2348093833385
2348091625328
2348093721315
2348094094516
2348096274503
2348093203101
2348091280223
2348097070177
2348094619539
2348095640868
2348096154458
2348093606785
2348096097457
2348097023776
2348094905967
2348094461046
2348090986528
2348092298125
2348091393269
2348098789251
2348096506466
2348096568929
2348097702840
2348096414110
2348095720926
2348097484846
2348093667397
2348098246044
2348098274546
2348092037007
2348091878952
2348091020575
2348091924567
2348092524751
2348099599106
2348097079218
2348096347883
2348095723923
2348097235832
2348095587207
2348096727731
2348094922093
2348099331881
2348097185733
2348091889903
2348096547201
2348099510477
2348098512850
2348098579354
2348093811466
2348096658713
2348094428560
2348090276647
2348095061566
2348096250187
2348093919828
2348092324107
2348098175297
2348098698745
2348095922142
2348093583157
2348098257924
2348091777882
2348097106774
2348093818662
2348093987513
2348093151679
2348095079043
2348098678346
2348099288747
2348094189120
2348098899576
2348091532968
2348098949152
2348096768423
2348096511149
2348091564028
2348099546065
2348091799316
2348096011253
2348099809949
2348092394522
2348090671625
2348099456672
2348090833535
2348091707720
2348096499799
2348090680698
2348092406345
2348092776390
2348094481509
2348098999948
2348093120647
2348090397050
2348099447543
2348093335945
2348090758719
2348091658101
2348098991644
2348093192725
2348090945129
2348095855750
2348097174204
2348092310675
2348098231807
2348090021042
2348098971953
2348099038912
2348096014109
2348090895020
2348095078443
2348094276602
2348094553194
2348091131911
2348091288422
2348097708215
2348091661921
2348090912685
2348094622474
2348098937775
2348096936651
2348097792463
2348098966812
2348095674766
2348096295411
2348098332314
2348093987842
2348094551137
2348092348300
2348091812298
2348099522588
2348090225751
2348097559474
2348095391126
2348096768100
2348092937664
2348091328016
2348092022820
2348099446565
2348099688764
2348094782083
2348091365647
2348092018541
2348092002274
2348094196439
2348092418421
2348092129493
2348093834620
2348099731856
2348099465339
2348092088705
2348097137989
2348095491604
2348093526824
2348094801195
2348097009668
2348094647114
2348098728204
2348090795520
2348095114711
2348090134250
2348090871142
2348090578137
2348099290361
2348090044132
2348092960543
2348090057376
2348093683729
2348096788949
2348093534824
2348095089978
2348093142944
2348096937285
2348092362395
2348093869673
2348092319461
2348099896749
2348095591332
2348093438525
2348092998734
2348098127977
2348093687870
2348096396878
2348097664148
2348090570945
2348094235005
2348094328278
2348099066697
2348098234832
2348091739741
2348093017322
2348094576640
2348093525093
2348099042941
2348096333471
2348091759136
2348090592818
2348093080508
2348095496025
2348091503373
2348090407278
2348093489649
2348095982743
2348099831598
2348097559642
2348099376492
2348091614934
2348096274101
2348095640866
2348097772973
2348098983862
2348091727739
2348090891513
2348092564902
2348091544580
2348098599248
2348090487953
2348097972567
2348098880460
2348097083695
2348097651928
2348094607953
2348091389939
2348098357907
2348093718690
2348093311365
2348097669005
2348098122429
2348091805656
2348095385650
2348092634771
2348090134667
2348098381405
2348092175055
2348093359831
2348099824703
2348091923944
2348090428807
2348093446248
2348090804387
2348099139502
2348095301502
2348098409526
2348090893890
2348094431002
2348097434039
2348095336264
2348097290882
2348092014964
2348097443055
2348092959279
2348096477263
2348090406036
2348096839420
2348099392233
2348095438626
2348096111608
2348091979303
2348097875313
2348097855666
2348090073404
2348099522387
2348097844506
2348097377951
2348090339419
2348097137997
2348094404054
2348091736422
2348094411110
2348092878041
2348096414403
2348097555661
2348093947207
2348096546159
2348090443637
2348095463107
2348090920222
2348096766890
2348092433832
2348098067166
2348091791474
2348099291153
2348092422365
2348094341422
2348095303378
2348098710510
2348095886553
2348098229238
2348091967860
2348091707025
2348093422361
2348091754231
2348097667551
2348090187437
2348098097128
2348091366628
2348098238989
2348098670213
2348091171295
2348097124411
2348099878094
2348093484953
2348096283611
2348095453494
2348099385221
2348090044405
2348095504174
2348093869696
2348094231779
2348093458174
2348092872576
2348093309738
2348096979438
2348096532596
2348097586761
2348099261623
2348093034785
2348094532303
2348096671093
2348091244386
2348090861773
2348097185401
2348094548606
2348090647522
2348099189505
2348093552171
2348097725983
2348091799429
2348090498456
2348099030756
2348098154295
2348094501081
2348095665508
2348092333284
2348096828638
2348092822374
2348093531810
2348096076234
2348091628576
2348095942201
2348098113649
2348092941804
2348093651941
2348095934606
2348096593782
2348095086880
2348094314716
2348097277133
2348092233821
2348090245678
2348094660160
2348099502298
2348091989803
2348098191202
2348094477431
2348093175843
2348096180491
2348093751104
2348099366673
2348090443911
2348097481974
2348099245665
2348091802691
2348098351110
2348096376003
2348098654815
2348093225097
2348098067763
2348098198861
2348090036878
2348092959029
2348096268025
2348096245067
2348094313763
2348091751053
2348099116782
2348095402199
2348095553798
2348095982042
2348094587206
2348095133901
2348098257468
2348090592964
2348097149675
2348094309532
2348094520183
2348093279216
2348099055137
2348096440659
2348098390391
2348096336248
2348099968345
2348092768592
2348090439286
2348094386261
2348093032208
2348099251753
2348090731673
2348094805975
2348091127180
2348096659796
2348094414467
2348092846510
2348093989641
2348099691237
2348093538965
2348091311099
2348091656113
2348099568434
2348093707843
2348098655330
2348099551891
2348094745057
2348094043022
2348090990756
2348097125427
2348099924858
2348092474906
2348099360894
2348093823598
2348090586532
2348098547461
2348095030303
2348099157578
2348095299621
2348093067518
2348099529277
2348097278190
2348099534224
2348093519114
2348091839196
2348093741955
2348093421377
2348099239319
2348091039176
2348097161696
2348097602935
2348098702061
2348095932270
2348096030538
2348096602946
2348094779227
2348097758993
2348092623075
2348097573784
2348090720178
2348090293093
2348092666153
2348093022518
2348090819689
2348099299656
2348090151317
2348096679343
2348098598134
2348098654981
2348098560849
2348097702819
2348095212095
2348094947671
2348097752747
2348093959741
2348095561756
2348092849096
2348092952635
2348095347432
2348098427332
2348093210213
2348094671388
2348098428478
2348098154256
2348096671833
2348095298353
2348096020874
2348098094670
2348093890294
2348098345013
2348092496958
2348097935114
2348093119754
2348090712094
2348093017496
2348097935930
2348097217924
2348099891345
2348094371258
2348099089486
2348096508855
2348095113018
2348098139041
2348093329473
2348093740814
2348092801271
2348098854825
2348091910805
2348093485525
2348095207854
2348098919998
2348095169737
2348098959570
2348095642550
2348095635171
2348099985017
2348095981187
2348099999037
2348096488742
2348094783051
2348091474085
2348090051823
2348093712936
2348096379928
2348090281031
2348096697059
2348097075245
2348091150549
2348091827085
2348092445076
2348096199669
2348099451271
2348093833758
2348095798169
2348096086923
2348093474105
2348099926824
2348095968267
2348092617093
2348092254757
2348093537357
2348091349504
2348094694821
2348092570927
2348096921669
2348099701743
2348097234578
2348097283879
2348099461433
2348096047439
2348090029007
2348097605667
2348090189048
2348098809143
2348099821142
2348093454079
2348099883332
2348095607929
2348098769927
2348093186295
2348098401249
2348090913229
2348098596603
2348091832532
2348099805680
2348092408615
2348099581124
2348093187614
2348096635348
2348095418918
2348095077980
2348091249328
2348099265281
2348092377575
2348093165430
2348092619446
2348091921103
2348098163186
2348095733365
2348091840558
2348095249924
2348092785023
2348099489120
2348099259616
2348098307150
2348097070375
2348099335770
2348095997855
2348098062484
2348092682446
2348098464089
2348092035915
2348098180001
2348098425556
2348094963195
2348091640839
2348095370502
2348095736245
2348098855856
2348097312050
2348095410377
2348090415006
2348095770822
2348099197021
2348091088021
2348095590780
2348096568333
2348097614494
2348099929764
2348098515511
2348096848605
2348094823690
2348094354484
2348090587155
2348090372997
2348098379375
2348099623748
2348095934596
2348098354185
2348093128032
2348090149336
2348092700727
2348094565523
2348095279418
2348097400397
2348092238129
2348090747162
2348090568631
2348092751839
2348090003735
2348093722596
2348093770678
2348090786293
2348098358589
2348091086079
2348097741856
2348098663931
2348093440386
2348093639861
2348096506763
2348095334084
2348095390142
2348094398629
2348092239495
2348098557763
2348092106137
2348094879601
2348094661432
2348096071376
2348090226425
2348092146863
2348097384887
2348093147088
2348097542501
2348095360137
2348091598619
2348099293444
2348098927741
2348093499441
2348097944318
2348098397548
2348099186928
2348099987381
2348093528797
2348096903332
2348091473482
2348092670712
2348094633956
2348095175924
2348094004461
2348095720621
2348094420342
2348098951082
2348099691725
2348094083837
2348094763300
2348094209458
2348095149454
2348090853771
2348095480036
2348095175033
2348098494498
2348096251103
2348095582808
2348096844756
2348091690625
2348096822525
2348099399062
2348097073251
2348092364733
2348092327181
2348099110470
2348094389510
2348090235100
2348098892195
2348098668643
2348098492957
2348094399969
2348095735668
2348099006499
2348095485689
2348094675408
2348098774093
2348095483440
2348098344594
2348099268425
2348096633718
2348095642160
2348098799726
2348098108791
2348094075488
2348093723378
2348098260803
2348096157828
2348096199366
2348097748525
2348093672749
2348097277870
2348094604141
2348090520265
2348098529937
2348090013766
2348092931832
2348093857550
2348090653663
2348091230469
2348098065451
2348099542897
2348099115796
2348098408127
2348091441055
2348094941304
2348099996173
2348097477695
2348094706807
2348091118293
2348096920231
2348097651053
2348099008676
2348090340404
2348097113296
2348093028388
2348091066223
2348090904983
2348091307740
2348099745344
2348094557937
2348095727890
2348090049026
2348099649209
2348095895184
2348097701600
2348095877277
2348092031712
2348090181579
2348099801277
2348098851761
2348093478458
2348090973794
2348093123287
2348096622832
2348094186458
2348093396606
2348092967181
2348092190693
2348095711827
2348091243433
2348096915140
2348092033642
2348094439514
2348091427997
2348091445654
2348096057636
2348092178406
2348099721286
2348098189858
2348091577311
2348091367589
2348092505860
2348093912720
2348095818142
2348096714097
2348096701888
2348093606021
2348096515326
2348098682968
2348093345333
2348098266916
2348096162572
2348096276910
2348099314488
2348099462559
2348091769167
2348096132431
2348093610822
2348096764987
2348098596862
2348091276351
2348090728369
2348099691086
2348094642453
2348094062176
2348097603597
2348097418649
2348092272664
2348095685971
2348096508876
2348094109014
2348095873616
2348090171737
2348099318598
2348092731793
2348095683022
2348094167729
2348093613205
2348096078745
2348091239681
2348097252570
2348093944332
2348094660612
2348093595512
2348091113776
2348090907928
2348095410715
2348091747139
2348096326083
2348095674422
2348093652376
2348096304372
2348095495923
2348091563975
2348091022410
2348096378910
2348093085565
2348093298014
2348096408431
2348099886797
2348096847281
2348097579979
2348093652395
2348098683168
2348092927081
2348098691352
2348091772410
2348093375585
2348094823848
2348090208527
2348092806238
2348098890883
2348097394021
2348099670483
2348097691716
2348098870886
2348090426948
2348096729238
2348091384638
2348092109197
2348091079485
2348096201239
2348091467505
2348094326886
2348093299537
2348098530493
2348090351200
2348097682117
2348090457807
2348096185284
2348092105729
2348099605582
2348099692001
2348098870079
2348093678697
2348093936419
2348090646115
2348093190832
2348090087082
2348097225070
2348094160006
2348090918578
2348092187773
2348098737636
2348091972751
2348095397611
2348096327441
2348093733988
2348095126482
2348095819121
2348097807955
2348090038781
2348097069595
2348094143978
2348098822999
2348093552690
2348092359315
2348091708509
2348094970499
2348094607892
2348094098565
2348095302684
2348097405441
2348095897675
2348090858456
2348095046025
2348098748669
2348093316678
2348093058367
2348099912819
2348099237981
2348090207486
2348094963160
2348091963503
2348095946743
2348096773230
2348099261124
2348094041987
2348097278040
2348097421828
2348098608612
2348090143056
2348092737633
2348099192592
2348095676510
2348095023639
2348091725760
2348098590192
2348099039458
2348090135917
2348097519636
2348094355549
2348095436177
2348099766386
2348099327009
2348099756413
2348096972055
2348096167802
2348093710765
2348093198965
2348099207548
2348095729955
2348097011241
2348091057902
2348098028242
2348092398461
2348090532920
2348093667028
2348095406630
2348097063287
2348093064339
2348090701090
2348095764953
2348099889144
2348096541735
2348090856793
2348090316451
2348095644621
2348094786980
2348095152363
2348098736245
2348094546965
2348090508681
2348098849497
2348098531696
2348090639348
2348092501921
2348097154483
2348092252595
2348093881480
2348095741818
2348093832357
2348096379713
2348094876258
2348096862127
2348091691297
2348090608401
2348098987722
2348096579090
2348097343542
2348092157919
2348094289981
2348091039257
2348095164384
2348092534356
2348098603209
2348097828955
2348095975737
2348097656607
2348097017545
2348091027678
2348094029560
2348092753358
2348090640304
2348098821586
2348096494374
2348099792981
2348095516279
2348096267084
2348096344454
2348096260550
2348094720552
2348094550959
2348093583246
2348099179398
2348090949067
2348098201978
2348093710714
2348099011577
2348097462464
2348098763603
2348098681271
2348097440399
2348098399878
2348099676501
2348095820311
2348096693502
2348095604073
2348096445226
2348091642492
2348099567899
2348092382588
2348096221407
2348090217394
2348095279047
2348095284664
2348098071575
2348097467186
2348091073565
2348098782998
2348090607091
2348099969604
2348096948331
2348090756014
2348095995440
2348096596104
2348090029085
2348094937886
2348093949747
2348094616028
2348094830045
2348096833547
2348093598981
2348094331203
2348090376691
2348091936805
2348095100404
2348095958125
2348093297420
2348093834493
2348098268521
2348097092138
2348097972963
2348096340933
2348094135684
2348092200142
2348095696146
2348099224815
2348098331658
2348098906990
2348090095264
2348096823718
2348099309960
2348090553554
2348092402062
2348090350575
2348091547925
2348099364707
2348094387090
2348096910795
2348090703839
2348099021456
2348090385825
2348096895520
2348090818005
2348097865989
2348099369184
2348091125125
2348091788755
2348096442348
2348091329118
2348098576747
2348091186964
2348099505272
2348091567374
2348099755715
2348090143297
2348098274281
2348098812305
2348099992063
2348094422095
2348092909386
2348090401636
2348098270549
2348099126484
2348094208221
2348094548245
2348090238321
2348092521417
2348097645514
2348094243591
2348092737051
2348092218957
2348099598580
2348098164301
2348097199783
2348095140353
2348092557425
2348098154439
2348094344429
2348099655083
2348099823394
2348098412039
2348097804273
2348095128783
2348096703853
2348096932741
2348099394646
2348098515289
2348096612741
2348090955140
2348095996191
2348093613952
2348097928054
2348094688312
2348095987860
2348091760551
2348096439787
2348099958070
2348093561641
2348097315490
2348097441668
2348095431791
2348096605746
2348099306160
2348091039087
2348093999452
2348094555379
2348097416504
2348094851004
2348094727978
2348099680226
2348093579564
2348092371573
2348097263324
2348094780017
2348099873634
2348093872520
2348091544876
2348090143517
2348093554646
2348092871918
2348096800164
2348095931296
2348090031413
2348093955715
2348093950219
2348099852722
2348097121710
2348093409734
2348090278101
2348090207847
2348092648568
2348096595858
2348098285817
2348098054959
2348098920191
2348099568075
2348091423091
2348094074685
2348095810077
2348090701785
2348098586541
2348096434520
2348093870270
2348099485279
2348095651669
2348091237158
2348096235953
2348091856201
2348094321681
2348095579629
2348090005171
2348098900720
2348091012928
2348099707578
2348095871760
2348097330173
2348096017601
2348096645613
2348092888999
2348091501377
2348095643800
2348097390026
2348094080550
2348094321486
2348095756572
2348096312513
2348092421858
2348094442772
2348099915679
2348099916577
2348099622890
2348097592596
2348090828882
2348094473617
2348094658152
2348091327401
2348098701842
2348096183341
2348098000778
2348094908438
2348092247463
2348093502014
2348092828249
2348090525584
2348095552565
2348099388981
2348096981003
2348095452122
2348096098971
2348092803337
2348091488637
2348099695295
2348098319233
2348096089251
2348095715626
2348090982450
2348096435705
2348099102602
2348098933275
2348099183265
2348098007168
2348098214920
2348091506639
2348099368873
2348098223408
2348092734194
2348091955840
2348097446056
2348097504964
2348090357473
2348096919008
2348096515043
2348090979503
2348099163909
2348097653002
2348097841109
2348098501456
2348098969084
2348090609786
2348090920601
2348093868137
2348091596557
2348095806056
2348096429465
2348095106418
2348096013992
2348097431764
2348091107663
2348092521957
2348090068765
2348092911850
2348091751668
2348093733687
2348095051697
2348093509980
2348097490352
2348099133104
2348094635792
2348098695207
2348099312160
2348099030462
2348098175028
2348098535609
2348092226651
2348098225850
2348091217837
2348093018595
2348094713304
2348096421771
2348093804759
2348090718127
2348099628687
2348098130635
2348096707252
2348095893691
2348098178986
2348097971784
2348095844783
2348094072189
2348098558688
2348093057017
2348096079069
2348093102609
2348092843245
2348096163855
2348090386755
2348091631988
2348094630092
2348095679349
2348092176156
2348093020746
2348094899224
2348095135184
2348099656595
2348099896785
2348096898999
2348090460135
2348096492203
2348093632675
2348097153071
2348094817254
2348090921250
2348094685236
2348093943833
2348093607440
2348098801017
2348099637103
2348095353469
2348092208217
2348096627492
2348096335398
2348097726818
2348090751711
2348092812326
2348092098464
2348091472653
2348098430567
2348090848622
2348099169609
2348090696420
2348098784564
2348092457831
2348092006020
2348096859693
2348091026035
2348099846384
2348090199336
2348099027268
2348092749722
2348092024808
2348091762414
2348093349601
2348093359288
2348098148286
2348099660209
2348095267974
2348096742565
2348094900035
2348097380076
2348092951263
2348098753703
2348091491774
2348097804890
2348091653242
2348097822042
2348097093476
2348095762202
2348095743508
2348093236859
2348096078117
2348091545570
2348094681369
2348095247399
2348093530975
2348091988429
2348093839456
2348091182228
2348092988399
2348092067597
2348097928602
2348098864058
2348097216216
2348091369020
2348097287313
2348093528937
2348090295318
2348092388619
2348090544939
2348095067708
2348096037777
2348095798686
2348099707328
2348093705492
2348091770345
2348099972181
2348091341531
2348098204845
2348095714126
2348094567566
2348094093743
2348099692738
2348093660944
2348091703833
2348090240996
2348090565183
2348098122062
2348097746578
2348091254608
2348097283497
2348097254832
2348096684182
2348092892120
2348095953238
2348092012702
2348098864499
2348099396906
2348091859053
2348095188306
2348099578715
2348090853182
2348093815734
2348093502916
2348094464036
2348099379191
2348091315822
2348098286501
2348096172574
2348098406520
2348096215416
2348099081066
2348095363479
2348091847108
2348091046039
2348098353703
2348092563453
2348095734829
2348091199895
2348095310675
2348096585952
2348090525041
2348091956522
2348094056983
2348096258483
2348093358062
2348095134591
2348095980716
2348091269631
2348093167221
2348090853062
2348099103600
2348097382975
2348094587082
2348094310080
2348094355029
2348097544028
2348095921308
2348099665626
2348099548694
2348090461445
2348094039822
2348090746077
2348092567572
2348096907098
2348094043231
2348091000442
2348094606684
2348097888028
2348091963522
2348093083052
2348099630552
2348090502951
2348095735844
2348098922131
2348096097655
2348094898564
2348098312629
2348091868084
2348097458346
2348092038193
2348092728695
2348092573928
2348095320922
2348097440086
2348090796160
2348093041586
2348095160593
2348099996648
2348097470869
2348099643275
2348095356489
2348094231140
2348098269289
2348096080390
2348096463492
2348097526712
2348096650298
2348099947333
2348097550662
2348097817069
2348096552422
2348093003425
2348099060876
2348098042056
2348097360700
2348095809439
2348092661994
2348090410702
2348096046982
2348095114489
2348090107638
2348095718750
2348091648197
2348097286763
2348093670593
2348095051172
2348092787918
2348093083443
2348090234413
2348091333533
2348094816407
2348096951459
2348092579098
2348099256286
2348092906374
2348099714876
2348091435322
2348092939986
2348095843181
2348096238232
2348097179825
2348095679735
2348097080789
2348094134632
2348090972736
2348093712999
2348093688825
2348094853038
2348098152048
2348095248695
2348097340910
2348094680474
2348093826708
2348096269982
2348097733113
2348097749795
2348090700881
2348097625185
2348098088223
2348092311571
2348094008927
2348096075572
2348093581567
2348090653648
2348099834603
2348097880282
2348096079594
2348090962142
2348092140060
2348096994907
2348094532097
2348090143034
2348090793026
2348099331368
2348095017718
2348092027770
2348093350614
2348096462031
2348097181336
2348090296143
2348090465094
2348099382852
2348092833880
2348096989056
2348096366985
2348095911477
2348092543824
2348094386484
2348094544416
2348094046589
2348091866794
2348099581554
2348095248282
2348091915795
2348096391692
2348096463060
2348096985207
2348099263574
2348091134366
2348099449703
2348094003811
2348098935269
2348092611420
2348097152714
2348091501042
2348093266666
2348093694995
2348099416976
2348098933748
2348099434315
2348093466769
2348096879793
2348093264731
2348097298493
2348093385454
2348098087655
2348093106588
2348093048443
2348090650372
2348094562135
2348091185593
2348095148809
2348090930440
2348097690425
2348092511995
2348099903368
2348096863771
2348094937875
2348094068893
2348097814022
2348090177815
2348090660524
2348097912280
2348094135581
2348091310969
2348091548344
2348095848380
2348093505786
2348091330825
2348092003231
2348093201737
2348092234950
2348093118881
2348093994277
2348091753540
2348095353881
2348098315593
2348092083743
2348093599138
2348096350296
2348091511626
2348096049397
2348095828460
2348092787919
2348097769952
2348095254976
2348092546063
2348095289681
2348096098519
2348091755361
2348095260471
2348099242780
2348097186128
2348092897200
2348090779177
2348091108068
2348094100333
2348095257636
2348098128126
2348093755977
2348090224543
2348095247352
2348099989609
2348098294386
2348099128637
2348096948107
2348099364516
2348090441164
2348093086378
2348099974246
2348096905219
2348099514289
2348094064730
2348094191069
2348096214256
2348091658616
2348097701443
2348094581109
2348092671741
2348091698193
2348091758219
2348096469194
2348092057312
2348098628376
2348090056360
2348099868380
2348096520457
2348095965002
2348098476670
2348093271430
2348097268442
2348093911937
2348091101264
2348094131235
2348093520246
2348094279844
2348090243281
2348090910657
2348099339353
2348099348400
2348093298224
2348091542093
2348098995619
2348090420505
2348096475792
2348090781594
2348090000231
2348095890748
2348097935970
2348096847089
2348098173483
2348097240308
2348097806609
2348092704363
2348091732375
2348099448092
2348099873415
2348092382900
2348091229384
2348095592786
2348097049718
2348093602392
2348094433970
2348097757591
2348098107909
2348096900161
2348099537523
2348097229009
2348094747948
2348096583015
2348098649218
2348093408882
2348095655641
2348095329439
2348096512407
2348098268018
2348095259165
2348095705343
2348095712371
2348091390908
2348090758463
2348098127607
2348090635931
2348091180524
2348097130086
2348094311301
2348090861313
2348098735904
2348095053491
2348095856650
2348093633150
2348098134711
2348090433033
2348090809723
2348098067198
2348094961955
2348090140195
2348098550301
2348093930338
2348099557394
2348099296477
2348094522317
2348094661241
2348099902136
2348092839187
2348094880450
2348091108580
2348094361515
2348097948153
2348095119776
2348096165706
2348090433226
2348097231696
2348097979881
2348092215807
2348094991303
2348091591294
2348095925392
2348097145077
2348098868126
2348098405445
2348091820317
2348092025770
2348098542776
2348096453718
2348096207287
2348092891163
2348099919935
2348095100122
2348090781947
2348097121188
2348092595385
2348095139635
2348099827111
2348094271850
2348093659125
2348096484071
2348095657314
2348092971865
2348092828456
2348099080618
2348090088316
2348098629332
2348098187758
2348095588399
2348095449142
2348098539547
2348092048202
2348090136900
2348096302459
2348091319518
2348092591665
2348099491173
2348095207876
2348090650493
2348091139507
2348095537836
2348092548681
2348091435316
2348098202169
2348090152171
2348098326484
2348099197494
2348090214487
2348095091343
2348092393939
2348095917449
2348093131331
2348096084626
2348092831400
2348090657550
2348096167185
2348094742517
2348091466579
2348096858189
2348092588041
2348093586204
2348098799260
2348094632586
2348096081883
2348097769785
2348094590231
2348096250776
2348094184446
2348099457611
2348096732134
2348099877897
2348097851525
2348099475946
2348099396659
2348095501407
2348095632612
2348094824584
2348099036938
2348098581757
2348096316316
2348092332850
2348099573649
2348093144182
2348092410412
2348097512233
2348096339140
2348094033027
2348099516953
2348090084450
2348097164987
2348098204963
2348099505471
2348096192970
2348096617580
2348097540014
2348098788082
2348092093100
2348097337629
2348095442457
2348094781203
2348092774310
2348091827927
2348099903339
2348093204614
2348092845729
2348098104427
2348093252107
2348091248167
2348092612277
2348093465215
2348095855603
2348096222429
2348098406613
2348092320748
2348091145778
2348094107798
2348096208419
2348095176104
2348092047546
2348091925402
2348093661295
2348095799697
2348094299170
2348090632356
2348098822437
2348095166159
2348093428965
2348093894757
2348098945084
2348090904776
2348099311601
2348097028861
2348099222743
2348093433647
2348095130059
2348093619878
2348096688297
2348093823910
2348094308419
2348091816648
2348094292829
2348096985181
2348098368391
2348091742799
2348092760517
2348099216833
2348092701326
2348098475156
2348090908314
2348097795158
2348092254389
2348098413195
2348095010627
2348099498219
2348091022754
2348092140117
2348095921171
2348095693978
2348096603380
2348097418201
2348090294389
2348097398935
2348097026289
2348097473030
2348098804254
2348099908343
2348094037668
2348094584219
2348099896392
2348098557094
2348091465968
2348095687590
2348095399366
2348095535061
2348096388238
2348092252303
2348090223648
2348090059082
2348094480489
2348092447194
2348090474758
2348092503107
2348099927547
2348094331163
2348095776002
2348097735677
2348091781809
2348095422198
2348094371192
2348092870752
2348097680322
2348090122009
2348094297454
2348094091523
2348094482852
2348096451445
2348091386000
2348093961418
2348096580651
2348094327975
2348098925957
2348097926287
2348099329511
2348098207230
2348093279693
2348091841191
2348098213699
2348092538190
2348099069788
2348099987616
2348098173325
2348098408621
2348090786212
2348098644542
2348094325215
2348097100075
2348095690114
2348092636164
2348090771281
2348098731351
2348094349756
2348091322380
2348090306653
2348098002152
2348094110023
2348097654678
2348096704708
2348094089923
2348092666280
2348099578736
2348097707412
2348091537724
2348090193602
2348095207588
2348093306602
2348092260160
2348096562482
2348097625903
2348090124615
2348095789463
2348097780362
2348096234393
2348094920839
2348093872161
2348095572934
2348094989375
2348094636279
2348094428414
2348095587035
2348099325039
2348091882078
2348096251899
2348098841607
2348092632466
2348093870838
2348095199025
2348099516897
2348092476079
2348097680709
2348090683851
2348090687166
2348097696959
2348095516745
2348096288208
2348095532060
2348094823374
2348093409600
2348090512594
2348099087823
2348092232938
2348099186360
2348093722711
2348099216142
2348090630100
2348098485875
2348090225813
2348095818738
2348094686069
2348091501037
2348098088450
2348093475578
2348097852231
2348094611511
2348099306213
2348096602558
2348095248375
2348096117032
2348091754208
2348097048267
2348099327038
2348095545124
2348095842710
2348097293471
2348091802843
2348093116414
2348095503022
2348093651491
2348097461188
2348095551047
2348097857655
2348099852366
2348097555594
2348092337677
2348091778821
2348095512221
2348098863214
2348090298419
2348096613095
2348091137580
2348090968232
2348090452067
2348091131552
2348099177564
2348098113886
2348093862765
2348096593561
2348096538537
2348090923904
2348095138250
2348091180826
2348091773948
2348095215263
2348091892495
2348094333619
2348090041341
2348092241005
2348091864828
2348090776464
2348097656707
2348092222660
2348096219044
2348098281069
2348096862016
2348099160573
2348095601701
2348099399583
2348094589601
2348091040760
2348095153880
2348094889994
2348096496202
2348092857472
2348091063412
2348090091362
2348097033448
2348091305677
2348096225117
2348096698299
2348097131762
2348095620725
2348097109631
2348094283203
2348099373216
2348098473529
2348098531703
2348092658640
2348096874495
2348090594810
2348097888794
2348094551010
2348096651289
2348096228332
2348098457818
2348094622666
2348090494336
2348093012288
2348093342378
2348094091926
2348096325555
2348095237442
2348097400304
2348095725378
2348090657532
2348099682769
2348098833844
2348093902317
2348092565149
2348096911474
2348093868513
2348099485712
2348093896501
2348090421969
2348096862467
2348094575996
2348092922708
2348099254539
2348090654840
2348097124706
2348098142941
2348091435212
2348092692645
2348098650543
2348091878074
2348091487328
2348093651121
2348096598691
2348094929878
2348093807838
2348093623468
2348094087408
2348092504897
2348098024682
2348095409393
2348097843974
2348090448400
2348090186317
2348097974504
2348090344098
2348092384554
2348099181092
2348098433178
2348095400816
2348099360633
2348093556632
2348090217023
2348099507904
2348094085927
2348093732019
2348091387766
2348098160306
2348091365059
2348095728225
2348093345787
2348093982269
2348092584442
2348092212300
2348096123255
2348091372310
2348091493512
2348095177423
2348096981900
2348099650041
2348096048043
2348097607827
2348090389259
2348090194904
2348097204765
2348090584585
2348093337394
2348091757758
2348099549830
2348090858532
2348092449641
2348090404885
2348095689877
2348096819758
2348098697587
2348090545040
2348091381964
2348095934694
2348097984076
2348090689583
2348097304715
2348090412025
2348098056542
2348098802583
2348092484624
2348092658037
2348094492880
2348093056366
2348095220347
2348094209670
2348099622297
2348098635513
2348093415520
2348097019836
2348098381944
2348094330212
2348091366684
2348097550003
2348094967605
2348098439613
2348092600476
2348097518556
2348094588238
2348091653001
2348091515029
2348096231967
2348099828102
2348092604234
2348099137749
2348091119522
2348091121733
2348096336581
2348093150527
2348099783504
2348096230279
2348094184263
2348091299657
2348092960842
2348092881765
2348099532153
2348095113981
2348092329497
2348091199668
2348099333378
2348090812963
2348096561420
2348095004951
2348095943268
2348096636885
2348092382696
2348095212481
2348097351253
2348097008225
2348095984876
2348098274020
2348095323618
2348098635797
2348099198144
2348096545741
2348093140035
2348094596810
2348092438081
2348090717027
2348090698477
2348093120902
2348090278618
2348092590973
2348096018091
2348091678361
2348093127722
2348099847848
2348095962519
2348099946036
2348095238608
2348090629409
2348095614152
2348094922249
2348090019637
2348099173273
2348099487982
2348093038625
2348096769059
2348091000049
2348091547217
2348095680009
2348093416796
2348092564581
2348099371101
2348093987695
2348093664349
2348098875428
2348095538176
2348090822950
2348093069832
2348092907328
2348095127455
2348092000178
2348095703784
2348099784792
2348094004396
2348095745426
2348098793096
2348099884647
2348091227138
2348094669785
2348094413952
2348093327779
2348095667030
2348099967075
2348096553054
2348093754197
2348092568230
2348099746271
2348096199777
2348092002439
2348095722806
2348098370657
2348091515563
2348095667842
2348090742769
2348097789948
2348095620275
2348092296594
2348095804313
2348093110127
2348091397885
2348098412902
2348091535922
2348098591264
2348092247276
2348097194535
2348098159815
2348092161875
2348092142279
2348098931312
2348098024551
2348091337560
2348095789050
2348091423441
2348098648904
2348090984499
2348097449123
2348095857687
2348098906468
2348090542238
2348094182859
2348093821018
2348097667639
2348093300217
2348090854071
2348095029185
2348099620931
2348094112699
2348092796257
2348094653153
2348093258305
2348093371993
2348095678898
2348095665535
2348096835684
2348092469131
2348095507853
2348091430617
2348097094662
2348095455769
2348096720192
2348091820070
2348097520833
2348094023925
2348096205400
2348096220722
2348094777098
2348091838162
2348098478492
2348092546316
2348092431639
2348090309134
2348097898656
2348090122475
2348098225967
2348095765281
2348092618937
2348092711825
2348091380287
2348098939739
2348096098144
2348092833694
2348092491755
2348090903239
2348095522944
2348093184505
2348099417751
2348098764757
2348099163490
2348096670113
2348091537997
2348098304235
2348092823677
2348094773786
2348097228568
2348090130262
2348090363430
2348099432815
2348097703983
2348096110815
2348090712296
2348090849918
2348098633239
2348096365672
2348093561099
2348094117661
2348092099608
2348092469014
2348097398317
2348098994710
2348096857605
2348092735496
2348093814792
2348093860174
2348096435828
2348092948354
2348097949773
2348091973404
2348096350782
2348093766387
2348090674298
2348096468284
2348098428498
2348094128814
2348093701882
2348091079736
2348095455744
2348099469313
2348098459071
2348098365001
2348093762674
2348090400356
2348097200559
2348094028361
2348099917066
2348092878038
2348091166183
2348092981401
2348090474995
2348098521011
2348095104111
2348097978157
2348095934746
2348092433237
2348097113347
2348095649379
2348091199917
2348093195316
2348095407345
2348099216459
2348090461716
2348097462147
2348095161449
2348093407010
2348092747783
2348092703676
2348096233607
2348092703057
2348092174087
2348091011838
2348095176250
2348090804281
2348090197730
2348092413368
2348096954783
2348098001024
2348095661683
2348092709648
2348099166873
2348093212348
2348097622682
2348095798074
2348098948763
2348098377710
2348097682383
2348098763307
2348092522113
2348097945086
2348094856886
2348090281061
2348092515222
2348092798533
2348093792439
2348099275916
2348093213942
2348091068038
2348094180515
2348094447665
2348098143118
2348095603435
2348099163362
2348092153849
2348093133449
2348090641837
2348092022444
2348090754536
2348097563910
2348095965039
2348097423293
2348096671162
2348095567605
2348094596403
2348095665176
2348099665408
2348093335849
2348099383634
2348090144072
2348099721614
2348093223539
2348096175021
2348090176035
2348096587230
2348098677116
2348092720229
2348091762894
2348091788676
2348093337459
2348090343748
2348091167944
2348097469816
2348099145112
2348099388469
2348096168813
2348095420449
2348098794658
2348095462294
2348091697350
2348090541136
2348090845905
2348094849224
2348094318142
2348096524529
2348091606669
2348091646889
2348099415078
2348094103654
2348093778427
2348099443268
2348094567684
2348090604195
2348093432677
2348090126325
2348096370622
2348093226027
2348099786521
2348093350474
2348098038331
2348099704607
2348098523131
2348090026580
2348096238431
2348091518085
2348091002317
2348091009403
2348094110108
2348094458150
2348099612045
2348095087418
2348092829433
2348098257693
2348090510596
2348091235944
2348098124869
2348097747964
2348092268389
2348093308710
2348095713087
2348092830052
2348094165217
2348094829716
2348099605946
2348096958012
2348098792892
2348093424747
2348099339203
2348094782084
2348097522038
2348098953589
2348095262868
2348090349643
2348098433098
2348092449725
2348096223572
2348091012870
2348094123078
2348094325363
2348093700346
2348092710538
2348098300748
2348097059535
2348096090262
2348093099379
2348090433789
2348099017387
2348094591482
2348091072468
2348093603367
2348099788971
2348099617604
2348095076703
2348093961722
2348091808169
2348098956020
2348099291557
2348093643245
2348098942203
2348093960913
2348098926260
2348093142929
2348094845778
2348097430019
2348097029755
2348098382911
2348097719151
2348099209812
2348096178670
2348092661258
2348098259191
2348095726093
2348095439880
2348098295630
2348098843432
2348094174521
2348091407008
2348095286833
2348090693641
2348090991557
2348094004342
2348092928808
2348097151170
2348095857356
2348091770676
2348092543665
2348095949854
2348093591814
2348094788533
2348093661813
2348094559193
2348097614388
2348096155869
2348094215056
2348092150284
2348093685786
2348093257014
2348095542067
2348098573839
2348096297064
2348096733749
2348091769908
2348094229856
2348098187790
2348093888757
2348095204574
2348096149579
2348094775059
2348097888700
2348092469476
2348095082572
2348094567057
2348099292544
2348099206228
2348092701001
2348097908183
2348093394378
2348095344705
2348093041510
2348096520729
2348099150513
2348092357606
2348093045942
2348094381055
2348098343873
2348095560366
2348090620702
2348095731831
2348091709761
2348095178537
2348091628066
2348095946657
2348093655796
2348096382934
2348090200296
2348094744161
2348099860609
2348093571135
2348095516828
2348097378343
2348090619661
2348092060204
2348099683095
2348098834986
2348092526678
2348099146826
2348090865452
2348099777008
2348090104546
2348096408479
2348091788194
2348092349343
2348095273136
2348091947544
2348098252839
2348098763337
2348094138983
2348093068107
2348099278147
2348091356669
2348096850321
2348092887995
2348096733813
2348095453375
2348090773100
2348097325294
2348094028483
2348094836868
2348096406944
2348099917359
2348095387845
2348094627279
2348093393986
2348097944929
2348097507472
2348091724005
2348091653040
2348095280297
2348093760519
2348092377086
2348092017675
2348091173541
2348091185513
2348090160551
2348097004081
2348091562702
2348098562202
2348098834495
2348094167826
2348096374375
2348091485581
2348094205806
2348091414748
2348094994897
2348091311379
2348095961611
2348098274633
2348095182415
2348091182424
2348099781528
2348099756319
2348094134919
2348099538252
2348094493011
2348092168925
2348094173389
2348095150134
2348092114340
2348095904497
2348093841215
2348094411448
2348098954513
2348098613986
2348098579046
2348094611072
2348093810834
2348095211219
2348091567088
2348090845153
2348097236005
2348097734973
2348098997690
2348096924294
2348097403148
2348093957479
2348093337062
2348093066174
2348096504772
2348095702383
2348092333554
2348094609053
2348092830863
2348092247931
2348098593797
2348095338236
2348090476038
2348094026163
2348091999540
2348098876013
2348091913537
2348098324407
2348095711833
2348096775087
2348094272717
2348095879707
2348092920008
2348092808420
2348096687540
2348093918317
2348096559672
2348097086897
2348099682650
2348097199374
2348095558155
2348095909520
2348098426791
2348096973546
2348092987207
2348091420455
2348098711855
2348094263172
2348098187993
2348096135414
2348098084220
2348092523419
2348098958573
2348094900699
2348094477875
2348090838319
2348095854840
2348090876862
2348090166561
2348093291252
2348097060058
2348099595613
2348091073324
2348096369193
2348099772180
2348097357079
2348099987784
2348092726752
2348090840913
2348096581207
2348099916508
2348096583029
2348094753460
2348098134852
2348093767869
2348091600487
2348097261651
2348095912221
2348092106192
2348094494535
2348096400700
2348096227409
2348094832526
2348097870574
2348090596914
2348097272314
2348096739621
2348097037419
2348099733651
2348092857129
2348099220218
2348099236228
2348094874716
2348097154340
2348097114216
2348091579015
2348091091836
2348099924785
2348090857629
2348094908748
2348091252220
2348094609173
2348090217495
2348091556608
2348097277717
2348090937700
2348099053034
2348097347018
2348091932231
2348093706451
2348093445350
2348098482329
2348097374640
2348095191621
2348091813643
2348096485404
2348094665903
2348097951240
2348094221016
2348097837860
2348092367743
2348099832124
2348095437758
2348095947328
2348092484249
2348096478711
2348096908205
2348091334777
2348094367885
2348093733480
2348097505360
2348095763046
2348096390087
2348090452125
2348092503522
2348093126873
2348095843011
2348096122479
2348095802781
2348094290831
2348095390979
2348090498431
2348094026234
2348099205070
2348095448320
2348099794799
2348095317339
2348097763537
2348099769198
2348098506296
2348099458329
2348098154837
2348095166714
2348092449215
2348096029239
2348099496984
2348092121221
2348091377390
2348092750230
2348092540550
2348096194075
2348092440405
2348096269026
2348099235531
2348099919534
2348093503745
2348092207260
2348096397214
2348099396074
2348099522079
2348099956417
2348097742913
2348096933571
2348091126386
2348098885642
2348094247301
2348098933008
2348091559132
2348094782447
2348096425355
2348092695942
2348094435259
2348096641744
2348099645087
2348094589897
2348096669200
2348099826188
2348090119200
2348096548809
2348090908330
2348094763296
2348091576599
2348096682723
2348095606220
2348096578463
2348098414505
2348096893145
2348096029894
2348092792943
2348094589141
2348094027322
2348093312318
2348091919439
2348096911351
2348098257542
2348091252904
2348099797159
2348096733708
2348097415475
2348092099064
2348092795598
2348093517997
2348097863377
2348091703055
2348090210993
2348099973679
2348095643838
2348096342158
2348091783645
2348094863560
2348094899525
2348094356528
2348094819032
2348091928479
2348099313355
2348097198465
2348093517644
2348091537845
2348096789639
2348090915400
2348094103176
2348097829916
2348091396931
2348090793337
2348095359457
2348091069528
2348094536701
2348096973468
2348091155335
2348092866801
2348095979171
2348093808489
2348095494102
2348099784620
2348091671325
2348099855588
2348098174799
2348091862341
2348094474991
2348093102689
2348091751509
2348091096327
2348093163884
2348095492798
2348094985905
2348092418199
2348099597308
2348090329897
2348091585203
2348097363429
2348090743917
2348095278879
2348092862979
2348091341815
2348097107113
2348095840915
2348094047791
2348099074876
2348091488102
2348096409888
2348093315374
2348092630361
2348094601661
2348096247264
2348092750541
2348092197503
2348094267043
2348099997521
2348098827790
2348092851048
2348098292928
2348095150812
2348096289521
2348090875658
2348096949391
2348096081528
2348092850985
2348092083222
2348098572644
2348095487582
2348090258086
2348098449386
2348093615527
2348091989594
2348092435331
2348090011756
2348094217227
2348093077288
2348093948469
2348096013095
2348092992509
2348090414879
2348099850436
2348097870817
2348097938269
2348093179274
2348093571169
2348090047975
2348092780238
2348096260378
2348090605267
2348090587389
2348092266710
2348092340044
2348095765111
2348099436294
2348090337481
2348099984093
2348097958267
2348097620071
2348097459103
2348099387880
2348093597235
2348094373421
2348095766055
2348094807755
2348091082012
2348096650919
2348097307223
2348099184105
2348090542161
2348096617411
2348090788112
2348098283334
2348097605546
2348097461292
2348097534651
2348099320640
2348093666711
2348099674460
2348097791843
2348099520261
2348092290729
2348092336284
2348095498856
2348096368176
2348097419858
2348095127128
2348094542014
2348093121547
2348098010971
2348099391715
2348098045776
2348099106582
2348096386678
2348093727268
2348097364878
2348093108858
2348094023478
2348093116755
2348097833484
2348096039577
2348096670008
2348093139610
2348092991299
2348099341726
2348099418213
2348098760173
2348099473664
2348094827766
2348095738146
2348092995161
2348094137455
2348092270855
2348098194169
2348096084991
2348091534191
2348090662891
2348090271955
2348097681167
2348097768019
2348093192287
2348098135585
2348096095481
2348098682613
2348093418495
2348094160570
2348094668055
2348094995963
2348091999340
2348090874926
2348099835878
2348093067639
2348091370514
2348096653956
2348096824266
2348097739556
2348091704750
2348094773714
2348098818548
2348095409917
2348096399180
2348097450100
2348096676449
2348093879774
2348097531329
2348098700350
2348095766189
2348096083246
2348098818918
2348093203337
2348090156674
2348096172132
2348092621150
2348092717942
2348098889738
2348093699299
2348098950977
2348099535007
2348091058377
2348099298745
2348097121588
2348095928579
2348096180993
2348093344100
2348097455899
2348095111711
2348090878480
2348099764311
2348090348557
2348091134463
2348096606391
2348090898705
2348095159710
2348093052473
2348095819353
2348096306242
2348093274934
2348095522180
2348097714647
2348092883247
2348091240540
2348093285245
2348098107725
2348093876188
2348099943746
2348095658386
2348092164009
2348090806505
2348093798165
2348099974205
2348097103367
2348099551027
2348094499565
2348091073925
2348098510881
2348092852304
2348091982909
2348099724203
2348095507876
2348090530970
2348092305564
2348092090151
2348090053929
2348094906410
2348099944664
2348095079690
2348090772590
2348093493463
2348094527206
2348092267470
2348099189573
2348096080140
2348090303649
2348094838228
2348094179524
2348097004157
2348099640106
2348095156403
2348095388859
2348099292788
2348096833419
2348093153639
2348096611853
2348091882955
2348093090460
2348095965609
2348093931308
2348099177914
2348098080533
2348099821504
2348092155039
2348095114337
2348092825792
2348098453399
2348092027484
2348099100049
2348099757582
2348097598683
2348098298772
2348097693730
2348094571400
2348090107900
2348095086486
2348099097394
2348095909967
2348096882128
2348093286613
2348097683801
2348096241767
2348092086852
2348094077345
2348098001857
2348092113971
2348090938323
2348098257248
2348096962203
2348091867780
2348090526991
2348094788300
2348097836722
2348095077013
2348095113072
2348096860162
2348092948528
2348099478855
2348096208092
2348097491013
2348098353362
2348098334653
2348095716962
2348090368973
2348096298336
2348093626707
2348091765450
2348094696233
2348094455881
2348090062383
2348095032962
2348091650224
2348098993295
2348093840135
2348093541271
2348091257321
2348094243621
2348097237397
2348091655995
2348098514724
2348096849007
2348097000810
2348094232045
2348092579845
2348093625244
2348094180755
2348090487333
2348098849906
2348092825471
2348094912067
2348091657756
2348095795938
2348091496083
2348095204705
2348099129953
2348096858246
2348096296652
2348095582557
2348095004797
2348092897673
2348095346777
2348098246461
2348095365286
2348099114407
2348091262824
2348097672139
2348090275477
2348095742264
2348099063203
2348092897134
2348096812790
2348092127148
2348095783365
2348092822391
2348099580410
2348095747075
2348097936958
2348093017907
2348095521308
2348090113658
2348094713452
2348095780080
2348092675957
2348090139273
2348093352015
2348092669092
2348097548757
2348091686023
2348096447144
2348095594307
2348092327621
2348095707855
2348097441379
2348093598252
2348092481747
2348092659132
2348093807392
2348098753288
2348095877151
2348092548561
2348094422443
2348093211336
2348095520305
2348094343967
2348095418313
2348095334753
2348091268381
2348097396569
2348097190149
2348095712651
2348091588015
2348094071045
2348092695788
2348091014445
2348096004613
2348096045886
2348098767254
2348097147233
2348099190402
2348092742634
2348096441632
2348095237436
2348097754067
2348095487373
2348098607858
2348093041782
2348096697503
2348097851898
2348092609914
2348093927377
2348091362237
2348094446953
2348099550431
2348096448419
2348093296202
2348098839801
2348098525855
2348097419372
2348096449422
2348098699726
2348097165810
2348099965340
2348098871161
2348098094511
2348098700480
2348098059503
2348099334015
2348096427335
2348096240726
2348091001060
2348095623469
2348096311122
2348094551099
2348096617517
2348099226442
2348090768037
2348096076552
2348091928600
2348099062934
2348091844236
2348098140874
2348091834294
2348095760398
2348091865268
2348096902059
2348090625797
2348098563538
2348093864581
2348097516546
2348091726856
2348092454247
2348095996890
2348094193613
2348099792543
2348096094181
2348099189855
2348095189334
2348098768318
2348090050808
2348094770551
2348091357157
2348096903108
2348097053209
2348098711728
2348099492604
2348091948553
2348092182557
2348093111159
2348092456584
2348097262146
2348094861303
2348090586035
2348090578148
2348093979176
2348094178560
2348091814843
2348092218279
2348091159770
2348093823570
2348093820036
2348099677865
2348097673583
2348099719206
2348092383153
2348090534774
2348091146971
2348096983975
2348095865893
2348090574764
2348093998201
2348098736444
2348092877732
2348098937087
2348097140413
2348093838353
2348090777202
2348095903362
2348094339370
2348093717091
2348092064242
2348091084399
2348099874068
2348096387645
2348092587444
2348090236542
2348097664006
2348090182672
2348092752085
2348091289130
2348091256523
2348099260631
2348091270802
2348097907189
2348094845621
2348094658214
2348092222062
2348091433458
2348092231716
2348094158347
2348092157266
2348096103717
2348093891310
2348096609524
2348098638767
2348095211900
2348090421107
2348095798708
2348094809632
2348098462220
2348098375277
2348097487113
2348092140788
2348096266718
2348093705042
2348094553647
2348097778101
2348099753145
2348096005556
2348091486891
2348096071595
2348097105390
2348098820088
2348099469284
2348094730840
2348093146046
2348091288313
2348093486483
2348098974236
2348092826676
2348095495870
2348090173943
2348098115967
2348096787487
2348099144627
2348091787252
2348091101840
2348091565356
2348097780581
2348093694789
2348094209840
2348091917986
2348091414399
2348092368746
2348091878808
2348093755104
2348092542897
2348090326670
2348091551741
2348095572261
2348098637041
2348094797414
2348097750609
2348096496567
2348096846029
2348098023582
2348092471732
2348095044010
2348095552131
2348093328113
2348095320387
2348092042987
2348090080504
2348091748765
2348098192068
2348093902912
2348096889053
2348092220605
2348098393736
2348099844953
2348095533385
2348093310560
2348094169394
2348097868622
2348095916603
2348091280274
2348095599551
2348097222291
2348097219080
2348095968040
2348092201276
2348092825125
2348090934714
2348092835129
2348098944244
2348097983826
2348093087842
2348098013266
2348095574656
2348093461707
2348096770852
2348097403569
2348096663467
2348097391354
2348099389810
2348092328740
2348097498092
2348095523226
2348097287764
2348092999606
2348099574400
2348090702453
2348090722393
2348098292740
2348091823780
2348099651778
2348099796279
2348095912905
2348096179561
2348096442442
2348096755062
2348096492342
2348095897583
2348090386956
2348094899243
2348094221053
2348097032911
2348093821820
2348097009809
2348098366456
2348094080346
2348096286413
2348096706378
2348099711635
2348096702593
2348093743431
2348095828359
2348095633092
2348092876076
2348092477007
2348095044369
2348098061503
2348093745275
2348092873277
2348095454522
2348099377574
2348093995184
2348094762241
2348090691253
2348095225631
2348091908433
2348098453011
2348099996051
2348096694859
2348093417512
2348099473368
2348091946345
2348094518536
2348098253675
2348099951810
2348095621267
2348098742128
2348097642202
2348094538494
2348090261444
2348091782811
2348090499708
2348097538330
2348097837432
2348099372372
2348099947115
2348095682696
2348090085790
2348093594699
2348090064386
2348090182086
2348097946066
2348097165240
2348095810940
2348091755030
2348093965152
2348094149376
2348093387204
2348096174261
2348099810076
2348096450936
2348093531872
2348092708404
2348098887063
2348098365638
2348098479238
2348090680526
2348092677571
2348096355076
2348095621484
2348094069119
2348090400574
2348096457712
2348099876934
2348093871564
2348095575243
2348097280929
2348094436339
2348092410225
2348097515116
2348094354351
2348091796720
2348095991688
2348098819455
2348097929905
2348090140263
2348093373693
2348096171511
2348093940999
2348094527359
2348099240736
2348095692497
2348091524262
2348093682114
2348090095619
2348098447703
2348097328534
2348090517410
2348097633583
2348096705780
2348094714189
2348098649591
2348093418605
2348098825069
2348092371552
2348094092113
2348092328455
2348094169091
2348090069648
2348094867397
2348093196777
2348099404847
2348092341466
2348094368120
2348095373125
2348090869817
2348098135572
2348099039834
2348099184033
2348099250536
2348093246736
2348097453811
2348096500863
2348095677019
2348097991765
2348091614345
2348099742377
2348096135930
2348090681299
2348093676177
2348093665390
2348095728897
2348094841138
2348093951939
2348097044760
2348093843101
2348096935450
2348097725204
2348093724986
2348095670292
2348097700499
2348094251923
2348091017784
2348096398625
2348090298226
2348091090837
2348098734328
2348091793488
2348093267584
2348095147147
2348092340669
2348096511816
2348099353161
2348098091106
2348093551733
2348098463856
2348091982642
2348095816075
2348096627136
2348093867998
2348098504365
2348093775187
2348098304281
2348092537885
2348091420046
2348098726757
2348096173059
2348092398349
2348098216344
2348099835091
2348097489365
2348096591042
2348091773701
2348091410355
2348096633672
2348091194170
2348090720802
2348098375367
2348091875392
2348090942229
2348098566490
2348090429232
2348098017198
2348091056221
2348096328898
2348093178759
2348098403872
2348094132383
2348097039798
2348090705300
2348091190630
2348095606813
2348097212051
2348091276759
2348096259707
2348090821319
2348094857993
2348090586812
2348091207923
2348095609278
2348090334057
2348092056687
2348094196604
2348093600534
2348091982441
2348094580908
2348099971055
2348093750516
2348098532805
2348099814794
2348093094619
2348091402958
2348094915676
2348090705016
2348092972346
2348096326469
2348093858265
2348094854830
2348092890973
2348094458543
2348097347842
2348096932881
2348094647946
2348095359576
2348098560756
2348091080234
2348097732792
2348098729620
2348091449739
2348099869005
2348095108418
2348094110162
2348099517912
2348095226976
2348090606856
2348092223275
2348091241420
2348098007127
2348095665086
2348093989144
2348097940251
2348094158027
2348096933755
2348090103999
2348093485582
2348097983338
2348099678517
2348097313413
2348095361821
2348097440130
2348098417000
2348092413777
2348096469710
2348092069602
2348095769191
2348097270950
2348093280392
2348099123320
2348090251845
2348099769668
2348097180492
2348099173119
2348095672685
2348097109669
2348090061420
2348090678814
2348092760674
2348095582037
2348095066455
2348095164674
2348093644754
2348095524507
2348091773855
2348095260396
2348094949119
2348091563019
2348095915076
2348093599263
2348096113729
2348098973950
2348091180340
2348091564315
2348090067800
2348094130240
2348096434970
2348093504783
2348094217676
2348091467382
2348092586935
2348098907441
2348098421555
2348096245839
2348099914465
2348094230979
2348097236732
2348092768116
2348098963118
2348098372414
2348096590443
2348092571336
2348095904488
2348097051698
2348094578795
2348091435763
2348099290571
2348091820772
2348094751817
2348091027028
2348095078317
2348093253085
2348099058157
2348093732952
2348094717423
2348098431755
2348095212571
2348092924269
2348094783310
2348092893491
2348091619855
2348091888623
2348094108944
2348097496814
2348094386522
2348092440975
2348094828563
2348098906465
2348090259021
2348098143753
2348097980571
2348097558753
2348094813799
2348092173414
2348097894524
2348095130379
2348098183014
2348097349190
2348093669572
2348098747706
2348096338532
2348097553501
2348096180482
2348096306802
2348091145757
2348096952992
2348090373672
2348093856551
2348095360823
2348093083974
2348093932394
2348090546999
2348098688613
2348097121325
2348096283470
2348092755497
2348091678042
2348096865055
2348093309548
2348091158173
2348091958301
2348092430997
2348090274248
2348090628928
2348090752806
2348095889246
2348095543223
2348095014431
2348098999395
2348094180192
2348094181302
2348098620398
2348098375263
2348097039429
2348092184403
2348095561046
2348092912145
2348090867262
2348091807108
2348099621728
2348097481022
2348097752969
2348096628592
2348096983822
2348097022272
2348097487366
2348094714383
2348097204886
2348092689711
2348096232791
2348092697630
2348095797545
2348096594236
2348090553258
2348091767040
2348097635950
2348091998439
2348096014067
2348099323068
2348092683251
2348092806974
2348091610998
2348090074324
2348097320296
2348096640319
2348097439309
2348090792818
2348090407185
2348099602810
2348090099531
2348097571907
2348097243620
2348099871873
2348093844855
2348090556487
2348090131920
2348099150535
2348098863417
2348098398151
2348092711175
2348093178495
2348094032057
2348095293312
2348091348928
2348092045561
2348093569289
2348094751447
2348091392292
2348094190846
2348099433356
2348090788557
2348097533755
2348091939693
2348093978437
2348091949267
2348098267773
2348099599182
2348091993049
2348099503057
2348093609023
2348095325214
2348095877779
2348092136044
2348095054053
2348097261833
2348091356371
2348093677987
2348097149255
2348092842495
2348093876946
2348093721490
2348096840699
2348094351635
2348094373128
2348095530903
2348090667010
2348091444804
2348093955651
2348098221918
2348098522280
2348099189492
2348094239506
2348091904731
2348099921240
2348098423138
2348097338981
2348091334362
2348096144141
2348092843448
2348095115591
2348096915205
2348090099138
2348093359080
2348098389824
2348090860090
2348091168711
2348091285640
2348096594470
2348097220988
2348098247453
2348097562493
2348097944912
2348097172550
2348097193830
2348093054394
2348097687212
2348099417197
2348092381477
2348090681901
2348096967196
2348094241874
2348094115636
2348092927652
2348092530248
2348098382992
2348095330822
2348093043780
2348090427019
2348097319400
2348095500573
2348091436102
2348098306561
2348094134207
2348094480400
2348099742766
2348096792294
2348097070025
2348095125958
2348099290766
2348091292113
2348092401601
2348097865867
2348092904597
2348090736394
2348095507155
2348098462814
2348091711011
2348093574044
2348091894284
2348090758940
2348091348289
2348092255038
2348098427867
2348096505908
2348098518868
2348098730172
2348091025712
2348093209328
2348093525902
2348097628891
2348091730434
2348095074009
2348093055091
2348096407589
2348093607516
2348097364403
2348097220849
2348091911200
2348098825323
2348097894560
2348090950281
2348093643248
2348092396513
2348099646262
2348095657269
2348092467009
2348099404500
2348096442349
2348092881358
2348097581453
2348099215309
2348092686984
2348097758506
2348099986430
2348099522577
2348098686278
2348095598783
2348094870152
2348096938849
2348094208815
2348092990645
2348098637087
2348091793915
2348094000985
2348090541982
2348091838135
2348091423436
2348099435642
2348092656792
2348099337962
2348097232462
2348091826385
2348093869734
2348091044374
2348090856975
2348093508836
2348095150239
2348099204162
2348093205838
2348095720688
2348098905415
2348090109863
2348097211815
2348091240756
2348096295737
2348098197688
2348099742434
2348090564463
2348090591604
2348093666967
2348095041261
2348091933470
2348093065105
2348090517869
2348090098847
2348099205354
2348097625641
2348092559051
2348092106171
2348099231255
2348090611857
2348096955823
2348099219723
2348092394185
2348092989966
2348099505881
2348096483217
2348098052224
2348092936436
2348091427414
2348091291102
2348093513553
2348096132239
2348095000011
2348091353954
2348093237358
2348095153528
2348090920784
2348099861853
2348099389247
2348096493941
2348093640481
2348090629665
2348093370967
2348097886139
2348094944388
2348098886844
2348094518673
2348093838958
2348096859117
2348098099514
2348094821242
2348099909177
2348093668758
2348098826185
2348094430733
2348098576068
2348097229763
2348094381268
2348093239613
2348090195784
2348099688045
2348093522910
2348094018967
2348096877091
2348091651434
2348099981143
2348091133825
2348094687275
2348096896196
2348095454886
2348095038909
2348099111252
2348097771567
2348099480380
2348092782339
2348092259174
2348093810907
2348094196107
2348095024136
2348096763215
2348098698105
2348099560918
2348092320587
2348099300513
2348092410938
2348091494732
2348092043356
2348098167486
2348090361214
2348098979592
2348091739249
2348097509487
2348090172251
2348091223130
2348090719445
2348094968594
2348099381156
2348094864769
2348098253194
2348094978965
2348094686933
2348093920043
2348095610711
2348093151565
2348092058539
2348097799735
2348090664342
2348094568523
2348099836920
2348093624935
2348090700048
2348098270459
2348092432299
2348093614936
2348096200164
2348097845181
2348094317239
2348091104166
2348090052489
2348096208681
2348092662080
2348093481615
2348096748866
2348094151382
2348091057245
2348090090150
2348090584748
2348098415599
2348097368994
2348098429126
2348093020771
2348098048815
2348096480921
2348096226399
2348092236019
2348093216995
2348092713164
2348099176090
2348098893117
2348095213233
2348095815550
2348099407008
2348098458606
2348098408094
2348094713909
2348097626675
2348097402958
2348098769863
2348098876648
2348093780094
2348093408731
2348096816244
2348093267102
2348099374062
2348097755561
2348092203349
2348097017275
2348093536715
2348097514940
2348095559023
2348096060482
2348094472466
2348094878850
2348098840068
2348091325352
2348094466419
2348093513877
2348098715844
2348093583414
2348090253435
2348096532810
2348097369430
2348094937053
2348091172269
2348094244814
2348096516419
2348097275942
2348094028918
2348097595665
2348099877164
2348095860362
2348099719806
2348093952621
2348092899675
2348092834138
2348093432223
2348099468795
2348099040398
2348099008850
2348094343768
2348097084241
2348098358958
2348096001316
2348090009496
2348096539514
2348099437850
2348099126488
2348094004480
2348093587172
2348092158546
2348090791484
2348094270436
2348093352795
2348090471579
2348099805517
2348094708278
2348092676871
2348098897954
2348096377700
2348099916199
2348099472855
2348094159196
2348097163724
2348094947983
2348095043090
2348094626546
2348090197176
2348090889889
2348091290833
2348097911690
2348090156215
2348098791121
2348099988892
2348091516712
2348097828777
2348091580708
2348099272235
2348098781681
2348094618820
2348097122316
2348097985064
2348097037567
2348093210257
2348092181799
2348093487509
2348091952004
2348096901796
2348092070382
2348096432847
2348096721841
2348091472828
2348091247718
2348092728678
2348094852531
2348096583266
2348098336248
2348098540355
2348090296454
2348090297055
2348095715743
2348098548845
2348091270503
2348093647314
2348096571568
2348091476584
2348093801101
2348095844390
2348099882373
2348099801190
2348091505475
2348090221603
2348098822955
2348094374339
2348098466857
2348097832546
2348096418804
2348094448231
2348093377064
2348093665098
2348097704523
2348090311871
2348099186042
2348096377709
2348091593792
2348097947708
2348094266483
2348098897174
2348099566062
2348094959034
2348099986435
2348093788966
2348098804679
2348095656093
2348092450459
2348092442478
2348092243091
2348094538757
2348096825764
2348093250419
2348094444089
2348093039716
2348091714920
2348091922403
2348093433254
2348096090046
2348093278780
2348094688243
2348099305200
2348094417574
2348096278735
2348099694897
2348095721810
2348093966858
2348096738129
2348099564847
2348091617427
2348093667526
2348096363863
2348091100928
2348090836452
2348093277296
2348099651654
2348097951970
2348092781244
2348093957877
2348097041460
2348096187378
2348092862192
2348092975429
2348093488672
2348090990629
2348093414642
2348090812179
2348091802397
2348098694716
2348097997315
2348099618826
2348096244443
2348093384038
2348093325096
2348094137122
2348098481782
2348096923053
2348098630931
2348093294671
2348099267602
2348095529379
2348094814758
2348093366846
2348092051955
2348097070007
2348094577091
2348090682589
2348096611818
2348090952544
2348094666364
2348098912797
2348095254941
2348094914783
2348099889000
2348096312356
2348093268163
2348094573897
2348094147586
2348098882000
2348093360088
2348095117848
2348096429070
2348095511624
2348092691537
2348093006766
2348098363132
2348097323137
2348096106154
2348093922517
2348099306500
2348091466380
2348097081490
2348094299389
2348092271357
2348096287261
2348091947252
2348098333591
2348097267317
2348095035000
2348092878977
2348097154126
2348091850197
2348095760948
2348099458767
2348093797522
2348093530529
2348098683852
2348095691007
2348097373707
2348097083377
2348094745115
2348097073446
2348090005199
2348096013392
2348098762879
2348095606575
2348093122956
2348093189313
2348097968770
2348097428905
2348092477224
2348093703590
2348092058180
2348098480353
2348095624162
2348094676849
2348090248471
2348097757046
2348090185484
2348097287248
2348090228911
2348095794775
2348093244401
2348094365698
2348091562402
2348095563433
2348097038836
2348098849950
2348098358850
2348096774480
2348093128702
2348093690835
2348095802173
2348099703231
2348091881786
2348097648381
2348094277284
2348098751119
2348095003650
2348093140289
2348093836068
2348090621144
2348095254905
2348095109173
2348095741972
2348090048583
2348097470440
2348092124223
2348090131380
2348090281929
2348096774742
2348091695220
2348093086901
2348093973121
2348099085536
2348090738131
2348094145113
2348099661410
2348096878870
2348098775385
2348091553325
2348099729506
2348091862734
2348098880580
2348093894125
2348098304776
2348091383716
2348098519868
2348093192424
2348095779536
2348090549154
2348091907533
2348095569140
2348098006826
2348093509714
2348092768850
2348091868258
2348099368772
2348091254779
2348090870873
2348097354722
2348097548901
2348094998442
2348095098043
2348090660884
2348093998123
2348097677389
2348098108549
2348099645643
2348094859015
2348092263055
2348095890251
2348097696595
2348094218707
2348093950359
2348099150425
2348098637475
2348099313999
2348090877669
2348091876777
2348094728926
2348095130488
2348093386563
2348090491131
2348094065873
2348093954842
2348091217537
2348096287399
2348092919684
2348095051303
2348091379122
2348096153727
2348099477436
2348091555435
2348094206458
2348092338296
2348091230303
2348091740041
2348098153582
2348091553862
2348097835568
2348099106140
2348096967446
2348098011074
2348099942426
2348090537207
2348097748533
2348099708433
2348097193757
2348096112677
2348093971319
2348092184616
2348091705847
2348094543224
2348095579363
2348093955337
2348090327004
2348091786945
2348095555761
2348092877203
2348091790725
2348091455456
2348098740427
2348099869168
2348091735439
2348097275938
2348090320597
2348097501717
2348099749908
2348093236429
2348097126886
2348095871469
2348092611418
2348092256486
2348095000073
2348092095767
2348093886118
2348093328795
2348094627026
2348098210759
2348091139007
2348096549475
2348096188664
2348090154102
2348095147208
2348095792887
2348092941430
2348095043732
2348090292215
2348090807500
2348091916092
2348099025048
2348091096207
2348097588572
2348099116287
2348092005995
2348093568313
2348093967463
2348090575368
2348098293271
2348092581210
2348097890661
2348099105275
2348092820817
2348094536245
2348091121001
2348096375160
2348097336141
2348092984384
2348095525513
2348093589527
2348092000747
2348092684596
2348097113121
2348092260166
2348096643290
2348098179411
2348096344680
2348091152909
2348092341522
2348099291343
2348097880806
2348090038044
2348097717116
2348097834173
2348090269022
2348093050905
2348095650292
2348099620105
2348094465120
2348095995145
2348098914396
2348090840496
2348090017984
2348099915392
2348092043429
2348095991834
2348097677809
2348093237523
2348091420605
2348099050914
2348093576450
2348098909852
2348096515447
2348090285107
2348094292742
2348097213477
2348091429338
2348093707619
2348095994485
2348094971012
2348093471997
2348097817361
2348093067692
2348093553871
2348095960798
2348093387140
2348090638517
2348091072254
2348097722383
2348093485869
2348094410576
2348098850198
2348091876838
2348090730817
2348093175998
2348099268738
2348095081629
2348099012246
2348095384513
2348096907299
2348091002187
2348092189660
2348094517925
2348099890649
2348095422840
2348096488589
2348098378310
2348094656914
2348093184509
2348092914052
2348092251118
2348097219884
2348094946494
2348094530413
2348098161637
2348093247498
2348093193600
2348095890603
2348098104076
2348096516489
2348094076350
2348098152432
2348092787053
2348090531771
2348091344040
2348098327311
2348093382780
2348097546228
2348097311963
2348091430432
2348091547422
2348095118043
2348094082012
2348093208172
2348095307264
2348093026881
2348092614815
2348092115345
2348093510498
2348096630530
2348096576139
2348096423909
2348090079438
2348099555518
2348099032735
2348098771262
2348093189902
2348096656747
2348096423197
2348094366363
2348094441207
2348094543405
2348090968757
2348094932180
2348093429665
2348099732197
2348097841382
2348099947317
2348099947713
2348096226466
2348098606746
2348094197763
2348091126483
2348096446118
2348091631028
2348094090960
2348092869459
2348093173785
2348091022108
2348096399743
2348098966444
2348095516373
2348090411468
2348092696024
2348093671391
2348098968571
2348094629538
2348093344767
2348096974488
2348094656500
2348090468412
2348094722940
2348091573472
2348093686446
2348099981166
2348094811985
2348090904162
2348090389993
2348091076107
2348092796366
2348093325368
2348096883400
2348091225523
2348090087510
2348095132623
2348095436979
2348090933349
2348094056196
2348097883864
2348096978663
2348096635338
2348090205232
2348092213591
2348091465830
2348095032778
2348098612127
2348090485445
2348098034502
2348099756518
2348097064878
2348097372382
2348096602114
2348099235335
2348091004977
2348096192589
2348094313374
2348098183142
2348093902284
2348096293770
2348097255564
2348094181711
2348094274751
2348095450094
2348093591573
2348091433372
2348099962761
2348094685692
2348099020441
2348098869230
2348096649148
2348094754462
2348099129413
2348093382414
2348099772783
2348098376343
2348092612182
2348092902984
2348095106867
2348098485287
2348092508090
2348099561705
2348092945312
2348095187829
2348091474880
2348098946778
2348092370158
2348098270819
2348090988575
2348094711503
2348093010801
2348091460357
2348098880053
2348095998265
2348099651965
2348095508831
2348096530585
2348092118120
2348093519711
2348093819249
2348096854529
2348096838882
2348091457432
2348092067563
2348098882524
2348095459522
2348098207009
2348094034709
2348091031268
2348099943777
2348096120397
2348096968036
2348096296662
2348094562731
2348095668014
2348095362172
2348098578464
2348094676498
2348091493921
2348096659827
2348095536747
2348099711027
2348093704300
2348092120172
2348095802414
2348097600980
2348094501968
2348097135463
2348098634166
2348098984858
2348092766411
2348090994669
2348092768210
2348091167019
2348097434135
2348099545274
2348096381515
2348094713682
2348096047369
2348098214770
2348098281083
2348098839544
2348097898247
2348097790734
2348093512882
2348092208782
2348090101227
2348098916405
2348091313664
2348092443057
2348093378841
2348093898583
2348091800327
2348094633750
2348096396199
2348097819271
2348093201945
2348095452161
2348095948735
2348097920292
2348099388576
2348094756127
2348097848066
2348098973242
2348097983736
2348097963996
2348097909730
2348097694875
2348099297779
2348090704097
2348098622752
2348093049979
2348098087945
2348097724812
2348090175255
2348092905141
2348090889944
2348096909993
2348096372416
2348090160865
2348097856048
2348096073897
2348097504143
2348093704176
2348093658084
2348099655096
2348091627571
2348097285191
2348090067394
2348098651664
2348091060708
2348099478984
2348093258920
2348091099004
2348098806388
2348097055959
2348090803572
2348092083771
2348094871058
2348094589047
2348097781593
2348096638864
2348097201337
2348090156597
2348090460532
2348093328052
2348093435051
2348096242827
2348092675750
2348098147122
2348096089829
2348098495267
2348095376104
2348094203749
2348090748393
2348092401505
2348097297079
2348091973044
2348092432090
2348090241429
2348092170975
2348097915199
2348098037019
2348096200772
2348090562679
2348094349301
2348095544476
2348091004671
2348092550980
2348090071214
2348095925733
2348097009750
2348099550625
2348090418127
2348090627771
2348090039230
2348090991219
2348094091230
2348099224846
2348095144763
2348090587067
2348090444726
2348090855855
2348094400180
2348092046544
2348098005288
2348098735179
2348096678522
2348092604883
2348092146509
2348092332035
2348091191188
2348092910595
2348098680270
2348093442317
2348098349246
2348098075516
2348090342431
2348091182060
2348096998577
2348098576045
2348090538571
2348090880072
2348098521350
2348097970655
2348090734097
2348093811250
2348091373180
2348095770429
2348093985320
2348095440327
2348092559640
2348098395251
2348097765307
2348090610627
2348092840780
2348094065472
2348095790840
2348098089295
2348092850469
2348094736792
2348094415981
2348092785900
2348099169579
2348090282435
2348090333741
2348093632614
2348095024657
2348098173784
2348094936252
2348090116789
2348092310485
2348096124359
2348095483520
2348095237723
2348099623839
2348098159841
2348098231862
2348095908030
2348091209909
2348090684921
2348093346980
2348091663614
2348091373091
2348099801765
2348093682075
2348098127195
2348090528767
2348097627159
2348091363851
2348099303589
2348096037274
2348094532200
2348098807847
2348091019685
2348094921399
2348090924088
2348094555376
2348095414564
2348095490935
2348094929207
2348099033161
2348099517937
2348098407822
2348090502167
2348098926726
2348097520210
2348099360616
2348091220415
2348094784348
2348094200428
2348097068962
2348099649416
2348097094656
2348091683711
2348094739327
2348099527878
2348097620996
2348090476907
2348099775908
2348097846894
2348095947235
2348094338130
2348099586865
2348098463826
2348094440182
2348094892244
2348095314556
2348095109309
2348096603785
2348099006240
2348096812282
2348097462693
2348093056128
2348097348614
2348099653180
2348090747636
2348098719549
2348094530005
2348097841840
2348099276390
2348095907106
2348099984158
2348096957719
2348098184285
2348096165032
2348098289994
2348091158728
2348098889958
2348093449338
2348097849252
2348097696802
2348098401604
2348093367803
2348099884541
2348097998419
2348095196514
2348098580498
2348098354860
2348099921484
2348091948729
2348093217117
2348091614960
2348093796166
2348099817029
2348096930630
2348094420716
2348090258877
2348091968205
2348091059724
2348090109215
2348095038341
2348097370296
2348095470005
2348095204414
2348098178562
2348098296302
2348090962274
2348095163568
2348097709615
2348094538797
2348096210854
2348093024996
2348097747708
2348090937460
2348093818431
2348095492058
2348094320121
2348093560723
2348097561551
2348091663123
2348094850149
2348092691220
2348097818700
2348095137761
2348093387454
2348093412485
2348098574665
2348094693383
2348099523368
2348090225234
2348097680236
2348094843010
2348093472813
2348099003193
2348093380367
2348094831039
2348092558724
2348093347679
2348093765796
2348094279476
2348094176752
2348094376759
2348096143995
2348098824149
2348098685787
2348099445708
2348096403152
2348092504767
2348093567094
2348096937076
2348092291840
2348097254091
2348094258835
2348093169513
2348094925736
2348097407769
2348096378774
2348099567883
2348097199310
2348090313165
2348092688108
2348091205359
2348098787821
2348096823902
2348097717025
2348097409383
2348091784157
2348098148090
2348090125502
2348097541969
2348097416515
2348091406249
2348091640140
2348096438593
2348098366575
2348092949340
2348092410950
2348096375401
2348091570504
2348095601194
2348092608377
2348096651971
2348094669497
2348099831816
2348091451175
2348090435841
2348096636893
2348098551496
2348099940654
2348096116743
2348099103345
2348090450747
2348098456476
2348091021127
2348098231449
2348097984460
2348098854903
2348090980924
2348090358226
2348095632633
2348090241127
2348099796634
2348091592141
2348097608609
2348093572925
2348098173685
2348092158190
2348092582323
2348093668454
2348098982327
2348095271554
2348095521819
2348090383124
2348099470782
2348093496549
2348090667616
2348092218550
2348095040464
2348097846245
2348095897285
2348096949274
2348093045850
2348095304473
2348096069523
2348090705335
2348090573353
2348092168627
2348097594094
2348098358970
2348095288617
2348094673495
2348097595129
2348090423562
2348095050850
2348099189207
2348091043144
2348092983561
2348092864033
2348093849278
2348090708829
2348098183343
2348093004998
2348094617380
2348092184356
2348099512863
2348091528883
2348099981818
2348090898376
2348091449601
2348097330382
2348098814882
2348092068414
2348090025841
2348093552436
2348098736709
2348091027222
2348091924167
2348096787628
2348097929146
2348094194868
2348098821370
2348093521494
2348098251253
2348093914610
2348090971486
2348099868439
2348098776998
2348096707984
2348094885577
2348090455407
2348095087485
2348093494490
2348097455476
2348097363925
2348099836576
2348097676415
2348095972028
2348095846625
2348094212840
2348090683491
2348097893543
2348093701829
2348095856839
2348096455832
2348098364467
2348092301869
2348095785954
2348093694740
2348094333477
2348097056563
2348092550937
2348097236433
2348093389165
2348095969777
2348096026618
2348091797946
2348098217955
2348091604037
2348093183017
2348098006058
2348096476886
2348091237330
2348091430842
2348092489685
2348098067458
2348090239477
2348090432315
2348099039225
2348096807258
2348097164525
2348094857776
2348090072273
2348096021472
2348092907462
2348099160156
2348098716666
2348091011102
2348094494727
2348097566351
2348099322118
2348092643272
2348094566515
2348090495351
2348099437121
2348091171130
2348090096533
2348091297889
2348099727295
2348094713429
2348091514456
2348096970495
2348092887317
2348090126965
2348094444461
2348090689425
2348099357492
2348098686389
2348095420977
2348092796950
2348099183463
2348099705046
2348096520506
2348099420181
2348092930480
2348094432787
2348093384376
2348097001285
2348097355713
2348091502346
2348090568966
2348094568826
2348096576242
2348095136851
2348098603177
2348091345733
2348094236991
2348095722979
2348094235180
2348094941744
2348090090071
2348091044240
2348095362519
2348093838450
2348094094660
2348099371545
2348096646772
2348092045439
2348093375966
2348091020363
2348090430429
2348099177507
2348096920037
2348099465866
2348099828641
2348097959272
2348094298686
2348093214667
2348090350807
2348092962713
2348098722000
2348096744648
2348099679593
2348096290599
2348099727605
2348098566320
2348090629889
2348092230605
2348091285817
2348091472793
2348095467907
2348099091087
2348090745554
2348093025694
2348099136677
2348092183588
2348097921227
2348095128971
2348091507172
2348092280965
2348099993961
2348098826123
2348095767926
2348096489550
2348095142715
2348095139555
2348099596266
2348097202409
2348098953210
2348096432082
2348099555211
2348091791541
2348090518287
2348099867390
2348096206683
2348093758646
2348093868007
2348090621105
2348093790697
2348099044800
2348098166751
2348090917847
2348090543474
2348093202592
2348093147818
2348095808756
2348093112088
2348096562645
2348097321529
2348096904965
2348091245604
2348093710900
2348098650266
2348099157689
2348099249615
2348093507601
2348091340568
2348095601693
2348093620732
2348095315137
2348095306319
2348092995703
2348094987307
2348094001595
2348090131188
2348092349395
2348092252734
2348095482650
2348093629367
2348092994268
2348090990002
2348097180722
2348094357256
2348093607982
2348095883797
2348091308912
2348094459476
2348098539319
2348095303542
2348092897910
2348096427663
2348096670512
2348090295084
2348096641636
2348094861201
2348093824637
2348091680204
2348092462505
2348095901345
2348093590802
2348098590239
2348095150130
2348096697333
2348090522379
2348097031307
2348097662324
2348096352358
2348090319001
2348099926914
2348091773185
2348096036633
2348095554206
2348090726075
2348092870096
2348093483810
2348092895419
2348090387900
2348095587673
2348095155692
2348096702001
2348092306829
2348092480283
2348098242442
2348099254890
2348091555747
2348093438767
2348097248108
2348095730729
2348096492048
2348096006464
2348092125332
2348095262386
2348095555244
2348092495133
2348093520087
2348091309281
2348094556302
2348095041839
2348092246360
2348099285065
2348093130759
2348097015409
2348096015359
2348098343870
2348091461841
2348094319036
2348092168886
2348091023540
2348094836296
2348093985114
2348096166727
2348094447674
2348093337314
2348099295447
2348097410644
2348091245578
2348093614854
2348099724717
2348090156544
2348098062023
2348090976612
2348096770746
2348097091142
2348093157190
2348094165963
2348094452691
2348097168815
2348097904652
2348097877679
2348098410637
2348092574500
2348092527666
2348097236931
2348094125828
2348094861460
2348093366104
2348095031530
2348091723709
2348095410200
2348091901373
2348092740697
2348097030796
2348097269445
2348099410314
2348094822325
2348090921629
2348094091239
2348093589496
2348097158089
2348092403245
2348096404389
2348092654539
2348099215899
2348098871647
2348092748911
2348094512033
2348092851365
2348098725357
2348097707309
2348090880650
2348092147445
2348099577284
2348092030807
2348093922082
2348091208195
2348096530590
2348092394803
2348093964926
2348095646978
2348097744954
2348095840794
2348094981392
2348090246928
2348099768971
2348099807386
2348096430576
2348091381069
2348094783630
2348097809122
2348093089889
2348099572184
2348092552204
2348098389234
2348096010277
2348094814294
2348099349827
2348099753080
2348095354525
2348097196328
2348098649177
2348098493883
2348096963333
2348090088630
2348090650401
2348098393659
2348094863656
2348097128415
2348095146321
2348093221968
2348092810610
2348093567783
2348091689933
2348097992345
2348091682438
2348096571686
2348092002530
2348099573175
2348092457771
2348092598062
2348098524578
2348098100659
2348090507385
2348094722732
2348095898314
2348090458052
2348094287635
2348095734322
2348094754012
2348090587509
2348097467278
2348091985513
2348090857065
2348098223851
2348093415360
2348092397496
2348096118826
2348099008870
2348092857371
2348096468971
2348094849374
2348096341745
2348092482127
2348091089674
2348097209761
2348094647343
2348096486844
2348093757373
2348097669867
2348096256821
2348096444021
2348095630669
2348091362540
2348091397230
2348090953341
2348096907091
2348097792004
2348097175925
2348094302245
2348090735458
2348095359843
2348095861473
2348091405762
2348097624956
2348093206470
2348098905410
2348091041877
2348090438200
2348095781093
2348098891834
2348094793697
2348093213862
2348099661053
2348099270739
2348097690377
2348093884841
2348091692826
2348094087328
2348095678146
2348096419659
2348098992515
2348092604890
2348092883086
2348099536380
2348097756120
2348099628127
2348096671523
2348092773377
2348090189888
2348090597300
2348093261447
2348094120990
2348098028413
2348090051078
2348099600899
2348094328668
2348095682438
2348094671636
2348095300608
2348090931612
2348095817170
2348093810906
2348098653277
2348096283720
2348093714968
2348099921093
2348095806184
2348090694755
2348096578128
2348098436043
2348094875761
2348099668512
2348097174348
2348090966284
2348093277492
2348090864114
2348091286316
2348091241162
2348098878002
2348098104945
2348093039467
2348099397028
2348092051776
2348093235472
2348094835085
2348097453365
2348096425900
2348094649990
2348094448779
2348091958251
2348090050256
2348096810844
2348091594291
2348091137256
2348098692371
2348092682650
2348096273242
2348097841937
2348090780391
2348097713417
2348093451905
2348097438358
2348095750897
2348098355521
2348099332439
2348094694232
2348099412743
2348095271014
2348093555725
2348097986742
2348090964714
2348096587162
2348098249357
2348099350450
2348097339180
2348093701732
2348096428521
2348098457700
2348094704151
2348091911537
2348091454463
2348098045647
2348092222535
2348092900375
2348092810346
2348092810686
2348093793494
2348093863220
2348093305785
2348096811901
2348090210177
2348098722167
2348098217318
2348098368098
2348093933381
2348095881705
2348093933624
2348095454347
2348098930476
2348098212572
2348096117483
2348090158165
2348092194865
2348092057156
2348091473485
2348096302376
2348098705565
2348094044366
2348099556286
2348090534879
2348097481730
2348091845183
2348097166406
2348095554026
2348090085673
2348095166584
2348091275832
2348094434542
2348099647151
2348094498383
2348090622496
2348091256588
2348098599512
2348092559873
2348098913792
2348093761227
2348094138858
2348095050195
2348090262607
2348092921889
2348097684617
2348093779885
2348097084041
2348090584433
2348095627219
2348097071256
2348091841442
2348094338662
2348095434973
2348090220876
2348090300401
2348093576566
2348098577107
2348093234651
2348091504452
2348096136635
2348095441103
2348099607364
2348098678984
2348098491601
2348097632627
2348094621263
2348094452835
2348093905348
2348092022853
2348097191243
2348090579942
2348094169363
2348097093695
2348099798470
2348090994380
2348094711176
2348098807538
2348097008115
2348095522992
2348093428348
2348092607223
2348096750973
2348090446552
2348096359350
2348099440789
2348092614020
2348092062680
2348094052254
2348098481854
2348098042595
2348097387674
2348091430608
2348094301526
2348092734930
2348093537085
2348090061679
2348095297895
2348090564837
2348098144352
2348090013127
2348098369560
2348095675129
2348093026687
2348093432014
2348091942336
2348095217205
2348090144481
2348096707036
2348099215497
2348090931810
2348091529726
2348093796637
2348097728642
2348093812379
2348096658466
2348096777499
2348098211202
2348093585607
2348093165513
2348092454853
2348097341371
2348097239554
2348096636582
2348091615248
2348091981138
2348098920776
2348096396673
2348099558398
2348095294819
2348092312174
2348096694120
2348090526798
2348094723672
2348096247268
2348096198670
2348095881828
2348091688728
2348090928717
2348098694807
2348094839117
2348095176156
2348098559989
2348098677108
2348093737815
2348092160976
2348094232940
2348090060632
2348093934348
2348097195990
2348095165894
2348091925494
2348092107297
2348095037902
2348099046545
2348090241025
2348093100788
2348095961736
2348094584670
2348096142135
2348093991395
2348098232402
2348090546986
2348098734181
2348094414751
2348099480393
2348090180887
2348098053173
2348093050034
2348091356868
2348090469502
2348090048033
2348096964032
2348096618746
2348093861842
2348091434789
2348090562296
2348099117165
2348099798309
2348096045406
2348096643438
2348097364802
2348098172447
2348092683975
2348092383078
2348099433995
2348095569415
2348093451292
2348096985966
2348095319134
2348090767135
2348092551814
2348094018063
2348099054395
2348092685287
2348099343793
2348099645832
2348098590296
2348095024254
2348090707975
2348095137417
2348091330123
2348098654448
2348096168036
2348091890813
2348095711281
2348096855844
2348099159624
2348097368143
2348097375673
2348098144189
2348094063227
2348098037792
2348099990479
2348097980033
2348099076192
2348090692223
2348092622295
2348090747733
2348097380933
2348092223555
2348096259546
2348096986615
2348090268470
2348092642532
2348096194826
2348093000657
2348099228828
2348095889086
2348094276724
2348093793212
2348095069247
2348095321873
2348097850661
2348093353951
2348094079150
2348093217434
2348096150541
2348097552374
2348097060412
2348090912439
2348092287815
2348093924876
2348093009971
2348099525222
2348096340751
2348098202329
2348092520796
2348096926044
2348099675894
2348091844499
2348090551617
2348099282052
2348094897874
2348094985914
2348098088521
2348092625926
2348096500308
2348098686206
2348094793383
2348090834513
2348096118084
2348094441628
2348097662832
2348091923830
2348099977523
2348098939980
2348093170158
2348098667178
2348098555694
2348093608748
2348096205392
2348090063506
2348091569743
2348090172667
2348091707297
2348095714837
2348097345389
2348099523553
2348097627186
2348090914918
2348091602196
2348092368844
2348091015881
2348096379970
2348092012795
2348090230120
2348095674590
2348092601296
2348094580898
2348093235629
2348094544492
2348091719222
2348099091927
2348095926396
2348098744255
2348097309452
2348090990529
2348093955469
2348098578777
2348093423690
2348095906479
2348094079334
2348097932022
2348095736482
2348090441856
2348095175581
2348096514873
2348097516255
2348095818672
2348097236118
2348090809313
2348093833391
2348097149590
2348090538111
2348098067650
2348093156897
2348096670507
2348098412122
2348091047979
2348096691663
2348091920569
2348098817797
2348097090255
2348098671111
2348093952718
2348090907200
2348099907042
2348096673191
2348095020233
2348090461127
2348096330513
2348090697002
2348099754800
2348091322002
2348091314085
2348090025501
2348092959672
2348092343891
2348093384264
2348090519275
2348090356746
2348094082179
2348099509322
2348092268138
2348091645215
2348098675683
2348091655369
2348094384585
2348094495480
2348099132743
2348092468792
2348091087888
2348096249090
2348098065596
2348094138999
2348095638763
2348093091091
2348095880458
2348093937332
2348091434958
2348099301615
2348092264621
2348097350277
2348094756096
2348096717627
2348095823994
2348095739159
2348095997054
2348091250300
2348090324202
2348092760678
2348090152237
2348092294338
2348092902609
2348094988427
2348096562476
2348092418675
2348096594057
2348093414997
2348099405151
2348090640838
2348098619163
2348097911985
2348090709041
2348093216617
2348091579610
2348090360240
2348099741008
2348094960283
2348098555565
2348096010182
2348095793921
2348096282834
2348094649331
2348093575890
2348091324539
2348094111937
2348097068285
2348096938094
2348092599668
2348098887084
2348090271867
2348096135726
2348093920974
2348096172712
2348094506950
2348093362987
2348094570323
2348090368768
2348099531430
2348093609564
2348090129508
2348097953081
2348092710612
2348095416140
2348094430838
2348095024190
2348096100977
2348091604724
2348094457519
2348098579711
2348091330213
2348096223350
2348096618594
2348094433046
2348098109831
2348091454299
2348096374541
2348098493600
2348094261722
2348096595726
2348097437829
2348093135954
2348098370433
2348095984749
2348092649417
2348092530664
2348091845627
2348099834802
2348097319883
2348097067790
2348093732981
2348097234355
2348099940568
2348092707439
2348091316351
2348099876229
2348091958231
2348098573784
2348093073350
2348096588130
2348092097976
2348096760375
2348097982963
2348092047486
2348090570693
2348090685972
2348090951848
2348090051001
2348092740325
2348098079610
2348096185892
2348094688722
2348093115912
2348090611677
2348093781977
2348092902950
2348093725167
2348094974892
2348094279116
2348096899791
2348095958954
2348091989432
2348097469360
2348093197563
2348096365182
2348094634037
2348090366135
2348090680427
2348099311228
2348098470319
2348099780747
2348091400615
2348098509033
2348090326644
2348094656723
2348098022665
2348096996157
2348090128134
2348098527524
2348096066743
2348096079263
2348091731348
2348096647911
2348090475165
2348098458466
2348091436813
2348097568370
2348092923676
2348095532162
2348092227455
2348093566124
2348094750709
2348091583094
2348099997667
2348092774767
2348096600214
2348094459493
2348093725511
2348095452949
2348092890004
2348094902111
2348093988791
2348094015577
2348099038722
2348099371911
2348095672786
2348094702291
2348097977718
2348098439201
2348091907129
2348093522898
2348091306706
2348099972064
2348096836083
2348096277192
2348090730257
2348098765195
2348092235243
2348094329728
2348093152246
2348092273977
2348090058223
2348098815183
2348091292337
2348097483387
2348097442973
2348091836277
2348095763330
2348097174656
2348091291222
2348095476282
2348093017523
2348093709307
2348094442669
2348099834824
2348097908029
2348099884376
2348091607300
2348091141305
2348092465256
2348094711603
2348098324324
2348099501374
2348090877197
2348095406220
2348098845440
2348090691843
2348092129717
2348092780390
2348091551431
2348098249236
2348099786032
2348092898860
2348096713416
2348090595357
2348090613736
2348099515690
2348093166774
2348092498902
2348098459361
2348092466790
2348096825812
2348093162210
2348091308209
2348096922807
2348091385838
2348098642879
2348095994556
2348098466471
2348099969318
2348097334661
2348090787839
2348099310226
2348098134664
2348096406647
2348097719355
2348093182485
2348094691964
2348091092734
2348093685932
2348097873397
2348095957023
2348096981947
2348090318304
2348097046135
2348099290806
2348098941109
2348092593852
2348093101376
2348094461753
2348099200209
2348090506541
2348092328853
2348098526603
2348091012986
2348095184933
2348099046990
2348093273535
2348099743650
2348091834348
2348097426359
2348094063049
2348096690976
2348094876596
2348093870578
2348094192500
2348093744654
2348093872072
2348098963771
2348098401747
2348099612744
2348098169392
2348097587925
2348095698789
2348094683677
2348092397739
2348092746272
2348091946939
2348095043142
2348098400743
2348093388680
2348094043462
2348098173600
2348095635840
2348092631234
2348093908883
2348093838963
2348097611914
2348093733907
2348090587473
2348098411602
2348092344873
2348092721188
2348090451817
2348093757779
2348091249472
2348090443545
2348094364657
2348096097039
2348099845598
2348096081663
2348097429318
2348093866694
2348090310876
2348095168354
2348097265002
2348090900504
2348091883722
2348091158009
2348094034877
2348096067586
2348091149626
2348090122797
2348098741982
2348095817013
2348099945268
2348095576819
2348091574944
2348093480914
2348090041176
2348094850750
2348094258508
2348097679699
2348090001884
2348098533526
2348099687830
2348099658630
2348090780272
2348098422118
2348091163210
2348092004303
2348095050816
2348094333099
2348094336654
2348090959395
2348097732800
2348091104451
2348092668077
2348094409180
2348094065123
2348098018401
2348099776542
2348097845892
2348096827299
2348092537012
2348099868998
2348098895012
2348097599169
2348098538508
2348095057847
2348092859188
2348097670768
2348091723618
2348095010961
2348093328381
2348099212564
2348098108933
2348094435859
2348090791499
2348094175833
2348099799332
2348096481124
2348095371343
2348096690648
2348090987105
2348092264266
2348097582436
2348098439657
2348092887704
2348095300502
2348094228409
2348092262662
2348093262830
2348098960827
2348099819592
2348091841954
2348095363252
2348098738022
2348098747182
2348099096074
2348093356954
2348092483294
2348098597286
2348097683066
2348094002753
2348095013335
2348090078861
2348092969017
2348091437277
2348098202529
2348091033861
2348096727225
2348097962507
2348092887538
2348097912424
2348092078194
2348097042284
2348091933139
2348097716993
2348094754097
2348099207386
2348091546285
2348098450707
2348096140934
2348091323419
2348095152231
2348094380395
2348097104060
2348097173387
2348093713825
2348096816773
2348092064378
2348091312847
2348093460342
2348097764134
2348098465684
2348091105360
2348097622069
2348090983594
2348093719228
2348096269974
2348095895727
2348098375470
2348093998582
2348095126497
2348096061145
2348091255959
2348093629883
2348093750423
2348091620195
2348099083769
2348091213325
2348098636842
2348097777882
2348090433572
2348098027395
2348094202984
2348097198568
2348092289735
2348094948036
2348092563002
2348095408651
2348098775548
2348094279952
2348094762180
2348091119289
2348097150838
2348093135754
2348093530025
2348093937597
2348092531004
2348092016469
2348096236681
2348094767951
2348091683678
2348098227807
2348091692415
2348098335636
2348091049375
2348091313147
2348097977273
2348090406583
2348096952825
2348094958034
2348098031284
2348093865607
2348097450278
2348095720604
2348099419387
2348094417226
2348092018049
2348097577470
2348094363305
2348097831996
2348095799221
2348094298729
2348097024100
2348090671541
2348097670214
2348095718349
2348092122522
2348095627028
2348093799529
2348092318484
2348098783258
2348099596166
2348099086685
2348094911434
2348095240908
2348090802593
2348092530350
2348095365244
2348095047561
2348094128429
2348092354073
2348097720144
2348095407234
2348097897183
2348091728642
2348094361476
2348092039091
2348093212435
2348098617896
2348094957581
2348091356653
2348090577239
2348095792298
2348096802152
2348098410399
2348096738812
2348090374884
2348096106433
2348090602900
2348099939157
2348094915866
2348091754837
2348099307590
2348097038909
2348093753257
2348090274381
2348093950880
2348090699915
2348098735695
2348095647083
2348096825760
2348094889726
2348099505182
2348099386415
2348096105819
2348095618020
2348093831305
2348095772905
2348090507558
2348094351293
2348090926382
2348095359059
2348091558435
2348094630991
2348095087208
2348090320921
2348095455963
2348097061749
2348090631399
2348096390643
2348090199372
2348099344265
2348099666982
2348097611407
2348097168991
2348091131658
2348094276035
2348095779948
2348096741413
2348095542808
2348099689148
2348093308798
2348094704159
2348092572427
2348091241866
2348092889032
2348097775741
2348094579788
2348090710310
2348090502993
2348090128678
2348093052688
2348098396279
2348091070988
2348094165088
2348094240148
2348098099945
2348099280728
2348098465996
2348096487089
2348092023721
2348095808609
2348098254445
2348096381967
2348093890571
2348098760146
2348096168760
2348096771251
2348093607487
2348097551263
2348093637587
2348099819937
2348097275647
2348098733572
2348093413625
2348099466172
2348093851461
2348095755361
2348099922441
2348099076854
2348098683482
2348097646473
2348097849569
2348097487140
2348095190245
2348091676999
2348091687026
2348091381353
2348091529633
2348095399255
2348091702083
2348091151663
2348095301221
2348092665736
2348092953076
2348095051101
2348097550258
2348092458633
2348092582771
2348090252772
2348094594700
2348092674870
2348094614056
2348091868065
2348094985943
2348096994565
2348090570307
2348099306801
2348096666893
2348090179751
2348092276905
2348090642096
2348090335250
2348095422822
2348095399096
2348099207637
2348097392898
2348099151501
2348096726506
2348090802979
2348098697524
2348097280288
2348092628985
2348095530785
2348096490603
2348092564921
2348096075548
2348091345242
2348091929320
2348094115152
2348097013525
2348092527723
2348099564861
2348093719148
2348097467816
2348092968813
2348096511004
2348097512647
2348096836489
2348099231838
2348090503277
2348097864978
2348097548398
2348098767119
2348098085673
2348092619920
2348098597382
2348099081197
2348093593114
2348093276052
2348090294505
2348098038590
2348093256700
2348095367256
2348094426796
2348090399514
2348097443864
2348093572438
2348093525975
2348097427608
2348098523802
2348090151312
2348090318755
2348095869256
2348094109343
2348090139568
2348096296273
2348096141951
2348090694636
2348090779970
2348092491452
2348093450019
2348098753914
2348093740573
2348097976730
2348097774269
2348092088818
2348097522584
2348093426903
2348092433156
2348092469128
2348099536678
2348094322806
2348095849950
2348091519630
2348090148275
2348093690952
2348096972249
2348091261661
2348090483808
2348093763908
2348092047406
2348094789855
2348097985274
2348099329539
2348094991226
2348094177556
2348094571125
2348094084485
2348095675588
2348097912477
2348093748410
2348096650341
2348092059241
2348092076643
2348092766106
2348096278837
2348092930921
2348092370640
2348093242084
2348096578143
2348094319037
2348091657522
2348094709649
2348099037903
2348096514901
2348098715161
2348097022364
2348097922782
2348093166871
2348097261012
2348098763474
2348096830969
2348097651890
2348092343048
2348095297215
2348095850974
2348099989941
2348096258208
2348099757820
2348090726165
2348095888738
2348099287595
2348097743181
2348094909289
2348093295051
2348091800006
2348091088259
2348099223023
2348093417300
2348093893195
2348099977901
2348098078974
2348099201563
2348092290050
2348098843858
2348091611432
2348096178525
2348094647520
2348095001839
2348093423261
2348097525076
2348093529031
2348092481713
2348090132209
2348094757039
2348095193774
2348099310511
2348090091150
2348093982890
2348096557132
2348095672808
2348095793199
2348097819425
2348092718901
2348090250492
2348091616518
2348098825974
2348092231814
2348096334103
2348090635285
2348093412172
2348091589510
2348095010202
2348097945962
2348093423454
2348097246935
2348098112550
2348097844504
2348092436928
2348091243245
2348091248633
2348092573873
2348099887499
2348098035491
2348091272056
2348098282192
2348091174217
2348092448047
2348092971204
2348096297737
2348099509488
2348095943354
2348095043222
2348097467936
2348099275540
2348092041811
2348096829341
2348098606648
2348090816783
2348096984570
2348097478459
2348098961563
2348097871965
2348096745875
2348098724398
2348095099936
2348099553122
2348099318205
2348094080626
2348090694155
2348095622479
2348096669844
2348091354517
2348093383549
2348099497617
2348090402255
2348095697177
2348092908236
2348097894637
2348096284502
2348091764585
2348092143125
2348093609965
2348093769548
2348092209458
2348099947348
2348097974578
2348092238175
2348091941240
2348094464726
2348095980578
2348098802627
2348098271550
2348093693048
2348091235722
2348092016518
2348092688389
2348092780317
2348092097771
2348094891300
2348097517814
2348096910450
2348096540399
2348090000580
2348098218609
2348094584086
2348096743673
2348091127832
2348097209917
2348096287022
2348091944213
2348099035058
2348093253800
2348096204303
2348093671735
2348098672376
2348098891637
2348091387850
2348094310749
2348097946295
2348096736423
2348095371917
2348097588188
2348098650608
2348092238809
2348092160275
2348099915286
2348097499250
2348090928940
2348096006984
2348099812105
2348095047040
2348098797424
2348099141048
2348094121745
2348098189564
2348090459950
2348091213992
2348096828946
2348091690976
2348096277050
2348093889649
2348098103975
2348094315199
2348091046169
2348093547170
2348092441485
2348096273549
2348097662913
2348092957155
2348090183752
2348093557414
2348091688031
2348096545331
2348099582295
2348098784093
2348098201152
2348091070860
2348095297387
2348093458256
2348096828692
2348097148373
2348096542472
2348098417217
2348093750029
2348093201252
2348098999325
2348093045898
2348091164840
2348097298368
2348097941262
2348096634834
2348099368422
2348096706394
2348091205681
2348092092374
2348094416435
2348094254224
2348092982730
2348092934924
2348096677586
2348095242548
2348094681869
2348093634639
2348092945041
2348092983308
2348090434587
2348099195455
2348099180196
2348093206626
2348098513415
2348096932523
2348098666235
2348092595073
2348090209707
2348095957398
2348095223913
2348099862451
2348096513776
2348096611521
2348098451707
2348093688336
2348096839460
2348090741773
2348096611896
2348096500831
2348096981596
2348090204155
2348090762457
2348091699271
2348090352621
2348095829281
2348094071277
2348092446784
2348093921353
2348095990823
2348094054031
2348090990697
2348097177107
2348095800474
2348091116151
2348096720539
2348090852568
2348093099340
2348095942276
2348096248586
2348098100119
2348096926868
2348098194342
2348091541992
2348092302330
2348095054929
2348096823694
2348099228084
2348097503876
2348093663734
2348097829993
2348094908130
2348092525448
2348091546215
2348096195383
2348098930194
2348095299151
2348096274061
2348093341055
2348094240275
2348091278626
2348097849466
2348095034645
2348098832376
2348094092578
2348098816752
2348093408509
2348095137523
2348094491394
2348096214015
2348095491562
2348093376182
2348091956681
2348090350794
2348094971949
2348098144306
2348093264719
2348094029161
2348098100803
2348092152152
2348097500903
2348092639560
2348093362637
2348093369261
2348096273905
2348091586312
2348092522653
2348090818319
2348099160145
2348097428277
2348099093675
2348091191363
2348091626467
2348091751746
2348097549752
2348099503097
2348096843867
2348092884110
2348099968901
2348095124163
2348099183941
2348096622240
2348097862676
2348095078277
2348090006527
2348091582347
2348092629625
2348094326473
2348099174331
2348095621221
2348098607017
2348095604858
2348091081810
2348094981165
2348095887848
2348092413708
2348094261872
2348092230356
2348094513007
2348097175715
2348097822377
2348098600873
2348095339232
2348099663246
2348093416428
2348095338153
2348093311245
2348090277823
2348099701474
2348093173584
2348092533442
2348098746325
2348092859229
2348097805685
2348091918375
2348099549065
2348091042991
2348094375856
2348090468390
2348099479534
2348091772861
2348097207433
2348097164034
2348092003011
2348093969196
2348095665302
2348098601978
2348095127488
2348099769655
2348096499849
2348099560407
2348090558903
2348093273687
2348091858844
2348098521604
2348091508712
2348096749951
2348098801536
2348095924425
2348097736095
2348097524970
2348097880525
2348092469342
2348093861036
2348096648283
2348090858872
2348095919322
2348094661185
2348090254885
2348094853358
2348097522971
2348092713908
2348098495315
2348097881900
2348093884818
2348098264390
2348090672485
2348094997528
2348098805520
2348098865076
2348091562422
2348098147086
2348095472196
2348094070513
2348091602533
2348090629091
2348097932476
2348099666296
2348095926188
2348099470327
2348096992855
2348096464428
2348097755091
2348095195930
2348098159951
2348093099398
2348093001080
2348091687605
2348090342269
2348097113986
2348093920848
2348094166044
2348095493930
2348094184512
2348091735288
2348096635412
2348098273606
2348095736418
2348098545645
2348098021771
2348096995498
2348097048486
2348091462568
2348093451711
2348095704618
2348099266838
2348098686812
2348092897712
2348090690800
2348092558714
2348096223993
2348095648876
2348091204450
2348097910011
2348098170250
2348090709047
2348099546394
2348093684385
2348099818621
2348098581955
2348095618534
2348098737103
2348097612016
2348090796688
2348094114395
2348092758218
2348098792071
2348096710067
2348099843535
2348092673003
2348091796356
2348098421343
2348099340565
2348094744673
2348092196883
2348098315759
2348091070981
2348091241400
2348096448414
2348091811167
2348095420198
2348092667236
2348093793751
2348098968535
2348093305394
2348099884953
2348096799730
2348098480436
2348095205489
2348091025070
2348096284984
2348091785846
2348099941019
2348090524193
2348094273160
2348092903319
2348090425604
2348099484326
2348095728882
2348095519972
2348092977219
2348095077811
2348099185687
2348096178079
2348090085725
2348093044325
2348094797004
2348094322407
2348092447173
2348091720195
2348095968716
2348090127065
2348099387527
2348099129628
2348090878205
2348096106821
2348091266524
2348091520131
2348090437642
2348092473998
2348095374672
2348092870614
2348092933777
2348091147950
2348099526485
2348092274170
2348095503571
2348092209200
2348098494213
2348099541834
2348099718992
2348093163256
2348090920845
2348092246679
2348091095995
2348095075231
2348099951445
2348097349014
2348096601907
2348099670555
2348097731393
2348096990736
2348090757070
2348090364014
2348096097909
2348094648823
2348095004492
2348092974935
2348092264373
2348099926166
2348092356671
2348090769844
2348091438128
2348091230550
2348092989790
2348090883545
2348097707116
2348095771773
2348099523089
2348093637387
2348095108458
2348095547532
2348096579051
2348094036342
2348094201540
2348090884852
2348098440647
2348090932945
2348099385819
2348097353590
2348091934743
2348090978238
2348090461063
2348094815540
2348090701792
2348091874290
2348090011144
2348098886071
2348093718369
2348098471700
2348091166810
2348090050130
2348093718868
2348097602919
2348091627906
2348096016203
2348097048999
2348090200188
2348099238512
2348095262205
2348090810126
2348099488293
2348096937310
2348091609873
2348090590498
2348097121456
2348090742522
2348095461918
2348099070314
2348097202929
2348098594992
2348093706727
2348099012441
2348092979734
2348090966276
2348096489173
2348099033225
2348092393426
2348095494377
2348096036597
2348098356488
2348090160476
2348091805901
2348091381915
2348092914102
2348099664210
2348098511954
2348098262114
2348098307507
2348093109118
2348095393967
2348093190271
2348091644953
2348091811743
2348090622810
2348090635862
2348098585846
2348093740822
2348099289714
2348092342149
2348099874824
2348092152954
2348099038322
2348092237257
2348090036366
2348090290133
2348098234061
2348099603550
2348097916260
2348094900049
2348093775235
2348095131719
2348094348525
2348094818868
2348093587133
2348096272453
2348092395682
2348098573514
2348099560632
2348092260826
2348096683675
2348098228271
2348097992131
2348095324078
2348094274944
2348092894531
2348092082459
2348096995284
2348098928542
2348099549029
2348093836595
2348093846946
2348098602344
2348096338475
2348097073514
2348096951705
2348099689993
2348092327098
2348090532097
2348099156616
2348094316029
2348091316713
2348098417264
2348091391006
2348099745794
2348094860568
2348098127363
2348096514933
2348098314904
2348097379256
2348095858756
2348093141732
2348099519534
2348093185882
2348094250066
2348093214092
2348096298349
2348094536576
2348099728743
2348090619402
2348092728663
2348098083550
2348094404156
2348090459975
2348092517788
2348090925557
2348092918288
2348091858501
2348092445453
2348094511414
2348090366536
2348091234093
2348096466740
2348095086878
2348096771086
2348094212866
2348092253162
2348097822748
2348098019691
2348098466025
2348098244701
2348092362877
2348091430312
2348091461905
2348096575900
2348093813574
2348097552797
2348097769571
2348099133740
2348093895282
2348092689632
2348098451751
2348098017704
2348092763987
2348090369170
2348092680017
2348096879757
2348091002622
2348094636867
2348098724522
2348099360372
2348093725914
2348096044234
2348090960672
2348093901267
2348092914307
2348092673158
2348094272997
2348090869735
2348098031080
2348099402907
2348098929774
2348096675433
2348092067761
2348094356553
2348095491019
2348094690368
2348091900921
2348093937884
2348094893328
2348099329140
2348095279158
2348098643401
2348092341765
2348095320968
2348096579378
2348094568723
2348092400022
2348093568215
2348095720598
2348095219525
2348093954211
2348094796683
2348095038390
2348094131543
2348095593598
2348098403615
2348096574859
2348099903621
2348098895642
2348096779220
2348094466660
2348095444746
2348096045871
2348099957178
2348092867597
2348099625834
2348093356914
2348095423483
2348091094648
2348098330291
2348096558821
2348090815257
2348092949034
2348091088198
2348098149189
2348091725183
2348090865192
2348091320985
2348096165182
2348093871364
2348097445124
2348092369480
2348096786548
2348093882488
2348092777886
2348097915569
2348096632842
2348095558692
2348097310617
2348095773171
2348091630064
2348093197188
2348098417852
2348096626014
2348094527455
2348091739015
2348097746498
2348093310066
2348091046446
2348096488824
2348097610706
2348090889048
2348094602615
2348090833938
2348091322202
2348094479899
2348095523692
2348094323207
2348097233629
2348091409454
2348095119538
2348094753163
2348094184573
2348093328955
2348099367094
2348098049148
2348091537341
2348099722157
2348095079926
2348093195956
2348094812851
2348095146844
2348096834902
2348094025774
2348098466985
2348094446827
2348097010162
2348098962859
2348099223344
2348092491733
2348096967468
2348091039946
2348096566797
2348093330587
2348099629016
2348095458785
2348094701435
2348097172477
2348095550426
2348093532337
2348096710593
2348098853404
2348095244957
2348094215185
2348093210734
2348097988264
2348094325060
2348090228624
2348096332646
2348095627489
2348097968885
2348096862304
2348094749402
2348096375589
2348095521359
2348093908466
2348094440385
2348095798956
2348091956731
2348091243961
2348091572709
2348097711397
2348097356804
2348098981073
2348092596155
2348093466989
2348099860414
2348095024398
2348097095757
2348098869784
2348095606171
2348097651171
2348098846566
2348092717712
2348099273497
2348093503747
2348097997794
2348092788720
2348098805665
2348092702167
2348099490433
2348099200221
2348094998605
2348097872123
2348095272129
2348091504282
2348094574296
2348099062375
2348096983353
2348091507390
2348098342827
2348097910536
2348094951232
2348098093126
2348092310278
2348092258955
2348093888186
2348099975079
2348099852582
2348091784304
2348094349456
2348096648001
2348094814377
2348096981461
2348090877490
2348095866283
2348093438450
2348093815921
2348090010247
2348098198309
2348097681502
2348097939485
2348092659084
2348090819736
2348094887121
2348090243252
2348090741946
2348091365639
2348090007746
2348095510727
2348091341071
2348090291238
2348094234373
2348093232216
2348091358697
2348094603392
2348097434194
2348093499146
2348096595040
2348090281801
2348096207911
2348091981006
2348098501943
2348098286189
2348099861180
2348096520804
2348093492942
2348090604755
2348098119785
2348094961535
2348094484633
2348099586031
2348096148200
2348091494167
2348091029722
2348098457630
2348099083829
2348092629904
2348099779716
2348094537372
2348094642635
2348093769659
2348091192007
2348091030067
2348095204498
2348095203612
2348098152214
2348090331282
2348096387618
2348098461286
2348093510834
2348094818005
2348090921990
2348092297651
2348093735504
2348097149716
2348093832122
2348093062321
2348097906223
2348097321976
2348090283910
2348093089250
2348095154790
2348096633519
2348090991747
2348097575515
2348093878290
2348098335021
2348095419895
2348099740718
2348093681297
2348092148103
2348096264749
2348094490286
2348098036857
2348091345088
2348091999170
2348099244197
2348098742722
2348093605975
2348096709355
2348091849358
2348092687786
2348094309429
2348098807406
2348099373323
2348099720856
2348098950745
2348092794256
2348090729836
2348099971521
2348098557161
2348095400620
2348098987118
2348096562754
2348090080781
2348094190920
2348093796432
2348096374663
2348094705863
2348090076875
2348092711642
2348097990958
2348091135359
2348094423965
2348090081008
2348090832344
2348090088155
2348098848015
2348090040230
2348091913090
2348096348471
2348094958591
2348091458598
2348093453674
2348099939864
2348090435425
2348093338134
2348098045342
2348093994635
2348090745580
2348096894790
2348090719701
2348099818405
2348092793692
2348090217853
2348093192583
2348094876042
2348090538386
2348097452791
2348099486251
2348099426197
2348093670279
2348096224744
2348091203146
2348099629832
2348097524754
2348094825076
2348091133419
2348092681764
2348099260660
2348092360802
2348093626119
2348095074863
2348097717837
2348092746152
2348096496749
2348096657449
2348090029102
2348091194581
2348095517240
2348097541066
2348094286547
2348096638772
2348091154521
2348095562987
2348092490893
2348091176067
2348098142462
2348094416203
2348092623246
2348097092415
2348094580497
2348098104688
2348095784872
2348091278819
2348096743841
2348092337101
2348095920733
2348098160910
2348098994232
2348094611648
2348090414164
2348091473188
2348091838441
2348094185319
2348097781275
2348094352853
2348091621709
2348099932063
2348090277732
2348094400947
2348091498639
2348099222670
2348090231719
2348090921435
2348096885128
2348094175733
2348093958199
2348098943621
2348090861603
2348090930237
2348098718852
2348096686991
2348099220152
2348095291123
2348096311149
2348093291420
2348090141046
2348097257618
2348093644858
2348091913725
2348095001880
2348093178961
2348098476082
2348095827309
2348096829753
2348094786297
2348098342597
2348098920866
2348090931904
2348095497972
2348092808179
2348091255414
2348094951536
2348094018246
2348092713047
2348094533662
2348099163534
2348094435785
2348093322630
2348098712833
2348097637897
2348099472693
2348095910136
2348096369368
2348092012854
2348094367826
2348099390558
2348097538133
2348096264045
2348090217580
2348092189664
2348099170323
2348091832043
2348099645287
2348098236900
2348094190992
2348091777412
2348098752741
2348098640428
2348092448101
2348091454020
2348097274014
2348098018914
2348096178294
2348094718153
2348090069199
2348094504893
2348095589585
2348097156984
2348097460644
2348093159950
2348096477418
2348090607705
2348094324530
2348091578117
2348094884721
2348095422569
2348095991437
2348093529237
2348094811194
2348094808322
2348097084563
2348094322882
2348090914778
2348098021369
2348095807390
2348099957671
2348092604205
2348092066587
2348090451425
2348091581526
2348090114353
2348099451096
2348092576140
2348091573333
2348092348014
2348091508614
2348093414960
2348096738110
2348097729382
2348092825937
2348093636480
2348092478864
2348099073098
2348097353844
2348094865665
2348093676923
2348099021988
2348097201835
2348098645218
2348093885752
2348098801440
2348099780751
2348099142997
2348096297175
2348098790596
2348091522390
2348096176957
2348099666640
2348094153245
2348096712341
2348094572565
2348097583525
2348093304922
2348098506708
2348091178964
2348093137865
2348096506519
2348093068875
2348090715879
2348090010421
2348094569239
2348097858453
2348097664549
2348099188683
2348092558599
2348098386574
2348099573710
2348094712141
2348094058327
2348091445047
2348099683073
2348090901975
2348096889993
2348093509049
2348096072417
2348097418274
2348099878475
2348096189592
2348096113154
2348095033836
2348095751037
2348094295883
2348093643790
2348093489839
2348092508550
2348097852293
2348090256363
2348092616307
2348097796485
2348090227301
2348091920734
2348098914474
2348092233025
2348094066229
2348092015849
2348091731673
2348092321309
2348098787878
2348094493051
2348090396403
2348097839373
2348093065996
2348093544707
2348096898409
2348093854430
2348093754944
2348091530872
2348096386847
2348095762186
2348093409118
2348097150583
2348094863105
2348092433722
2348097728989
2348098124459
2348091567550
2348099140304
2348095488559
2348096447392
2348094586389
2348095347731
2348099378892
2348093895465
2348093118317
2348094806643
2348092534468
2348096887430
2348093908083
2348091942267
2348091130135
2348093523503
2348099520474
2348094225971
2348090902565
2348090211418
2348096037184
2348098048206
2348094402506
2348093318416
2348098140579
2348094007311
2348097659228
2348098908722
2348094291428
2348095523207
2348090276598
2348098626619
2348094427792
2348098903998
2348095805857
2348096173060
2348093527439
2348099191242
2348092413357
2348097160909
2348095116773
2348091481147
2348090193603
2348099512621
2348092711517
2348097693815
2348092817510
2348091269901
2348096529659
2348097651535
2348099580452
2348095785890
2348094076504
2348095348273
2348097213872
2348096841999
2348099485148
2348091481792
2348094384996
2348097023663
2348099613745
2348090984916
2348099339392
2348095393609
2348091336271
2348092671914
2348097556752
2348097886982
2348092048849
2348096620766
2348098454892
2348093341688
2348099680485
2348092087817
2348095131904
2348097434561
2348096093729
2348095493621
2348097502089
2348090081397
2348097862225
2348096685949
2348093008638
2348096387247
2348099342750
2348092837425
2348090446104
2348096806694
2348095797320
2348091380136
2348098245036
2348096130070
2348091067182
2348096760463
2348098046939
2348090886870
2348093390654
2348092034890
2348095701006
2348099420085
2348095527833
2348098235467
2348092687593
2348093637745
2348095932235
2348099110074
2348090934665
2348093651494
2348092742014
2348095154301
2348098848038
2348094073316
2348091483064
2348097216758
2348091223554
2348091412356
2348094754677
2348096466572
2348096922989
2348095096465
2348093742679
2348097370970
2348096513270
2348096182394
2348092265274
2348097265620
2348096879159
2348094876136
2348097318459
2348098187986
2348099466835
2348091263538
2348097492873
2348099854159
2348092939806
2348096207070
2348091756346
2348097487685
2348090959947
2348096838789
2348098403838
2348096403755
2348091908075
2348092124666
2348093906400
2348091169600
2348093002316
2348095700753
2348096435851
2348092700584
2348095917848
2348098301882
2348094762200
2348090008755
2348092850820
2348096176871
2348093037765
2348097906377
2348099170344
2348092148586
2348098367121
2348090675017
2348096350620
2348096755810
2348094280049
2348093920676
2348097951596
2348093042214
2348099728651
2348090826519
2348095171147
2348094976130
2348091914850
2348090071181
2348092981699
2348094364111
2348096242467
2348090352460
2348096295593
2348090023787
2348098672339
2348098981838
2348093137236
2348099956783
2348097540570
2348097483640
2348090071708
2348094287748
2348090176728
2348097927091
2348090389682
2348097394230
2348099037708
2348096277100
2348095106037
2348099229467
2348091381798
2348090702370
2348092704341
2348094201837
2348092158497
2348094542346
2348091604660
2348091012874
2348098760532
2348091582272
2348094636863
2348091178773
2348096258799
2348090750301
2348098221718
2348091003521
2348098082303
2348093775767
2348090192843
2348099022511
2348097849119
2348090938837
2348095179309
2348098841338
2348091695129
2348093806112
2348093416303
2348098460524
2348092865803
2348093945843
2348098421926
2348099441653
2348098907401
2348095586900
2348096456419
2348096560000
2348094318302
2348094480016
2348099871203
2348096633307
2348098433171
2348096819456
2348092922497
2348090042605
2348098672443
2348096607373
2348093171808
2348097272606
2348094878522
2348096123388
2348091530026
2348092790822
2348094717835
2348097016612
2348095369122
2348096826004
2348091421967
2348091674488
2348099095361
2348094423465
2348092719847
2348099592368
2348095273234
2348090478408
2348095059910
2348099478612
2348093551759
2348091357868
2348090276730
2348092163363
2348098533212
2348094943532
2348094219929
2348097881394
2348097258086
2348090183059
2348096070936
2348093257364
2348099623304
2348093494880
2348096768724
2348099723707
2348092335746
2348099429906
2348091309594
2348099766701
2348090185605
2348090032571
2348090841010
2348091872217
2348092512756
2348092811000
2348095424821
2348096474540
2348090608606
2348099664843
2348095580350
2348091046227
2348097596203
2348094846012
2348096960583
2348093689822
2348099429917
2348093863795
2348099599778
2348098282531
2348094130736
2348091718964
2348094934513
2348099118847
2348094345726
2348091556935
2348095885824
2348097945188
2348097170713
2348099197195
2348097767155
2348092760910
2348093414383
2348099244178
2348090249625
2348096426196
2348097075313
2348097733245
2348095433691
2348098098490
2348093760650
2348094436446
2348093701579
2348090640580
2348090272930
2348092174789
2348094783131
2348090182444
2348098421101
2348090410186
2348093731303
2348098375673
2348098252066
2348099529025
2348096837613
2348096276174
2348090172443
2348090718877
2348099901134
2348094404637
2348099080738
2348091855123
2348096755359
2348099744188
2348094608725
2348099173661
2348096614227
2348093958461
2348091385594
2348094294815
2348091345299
2348095585623
2348099718197
2348095525002
2348095303579
2348097156624
2348099667918
2348091686596
2348099367154
2348098209405
2348095734224
2348090203822
2348093347375
2348091829457
2348093041684
2348094111925
2348094991353
2348093500928
2348091174702
2348093670964
2348092106002
2348094836158
2348091301860
2348097331513
2348099721479
2348094701414
2348097382321
2348092764252
2348097133222
2348094564532
2348096929102
2348093846834
2348099167743
2348099051862
2348097219360
2348098850123
2348095336852
2348097724222
2348098053739
2348094918913
2348098127938
2348095863301
2348094637527
2348091184404
2348092798373
2348093855567
2348092212578
2348090434251
2348092239752
2348097041715
2348094077314
2348098533798
2348098944606
2348097202953
2348090269226
2348095005250
2348096156576
2348093402221
2348092040159
2348094769187
2348097311486
2348091243022
2348092537620
2348096400644
2348093338576
2348097554329
2348098109785
2348096710179
2348094679541
2348099997649
2348097196249
2348092501114
2348097967453
2348099392954
2348093423843
2348091279835
2348090261368
2348095841756
2348093626809
2348093663250
2348090797937
2348097433502
2348093182879
2348096627597
2348099864551
2348096001895
2348090055942
2348097128239
2348090986990
2348093412350
2348094960520
2348095272662
2348092205926
2348094739042
2348096920319
2348099802616
2348095554391
2348094028500
2348094894176
2348090042601
2348097843521
2348094717665
2348091982830
2348096410529
2348098555782
2348099992137
2348091782966
2348097910650
2348097488551
2348091039214
2348092436512
2348091722512
2348098539045
2348096984625
2348093756180
2348099631402
2348091012622
2348092370228
2348090183352
2348090872846
2348094649052
2348096891613
2348093995369
2348098621245
2348097420906
2348094720409
2348090063049
2348099686128
2348095393232
2348091019004
2348090337501
2348094490110
2348098295952
2348095682457
2348093380420
2348099273666
2348098093244
2348090891119
2348098520885
2348095788825
2348095555019
2348095270109
2348097520751
2348098188283
2348096068756
2348092033195
2348093124508
2348099163901
2348099606960
2348097390447
2348095143720
2348093943486
2348093096332
2348098512998
2348098835319
2348095936244
2348090542568
2348098488392
2348099049252
2348097585422
2348097468142
2348095348743
2348093228456
2348096328043
2348092004451
2348090124641
2348094701884
2348095365359
2348099633890
2348093233393
2348097562409
2348097038322
2348094701727
2348093712789
2348095724182
2348090611153
2348099239719
2348096078014
2348092819324
2348091864307
2348092785200
2348095219675
2348090555409
2348090312002
2348098183030
2348098744775
2348092959954
2348095621961
2348096389700
2348091595336
2348096319501
2348095818595
2348097843687
2348092738184
2348094629167
2348090080098
2348092308185
2348099701369
2348095789263
2348099028177
2348096768045
2348094242158
2348095605129
2348093671231
2348090962095
2348095123102
2348092754475
2348099848801
2348094443971
2348091215055
2348094004706
2348093525696
2348099284010
2348091724947
2348096859009
2348094222931
2348091935408
2348094908742
2348095731102
2348097805981
2348097726628
2348096579807
2348092019136
2348091610900
2348098794879
2348091778663
2348099676535
2348099859041
2348095235141
2348097090337
2348097018522
2348096020107
2348098774888
2348090451278
2348092246486
2348090446983
2348096336314
2348090820954
2348092041983
2348093818068
2348097484579
2348090110475
2348097525047
2348091113671
2348096469132
2348090984323
2348098187237
2348096857003
2348097227330
2348096908546
2348091914098
2348094318471
2348090549977
2348095085118
2348091783866
2348092698811
2348092375959
2348090475186
2348092503964
2348090978485
2348097473409
2348097843540
2348094333579
2348095218807
2348098669937
2348090899452
2348094547159
2348090250808
2348090559460
2348092464785
2348095751208
2348095501356
2348095870008
2348098241404
2348092644502
2348098176317
2348095982087
2348091970903
2348096329101
2348093057380
2348092510696
2348090895276
2348098622780
2348092242253
2348090486208
2348096697649
2348093205522
2348099069338
2348096992656
2348091247353
2348096335696
2348093386897
2348093062359
2348091686148
2348097778488
2348090588271
2348098008228
2348094395018
2348095941934
2348093200196
2348095913961
2348097712747
2348094869981
2348093723346
2348093349720
2348097623756
2348099453316
2348098782054
2348090158447
2348090424937
2348095406470
2348098280086
2348099443259
2348099949648
2348095852140
2348093857288
2348098197737
2348095020770
2348092514294
2348098813407
2348095580472
2348093327315
2348097574008
2348094310733
2348096449814
2348099508033
2348094323309
2348091090126
2348097697202
2348097279105
2348094332477
2348099346213
2348091387171
2348097118907
2348099466632
2348093775008
2348095444218
2348099994044
2348090246833
2348098191255
2348096111796
2348097501794
2348096774762
2348092628390
2348090498614
2348091987526
2348093129884
2348092433145
2348090694667
2348090755726
2348091322111
2348091111234
2348098198700
2348095392324
2348097994549
2348094826151
2348090433955
2348092685270
2348097372626
2348099087670
2348094766402
2348093082934
2348091835522
2348091042349
2348099296004
2348098024980
2348093307000
2348093741401
2348093415916
2348096417644
2348090291696
2348091360163
2348090101054
2348095779549
2348090525961
2348099545625
2348096260968
2348091251000
2348097449280
2348091104653
2348093113765
2348095524660
2348099689781
2348097001519
2348097306634
2348096377954
2348099873714
2348094772718
2348096274358
2348092017942
2348099119077
2348098842355
2348094467256
2348092854426
2348090337627
2348090050553
2348093059515
2348096515076
2348096070645
2348094938282
2348097089022
2348094662996
2348093002058
2348097070964
2348091996580
2348091993682
2348094634041
2348099823067
2348093249784
2348099411112
2348098581883
2348091484090
2348099220461
2348099702903
2348093257939
2348096880353
2348091324417
2348099110164
2348096342684
2348096452760
2348097836356
2348099077990
2348099932961
2348091668115
2348099184726
2348092091055
2348090295719
2348099863010
2348099215640
2348090203939
2348092133881
2348097683527
2348094170084
2348092029730
2348094367783
2348095531643
2348094196122
2348092930914
2348093418393
2348094375796
2348096195984
2348091784252
2348092104869
2348093468206
2348095345145
2348099636956
2348096673017
2348092434268
2348096894340
2348094406166
2348095900154
2348098169597
2348091145890
2348091057482
2348094227848
2348092209515
2348094261640
2348095466862
2348093679259
2348094810790
2348099175145
2348098321215
2348096036571
2348096664184
2348096419788
2348092457467
2348097243493
2348098247827
2348094333140
2348096176327
2348097162191
2348096911674
2348092437200
2348097116225
2348094347085
2348094941542
2348094925759
2348093983388
2348098273081
2348099710576
2348096911989
2348098535277
2348092879414
2348093474248
2348099382873
2348091372139
2348096912806
2348093362641
2348096112758
2348096544054
2348090586480
2348090658525
2348099812366
2348090412705
2348097367372
2348098855032
2348093172856
2348091272595
2348097543627
2348098693799
2348095589609
2348097917638
2348098787755
2348092758243
2348099959566
2348096149168
2348091132238
2348095392601
2348098109547
2348095855137
2348099546471
2348092601196
2348097131266
2348095052286
2348096040312
2348096827164
2348099013963
2348099095108
2348091933546
2348096102477
2348098363076
2348097071388
2348098919667
2348097542167
2348094203404
2348096297180
2348094536574
2348095665105
2348092264294
2348094861757
2348092104966
2348091427309
2348098868409
2348096356375
2348099636775
2348090478239
2348094223338
2348090891769
2348094813285
2348097459492
2348098219914
2348099595044
2348091479255
2348097918716
2348093293882
2348095401989
2348093081632
2348098241161
2348090335126
2348091138477
2348092520077
2348094141124
2348098344775
2348097212570
2348097508219
2348093406114
2348090027843
2348094514528
2348091529990
2348098931084
2348098699230
2348090144974
2348095684259
2348096794461
2348093544189
2348098218097
2348094534603
2348097637292
2348097844094
2348096353546
2348099283530
2348091711483
2348093928835
2348091798983
2348091450076
2348098752418
2348095492563
2348092021937
2348091364837
2348099540507
2348098847127
2348092518409
2348098000134
2348091866130
2348096736041
2348095672541
2348091748810
2348099146907
2348099476032
2348097079164
2348091857717
2348092947925
2348092295912
2348097727802
2348096869935
2348092890188
2348090370325
2348091870493
2348092323348
2348097051378
2348093198840
2348094418175
2348098091449
2348091625083
2348092175283
2348094210570
2348091095153
2348090728809
2348098485070
2348091565280
2348097661592
2348095405532
2348091373937
2348095210334
2348094941945
2348095748030
2348099658227
2348094423109
2348094418121
2348090497486
2348095418861
2348092493808
2348092576608
2348097395483
2348090547433
2348096203994
2348098985470
2348091810344
2348097464222
2348091785437
2348097346316
2348097177066
2348092327940
2348091631388
2348094446707
2348095636625
2348099191934
2348096329896
2348091190106
2348092498772
2348092416211
2348098434899
2348091596314
2348092859696
2348094212477
2348099055107
2348092019877
2348093709734
2348098165020
2348099895597
2348097453348
2348098599594
2348090421141
2348098998313
2348094860083
2348099528856
2348090112759
2348095152496
2348094668008
2348092645617
2348099634842
2348097402906
2348095709409
2348094560343
2348092634991
2348091241974
2348093887282
2348091725781
2348095615854
2348098058289
2348091148868
2348096833428
2348097257546
2348099340743
2348094140868
2348095797032
2348099208929
2348095092421
2348099013127
2348096801537
2348091494992
2348095969604
2348091219004
2348094120835
2348098231513
2348098693082
2348094437604
2348090315932
2348096979026
2348091463981
2348091154011
2348090148073
2348090002503
2348098867314
2348093776830
2348094178057
2348092178347
2348097246943
2348098231921
2348095427713
2348091176575
2348093872335
2348093381603
2348095840216
2348098089294
2348098679066
2348097472728
2348094397577
2348097281280
2348093489363
2348097631954
2348096679876
2348097663975
2348091747834
2348094015960
2348096782015
2348090082393
2348091029290
2348092445027
2348092193924
2348093525495
2348096775411
2348091580234
2348097379579
2348098831476
2348096805927
2348094687346
2348096502574
2348091386468
2348091454584
2348091679599
2348092514893
2348095783412
2348093958936
2348091330781
2348095651079
2348098529432
2348092206335
2348095164068
2348094667691
2348095632502
2348090999509
2348099593522
2348091209989
2348094581803
2348097924846
2348094938739
2348096847546
2348096317066
2348093268166
2348097185908
2348090355950
2348096180997
2348098564206
2348097091626
2348091470531
2348097119382
2348097060544
2348096726569
2348091851565
2348094930206
2348093966336
2348097775471
2348091305711
2348099278936
2348093644701
2348095277670
2348098205354
2348094792396
2348093142821
2348098027132
2348090727627
2348092255292
2348091109457
2348090169938
2348094532414
2348094879558
2348091191570
2348098962207
2348092846178
2348099058076
2348097963065
2348090847507
2348095116686
2348097407906
2348091431696
2348094792626
2348093147535
2348099719942
2348090094707
2348091818641
2348097822494
2348092321368
2348092683883
2348095870778
2348096430002
2348097011285
2348099012518
2348098237453
2348091230703
2348096855085
2348091652461
2348094638597
2348099656072
2348090049721
2348090312174
2348096419148
2348099412608
2348092003086
2348092959932
2348098352475
2348092654934
2348096615471
2348097626499
2348098524749
2348090636918
2348093526001
2348099024755
2348090583038
2348091841155
2348096842227
2348097766365
2348094942032
2348098908800
2348090191017
2348098419162
2348098385156
2348090042008
2348098111138
2348092696093
2348093025164
2348098618007
2348098996106
2348092243741
2348097204852
2348093110785
2348090145852
2348094585936
2348099473887
2348094154917
2348090657130
2348096633713
2348090791266
2348091055616
2348099845452
2348097584457
2348096809897
2348099433031
2348097131911
2348092426805
2348098022769
2348097681490
2348094422195
2348093404501
2348098589645
2348093412642
2348093107509
2348096001781
2348092806135
2348097775468
2348092158549
2348098504553
2348097542363
2348090240927
2348094598427
2348098603000
2348094814352
2348093192199
2348094070582
2348090465991
2348095446750
2348093326691
2348090581235
2348092259341
2348097401679
2348092912048
2348096848717
2348091410742
2348094246964
2348095600801
2348095401249
2348093432082
2348098911666
2348097869766
2348091649224
2348094822068
2348093740074
2348094478800
2348091818603
2348097910604
2348093119710
2348095942773
2348094636216
2348097483430
2348098313273
2348093825767
2348091949251
2348097198588
2348093756543
2348093112991
2348095420306
2348097227453
2348095974878
2348090193017
2348091721902
2348094953008
2348096764864
2348093092444
2348090867192
2348091164389
2348095347974
2348092122725
2348091132343
2348093246306
2348090705910
2348095527585
2348099804480
2348094640068
2348093063204
2348094932808
2348095577110
2348098171034
2348095632688
2348099092299
2348095861374
2348095740775
2348097592732
2348099770512
2348093620114
2348091980881
2348098791781
2348097121653
2348096215050
2348094415467
2348093611129
2348090451367
2348097734958
2348099327522
2348091162025
2348098187811
2348091759027
2348091093298
2348092330914
2348090114399
2348095418351
2348098550834
2348093822967
2348096795610
2348095124683
2348096872704
2348095052321
2348091818272
2348098028427
2348090354097
2348096351842
2348099882387
2348091105621
2348091821924
2348097441955
2348093282887
2348091126305
2348090133846
2348092612189
2348094242301
2348093255134
2348096757370
2348094940778
2348092092349
2348090775527
2348093687651
2348095852118
2348092853682
2348094732548
2348098475806
2348093886041
2348096612065
2348093422725
2348096139658
2348098923557
2348092947313
2348095930774
2348096311356
2348098226491
2348091834374
2348099778302
2348095825058
2348091387436
2348095884684
2348095343532
2348097584403
2348093619686
2348098240544
2348094639127
2348091125127
2348095956648
2348093283281
2348097122855
2348091243397
2348095735717
2348091950338
2348098904609
2348095771672
2348092714284
2348095993449
2348090135112
2348092245549
2348091412075
2348096842581
2348099680585
2348092518042
2348099353532
2348094652399
2348090800304
2348098913077
2348097283632
2348095390814
2348096599528
2348099100820
2348094018922
2348094754872
2348090039712
2348094146416
2348098883641
2348095588954
2348091969464
2348091970966
2348091972748
2348095467633
2348092490619
2348091810789
2348091078795
2348096461693
2348091173336
2348097233248
2348097819455
2348090998006
2348098380108
2348094577814
2348090015899
2348094112793
2348091096390
2348099117856
2348090485826
2348099956500
2348097513698
2348091641707
2348095672214
2348093883509
2348096533834
2348090005706
2348094636936
2348094982085
2348091146874
2348099719559
2348096597460
2348095563501
2348096309394
2348091207538
2348091711923
2348095922476
2348095407476
2348093819170
2348094142450
2348099839215
2348093858340
2348090404835
2348094920700
2348095292054
2348092723545
2348092591123
2348093297431
2348092724764
2348093808944
2348092172993
2348097244419
2348099911529
2348090349332
2348092305285
2348099240743
2348094636059
2348092403530
2348099351002
2348094800372
2348096544018
2348095703781
2348092120132
2348096794962
2348093274530
2348093757896
2348099656873
2348091433619
2348096353264
2348092071527
2348091202695
2348091237386
2348092632928
2348092421200
2348096144037
2348096160941
2348092873439
2348099077313
2348093881331
2348098158809
2348097595164
2348095355909
2348093398298
2348090537959
2348098382109
2348093876882
2348098069130
2348096428818
2348092625636
2348095740653
2348093037088
2348092468200
2348090054297
2348094706264
2348096714071
2348095389738
2348099034136
2348097371004
2348095910563
2348093791206
2348095439374
2348094524420
2348090678823
2348095690857
2348092486910
2348092833417
2348098132728
2348099001617
2348093874204
2348094350875
2348095538224
2348092661596
2348095951212
2348091493154
2348093917109
2348091577924
2348090748483
2348094428504
2348091538367
2348096732010
2348099629812
2348091538711
2348093477863
2348099081256
2348092206897
2348090584888
2348099146098
2348099033698
2348090213840
2348098727898
2348092598059
2348093221884
2348098394952
2348090936607
2348092824842
2348095689706
2348097021670
2348096417270
2348093843335
2348096360218
2348090915128
2348092900071
2348090038851
2348092263389
2348098629696
2348092781179
2348093502559
2348092010226
2348097212057
2348094609421
2348093161533
2348094236266
2348098159198
2348090595725
2348091568394
2348094176335
2348094286673
2348099334845
2348094555287
2348098829928
2348096604209
2348090840653
2348097479047
2348093054770
2348094122591
2348092737949
2348094511077
2348091270845
2348092415015
2348097496360
2348090093920
2348096223573
2348097250238
2348095628873
2348095025011
2348092330209
2348098020384
2348096566307
2348094744678
2348093971420
2348091726372
2348092976274
2348094107532
2348092442322
2348090473218
2348099735173
2348094790870
2348098599117
2348093900228
2348096195149
2348094628503
2348099600994
2348095062215
2348095435083
2348099019372
2348096674708
2348090409042
2348092041539
2348096345026
2348096020937
2348097413169
2348099793187
2348091382349
2348094699500
2348096247912
2348096095572
2348095896950
2348095107782
2348095031444
2348099084800
2348095362683
2348098910332
2348092644961
2348098817755
2348093630659
2348097434200
2348094233573
2348092031178
2348094829606
2348092758750
2348096519437
2348094195782
2348097493028
2348093415737
2348094614749
2348097475556
2348090573693
2348093261927
2348090296834
2348094773386
2348092896131
2348099989604
2348098877898
2348099876442
2348092753394
2348095029473
2348093385251
2348090907841
2348097354871
2348091459349
2348091161252
2348094662874
2348099632443
2348096992131
2348090249054
2348090692200
2348095011803
2348098797735
2348099606656
2348090509184
2348098566583
2348091288152
2348092710432
2348093643139
2348090825467
2348099044013
2348092494269
2348090208311
2348095755087
2348095824126
2348096033768
2348097170080
2348098765050
2348092035669
2348091433842
2348097631000
2348096539430
2348096510731
2348093265855
2348095900233
2348096367453
2348097560130
2348095840009
2348094584583
2348095455793
2348090391996
2348099206513
2348090708628
2348096452292
2348093516956
2348091540556
2348091786464
2348098959382
2348098700473
2348090328639
2348095067665
2348095374221
2348095362239
2348097380889
2348091840703
2348097293249
2348099551122
2348098339717
2348092953888
2348099985049
2348092445024
2348094612838
2348096102806
2348099550295
2348093256408
2348099374465
2348096063286
2348096383921
2348092012806
2348098200820
2348091422457
2348099782399
2348091623173
2348093273213
2348092204907
2348097191692
2348099186577
2348090969454
2348091661090
2348090729889
2348094168672
2348092764294
2348095757170
2348097712489
2348098945328
2348099141138
2348097245152
2348091143645
2348092693379
2348091466822
2348097886953
2348096114247
2348099056482
2348093526913
2348095176457
2348094816730
2348095339962
2348093330756
2348098975209
2348098613616
2348092850275
2348096681658
2348099907143
2348096577813
2348095729212
2348095060128
2348097823710
2348096018599
2348090573265
2348092102104
2348096104739
2348092258462
2348093710178
2348099735756
2348094167671
2348096696824
2348098857021
2348094852392
2348099710254
2348093146807
2348093420195
2348096749309
2348098930112
2348094219604
2348096303276
2348090940376
2348091882097
2348095696108
2348097352477
2348094888222
2348095431123
2348091469939
2348097255772
2348094101753
2348092389485
2348098413974
2348094844139
2348092903581
2348098282779
2348096628200
2348098913838
2348094854455
2348091126223
2348093776309
2348094941233
2348090967014
2348096255528
2348090271710
2348092748787
2348099785792
2348096142804
2348095210628
2348098557603
2348092713999
2348094595350
2348092493023
2348092256833
2348090724056
2348099346112
2348098247637
2348097195195
2348091229707
2348097296200
2348091789216
2348098150065
2348093192970
2348091797667
2348098200553
2348095101850
2348093379776
2348099022547
2348090514323
2348095611411
2348091113365
2348092856110
2348093911838
2348092122755
2348090947920
2348099552410
2348090333636
2348097550241
2348092365349
2348095965488
2348095258920
2348090516735
2348091553609
2348094897747
2348090268548
2348093916039
2348090188499
2348091953496
2348098205773
2348090078618
2348098829122
2348095755946
2348098912730
2348093239579
2348099175157
2348099267558
2348090990944
2348093601229
2348099856409
2348090652080
2348094444731
2348095457124
2348093478674
2348096654337
2348090189765
2348091467204
2348091590175
2348098169196
2348099904889
2348098996467
2348091277831
2348096273526
2348096689806
2348094355592
2348093035220
2348095728796
2348097181525
2348091032167
2348090642387
2348099828234
2348099920903
2348092273416
2348099962898
2348099232910
2348099209558
2348091184283
2348097921066
2348091603106
2348095841384
2348095628479
2348097156840
2348095141699
2348093659522
2348098961449
2348093552804
2348099551829
2348098638704
2348095345447
2348096678958
2348097689713
2348090999099
2348094306931
2348090128585
2348095282085
2348093283872
2348099525405
2348097683481
2348097339105
2348091754792
2348090529787
2348097513366
2348092656041
2348096669480
2348096260008
2348095210892
2348091178013
2348095703642
2348099610192
2348097766059
2348099749734
2348094209754
2348098889735
2348096886718
2348094963748
2348091124793
2348093981231
2348098682309
2348094289384
2348091185759
2348093365453
2348092797476
2348094281388
2348092890285
2348092281638
2348090734972
2348094119713
2348090413981
2348093728298
2348091271422
2348097399209
2348098340586
2348094238536
2348097386141
2348094843492
2348095124140
2348091310347
2348097235493
2348097738707
2348091952680
2348092695633
2348096749629
2348095919448
2348095285865
2348091433827
2348092280569
2348095010414
2348099424543
2348099506537
2348092769464
2348093765881
2348091704758
2348090318970
2348099231927
2348092208713
2348095499110
2348098415538
2348094672334
2348093437858
2348094747208
2348099421672
2348097778581
2348098833801
2348097547013
2348095965138
2348099000095
2348094030910
2348094068981
2348093523810
2348092360312
2348099884058
2348090647586
2348098832304
2348098477516
2348092838716
2348094225036
2348093732234
2348093603915
2348093080365
2348090864266
2348090760079
2348099577201
2348097917806
2348096725878
2348094186587
2348097585968
2348098761085
2348099915840
2348096226723
2348097163681
2348090223692
2348094881729
2348092063249
2348092029627
2348099403813
2348091704321
2348092362597
2348093470828
2348093632001
2348094240281
2348095818942
2348093530712
2348093882216
2348094720008
2348099256966
2348091907630
2348096541587
2348090111901
2348095864342
2348097379329
2348091075482
2348095486766
2348099404995
2348093079619
2348097318721
2348097754059
2348097105889
2348098799428
2348093256043
2348095211296
2348097542253
2348094311724
2348097023670
2348099069145
2348096229427
2348093500829
2348093270194
2348098158824
2348099580002
2348091504080
2348098482863
2348093465938
2348099415308
2348094359034
2348090729023
2348093626449
2348097227346
2348099720129
2348094225691
2348099018442
2348094542573
2348093495954
2348091900335
2348096037106
2348095856288
2348090229622
2348091216511
2348090630448
2348098272731
2348093167461
2348098886621
2348097505180
2348098014246
2348092602766
2348095649343
2348091360353
2348099416286
2348099582167
2348090152944
2348092021592
2348091578051
2348093350737
2348096955424
2348090087740
2348093163051
2348091003609
2348090889768
2348093761654
2348098155199
2348091769118
2348090275017
2348090064786
2348094308548
2348090087761
2348091072712
2348091296617
2348092629433
2348098923382
2348096036256
2348096415385
2348092970902
2348099135623
2348096688098
2348090126941
2348098938835
2348095479652
2348093752241
2348093220570
2348098869660
2348096991945
2348090475825
2348094331972
2348097633070
2348097670030
2348099824373
2348092543450
2348092256504
2348099706248
2348097363657
2348090510009
2348091815213
2348090922014
2348095695062
2348093205906
2348095749648
2348093973491
2348091974245
2348096506878
2348098660421
2348092891864
2348094544140
2348093935303
2348094943627
2348091561282
2348096283240
2348092578230
2348097681512
2348091915941
2348091301507
2348091037688
2348095905722
2348090482007
2348093235908
2348099120445
2348093292221
2348090066776
2348092874007
2348095071423
2348096669402
2348098788229
2348096145782
2348095079099
2348093231836
2348090159596
2348094024916
2348090347710
2348097876955
2348099800382
2348093377147
2348099640966
2348090432875
2348091584096
2348092359948
2348091929065
2348094997745
2348096234457
2348091036010
2348099583020
2348097661208
2348094521447
2348091241787
2348098809294
2348092581727
2348090061187
2348097891944
2348093694697
2348095595597
2348094752056
2348098690043
2348096570206
2348099156860
2348094363713
2348097015914
2348097454938
2348099665985
2348098743649
2348091165657
2348093220184
2348090534976
2348090460724
2348096580835
2348098792546
2348094660876
2348095893068
2348093693616
2348097060989
2348097675742
2348099175240
2348096083973
2348099361665
2348092115407
2348096865782
2348096902989
2348094725017
2348098212493
2348095438263
2348091629645
2348091681919
2348097035696
2348090876023
2348094969308
2348092585194
2348098008744
2348094078810
2348099315343
2348092530430
2348094488359
2348096033577
2348097914204
2348093238049
2348099440290
2348094080153
2348090369870
2348097484558
2348093518952
2348095684704
2348091041411
2348090264796
2348093293833
2348092324446
2348092467508
2348094634083
2348094460204
2348092883482
2348096456658
2348092729318
2348092346605
2348097154657
2348094065795
2348098572443
2348097143583
2348094111723
2348093821685
2348097497720
2348097215694
2348090279242
2348096333427
2348090284082
2348091511556
2348099624979
2348096822779
2348094960536
2348096663651
2348090727186
2348097429659
2348093706212
2348097615048
2348092516083
2348095159528
2348092505975
2348095001919
2348095040876
2348097472458
2348095945170
2348098414234
2348095272423
2348091606472
2348094997540
2348098691942
2348095685673
2348092076155
2348090955991
2348099809337
2348094556545
2348096225495
2348096206761
2348090818617
2348092353541
2348098319554
2348091869559
2348094927647
2348090407545
2348090302503
2348090562647
2348097873859
2348093980898
2348099224732
2348096157526
2348092529978
2348095644834
2348099122819
2348098239304
2348090686771
2348090893249
2348096584084
2348090903486
2348091757945
2348095681625
2348099996324
2348092211525
2348096574066
2348094968243
2348093877352
2348097225308
2348090578633
2348094547836
2348099869261
2348096010300
2348096286846
2348099314552
2348098220700
2348096387344
2348098471144
2348098658534
2348096286515
2348097835952
2348097808325
2348094624231
2348099577460
2348099938180
2348092431151
2348091423659
2348097297679
2348095293792
2348090858760
2348097920621
2348091007809
2348095186217
2348094676359
2348094010643
2348092830149
2348097684196
2348099259437
2348091175495
2348098105284
2348096801055
2348093643220
2348096530708
2348094403924
2348096370162
2348096845938
2348099449233
2348091454608
2348099530147
2348096997299
2348093361321
2348092442922
2348093671477
2348097258622
2348099244562
2348099406050
2348094631418
2348092079147
2348093481121
2348099112943
2348097364488
2348091040455
2348097094067
2348097432156
2348096292795
2348095903497
2348099300940
2348096889274
2348097386009
2348096623595
2348098641978
2348097682990
2348093085612
2348094042370
2348097322963
2348098874017
2348098149558
2348093694260
2348094698588
2348093199601
2348091572011
2348095263052
2348091347545
2348096440519
2348091592011
2348092576795
2348096148913
2348094540318
2348091806577
2348095034572
2348093090314
2348095940690
2348091392325
2348092708398
2348091414344
2348096012686
2348098817196
2348099503120
2348092073005
2348097474711
2348092598470
2348093871112
2348096501995
2348090632463
2348099116185
2348093184165
2348098277600
2348096870420
2348092069352
2348096745553
2348090386696
2348095795044
2348090162550
2348093789426
2348096030477
2348093732042
2348095313522
2348096791292
2348092509582
2348093474470
2348092296896
2348091665205
2348099595927
2348096347146
2348092811198
2348090726459
2348097609044
2348092525544
2348094438865
2348090268176
2348091459494
2348093621126
2348095889233
2348095643574
2348098849457
2348093999870
2348092254340
2348099457704
2348092909650
2348097435758
2348092135973
2348095007856
2348091524101
2348098783510
2348096221259
2348099896097
2348096981415
2348098004979
2348090986344
2348090811142
2348090356854
2348093588166
2348091929010
2348098720473
2348094145937
2348093350881
2348095933186
2348095728222
2348090647476
2348094025556
2348091303401
2348091777844
2348094251637
2348099932856
2348093072537
2348093449026
2348093870302
2348098773192
2348092628872
2348095781545
2348095550149
2348098450604
2348095599833
2348094402233
2348094042436
2348095038916
2348090141218
2348094387105
2348094701549
2348092793109
2348091217991
2348098004198
2348094291936
2348090015625
2348096040494
2348093206746
2348093631018
2348096812261
2348099586679
2348099757618
2348094838205
2348094945590
2348092138442
2348092661311
2348093502743
2348092463702
2348096742577
2348094660128
2348099961568
2348092741861
2348093703122
2348092198859
2348090025545
2348092982740
2348098084760
2348096151019
2348097681848
2348095422062
2348099734548
2348094739384
2348095336716
2348098807923
2348094103142
2348099048288
2348098323523
2348095853105
2348098390634
2348093586159
2348098632044
2348096279975
2348096388705
2348097829750
2348093402213
2348090719164
2348094995890
2348091381548
2348095759804
2348095929205
2348096173152
2348093751711
2348098731880
2348096223846
2348095358116
2348090066318
2348093634483
2348096590066
2348094293790
2348097009489
2348095155939
2348090936061
2348093711539
2348096985805
2348093244214
2348097360939
2348098339354
2348098879107
2348098863765
2348097235185
2348090357535
2348092254406
2348091783741
2348096612187
2348099407392
2348098158231
2348096880829
2348091548537
2348093167217
2348094780795
2348098000273
2348098070586
2348093069895
2348094574788
2348099030130
2348091749779
2348090529564
2348093766921
2348093468547
2348096425099
2348098679344
2348099923367
2348090592026
2348096526192
2348096175604
2348090181682
2348090387486
2348098534182
2348092428275
2348097844544
2348096430788
2348096333087
2348094727829
2348099169999
2348091124028
2348094891515
2348099323960
2348092205549
2348090710706
2348090668888
2348097614742
2348091636803
2348097994722
2348096761956
2348096864293
2348094209354
2348096811446
2348097646250
2348098231580
2348094811743
2348091061506
2348093359284
2348096345806
2348098385801
2348096171180
2348095200973
2348095532426
2348097548571
2348098376722
2348096926456
2348098598358
2348098582367
2348090913367
2348091603031
2348097049597
2348097264050
2348090371694
2348097885023
2348094315751
2348094777976
2348092551433
2348094843985
2348092585603
2348090425747
2348093366033
2348098649930
2348095213491
2348096274393
2348099349539
2348099005978
2348094702854
2348094718726
2348094023768
2348099308194
2348091623856
2348097499604
2348090408592
2348099525893
2348091670803
2348094733292
2348090676420
2348092407989
2348090813148
2348098082525
2348094772976
2348096498778
2348098285732
2348096666837
2348091841283
2348092975416
2348094993887
2348091019060
2348091347100
2348093042681
2348094999667
2348096213433
2348090361835
2348095574156
2348099392066
2348098924515
2348095958249
2348097742776
2348091201126
2348093868620
2348093154351
2348090483838
2348092723539
2348095756595
2348097666607
2348093262137
2348090029005
2348099269870
2348092283148
2348093829682
2348093626750
2348092911308
2348094977177
2348091925912
2348098846459
2348099408993
2348096237740
2348092411948
2348098311501
2348096432491
2348092560337
2348091153509
2348091067033
2348094196750
2348098653026
2348096299013
2348098137697
2348094770544
2348094304935
2348094798506
2348093002251
2348096525214
2348090032578
2348097332463
2348097810789
2348095175050
2348096175467
2348092552689
2348099928976
2348099216730
2348097817728
2348092287943
2348093821118
2348098017036
2348092897283
2348091644524
2348091340061
2348090214996
2348096462543
2348095069531
2348097453520
2348098922954
2348093779637
2348097430489
2348091525594
2348098057427
2348094270438
2348093635931
2348094393273
2348091780353
2348097564553
2348097265936
2348096207105
2348097904314
2348098954188
2348095065595
2348094571064
2348091037549
2348097736201
2348091549596
2348090992864
2348095639378
2348092549589
2348090493511
2348097139484
2348090107160
2348096311248
2348092874971
2348095080612
2348091273800
2348090126710
2348096947018
2348097753254
2348092312637
2348092128329
2348092027038
2348092703776
2348093360145
2348094801035
2348093938180
2348097746987
2348094164984
2348094234182
2348090285620
2348090642213
2348098085414
2348097024187
2348093399442
2348093951603
2348097316108
2348097908643
2348090632420
2348091835022
2348092754743
2348097352531
2348091442758
2348093178274
2348095924598
2348095673471
2348091714523
2348099230429
2348093667460
2348094390901
2348095582685
2348093890920
2348095958895
2348091305642
2348094630384
2348092550786
2348098960907
2348096141241
2348094195953
2348095099756
2348095588688
2348098005013
2348093663216
2348095040477
2348091995605
2348098282634
2348093720933
2348098254984
2348093323900
2348093806276
2348090356223
2348094440629
2348095813049
2348097053202
2348097044479
2348094671329
2348096033559
2348096183152
2348097673686
2348096772458
2348093901297
2348096426832
2348093119137
2348097832482
2348099193120
2348095790411
2348098395710
2348096446609
2348098422493
2348095394830
2348091193605
2348094902119
2348096502966
2348090625375
2348094719344
2348092296319
2348094590259
2348099331839
2348093980543
2348095417490
2348090341735
2348094772084
2348092735782
2348095434694
2348096043917
2348096817435
2348098651083
2348095813962
2348095819221
2348093716122
2348090964605
2348093182092
2348095575884
2348097336058
2348095165641
2348092151014
2348098353827
2348096340225
2348092398808
2348097498025
2348093435140
2348097088038
2348098876137
2348098000952
2348092281189
2348091170154
2348091500673
2348096482383
2348099621945
2348099301424
2348090442517
2348094977205
2348098504651
2348092939698
2348092374922
2348097032608
2348097692510
2348096208312
2348096616573
2348095964485
2348093164287
2348092521352
2348091759017
2348094083977
2348098094471
2348097591941
2348095399422
2348098990837
2348098406733
2348090698280
2348094676734
2348090582037
2348095981142
2348097777319
2348094710553
2348095989621
2348099981116
2348091177478
2348091886580
2348093750609
2348096487511
2348098243000
2348094384661
2348098756342
2348099094450
2348096042954
2348092253051
2348097679299
2348091190452
2348094348223
2348099340138
2348095130447
2348097618870
2348092501625
2348090923633
2348096940171
2348099678719
2348098053533
2348097770233
2348094183827
2348097441605
2348094643577
2348090770058
2348093566049
2348098244004
2348098557602
2348097294529
2348092026110
2348091270207
2348097218993
2348094726524
2348098938080
2348098484277
2348093991032
2348097667771
2348097865995
2348093065263
2348090096791
2348097215221
2348098514350
2348094188577
2348091320838
2348096957210
2348090811828
2348094737159
2348090304819
2348096967117
2348097869425
2348093575163
2348098565827
2348099178137
2348091551934
2348095823364
2348097323255
2348099055146
2348091643912
2348091246408
2348093230403
2348091521624
2348091234139
2348095714968
2348093689856
2348098133857
2348093405733
2348090815174
2348097642349
2348090255092
2348094423016
2348093156573
2348093616922
2348097417672
2348094313849
2348094125292
2348098901269
2348090222984
2348099732564
2348099202264
2348093573888
2348097163800
2348094711119
2348091541687
2348093761237
2348090950507
2348098604266
2348098002882
2348090602127
2348093969663
2348091925295
2348092198658
2348098308838
2348098621765
2348090511497
2348090913775
2348090177243
2348093033800
2348099024140
2348093958810
2348092966208
2348094870124
2348091804983
2348093825878
2348091761459
2348095598770
2348095973691
2348091948420
2348090027730
2348094826802
2348092798773
2348098374544
2348091925605
2348095273852
2348099340632
2348099964897
2348097286134
2348092674948
2348095266370
2348098123053
2348093719627
2348093935138
2348098829521
2348090865421
2348099319883
2348098780076
2348095753145
2348092018245
2348099541428
2348094576517
2348096587925
2348093210723
2348099271476
2348093205796
2348096761559
2348097363111
2348097167843
2348096958898
2348095354208
2348093517692
2348090124509
2348092978513
2348097220894
2348090723659
2348093954737
2348093806255
2348091885212
2348097159153
2348097099587
2348090883987
2348094571961
2348097736666
2348099853413
2348093052158
2348096357897
2348095618581
2348091209274
2348099036711
2348093387069
2348095745755
2348094436987
2348092638883
2348098982865
2348098816156
2348097993190
2348093932796
2348096300909
2348090764708
2348094470479
2348098755726
2348098751969
2348098780187
2348091008777
2348093188846
2348097190373
2348095987355
2348093044371
2348091765404
2348090287421
2348092628342
2348094154118
2348097674424
2348090382104
2348095011291
2348099650234
2348097111091
2348096541297
2348097820072
2348098424750
2348090742468
2348091505425
2348095612729
2348093707269
2348093532399
2348096005729
2348091301130
2348095749348
2348097626189
2348097816417
2348099374810
2348099747762
2348098270518
2348097408219
2348094231391
2348099280713
2348093441049
2348091379161
2348090814595
2348095732183
2348094591094
2348096611619
2348093998581
2348091140730
2348090878952
2348092256866
2348092270013
2348099909949
2348094624354
2348093843249
2348098789854
2348092243018
2348098857433
2348090011165
2348091218994
2348097364612
2348096551036
2348090633578
2348092842099
2348094742184
2348099002173
2348097109458
2348094696148
2348090060741
2348097172148
2348092338907
2348099047342
2348091622203
2348090613981
2348094585514
2348094935436
2348099641974
2348091361484
2348091421196
2348090784755
2348093941985
2348091046051
2348097352674
2348098960412
2348092639203
2348094664379
2348099819356
2348099142233
2348092647741
2348099086557
2348094381229
2348095327673
2348094155509
2348092022869
2348095135177
2348095717343
2348096668741
2348092485562
2348096722816
2348090955342
2348096621957
2348099880367
2348092283224
2348096064566
2348099294597
2348098392104
2348092111003
2348096426305
2348099503391
2348092117331
2348098574057
2348094844835
2348094486658
2348090858901
2348093185056
2348096392817
2348092760311
2348091388858
2348099001195
2348096013227
2348099488266
2348098999137
2348099242192
2348091561441
2348096007040
2348099649259
2348099235980
2348090384010
2348092175717
2348098238012
2348097283899
2348091453838
2348090943461
2348094701057
2348092081245
2348097663728
2348096964900
2348090237938
2348090082440
2348094052346
2348099946738
2348096856071
2348099795321
2348093001756
2348095373420
2348099833446
2348096618991
2348097384468
2348098024176
2348090880651
2348097473330
2348096691041
2348092933473
2348098179401
2348095070917
2348097009994
2348095845941
2348095018983
2348099151845
2348094531926
2348090034331
2348098625835
2348090247497
2348099726855
2348099725005
2348092668446
2348096381526
2348091763836
2348093465107
2348094084806
2348093802120
2348093979355
2348098167876
2348092469118
2348097217314
2348092249622
2348095787152
2348099522931
2348093841690
2348096501881
2348090581042
2348092769273
2348094959784
2348096336818
2348098820337
2348099552846
2348097493686
2348094758366
2348098901073
2348098515365
2348091474581
2348097522843
2348096177694
2348097204043
2348092049495
2348099122539
2348098604251
2348098070040
2348097706750
2348091805457
2348094734564
2348093802924
2348093794160
2348093565477
2348094212774
2348099210687
2348097744341
2348097724682
2348093756674
2348095161985
2348090409436
2348096034906
2348095166795
2348092115554
2348093822358
2348094285415
2348095399436
2348094770952
2348090702054
2348097971257
2348090966525
2348096931595
2348093413638
2348098650047
2348092076247
2348099899367
2348090769372
2348094079028
2348093808026
2348096847558
2348096806446
2348098081719
2348093216438
2348090187395
2348093860365
2348090664998
2348099399575
2348091120778
2348098394468
2348090051332
2348099233365
2348090701037
2348097325637
2348094733872
2348090889439
2348095339340
2348095376038
2348092291111
2348090303611
2348095193730
2348099008292
2348097421086
2348091204856
2348092867642
2348091892622
2348098539121
2348090427268
2348094456001
2348099331965
2348092523385
2348094198680
2348097369960
2348099226348
2348098495988
2348096092191
2348093763880
2348096540499
2348099824676
2348096342173
2348090739462
2348099789466
2348093977219
2348095770209
2348099410264
2348090466557
2348099667357
2348098389548
2348099418462
2348090658344
2348099594360
2348097806989
2348090757767
2348090152333
2348093661876
2348091162607
2348094151040
2348091074204
2348095353375
2348092969886
2348097592433
2348095626297
2348095700971
2348098778815
2348092001964
2348097704105
2348092246392
2348092916759
2348098172873
2348096191431
2348091555715
2348091361110
2348091260705
2348094232852
2348090472693
2348094526105
2348091342928
2348092214933
2348098477493
2348096871960
2348095605375
2348097542204
2348099076370
2348096173062
2348099313801
2348092620802
2348095034156
2348093904336
2348096088618
2348099128664
2348097758180
2348091600386
2348099388753
2348094090949
2348097383196
2348092074046
2348090496418
2348093077365
2348097665697
2348091819206
2348095597665
2348099646106
2348094713669
2348091345433
2348097086909
2348093929114
2348093715334
2348095996002
2348096374573
2348092496086
2348099421594
2348096927744
2348099944556
2348097998720
2348091715530
2348092808165
2348090238293
2348096277299
2348092084470
2348093246085
2348096659517
2348094838921
2348091073660
2348096611107
2348091823579
2348097674157
2348097762204
2348094343366
2348093115373
2348090174001
2348090210073
2348099827415
2348099868493
2348092716494
2348094378105
2348094239840
2348097585690
2348090710367
2348097451890
2348099092157
2348099953485
2348092448402
2348098898167
2348093506248
2348094041476
2348096108724
2348090474683
2348098559375
2348093232938
2348098253274
2348092853726
2348092813794
2348095477913
2348095186371
2348098422915
2348095510625
2348096972672
2348095520047
2348090841043
2348090627619
2348095286940
2348097676598
2348096760373
2348093887321
2348094954970
2348098749399
2348095289786
2348090223603
2348094407358
2348097845804
2348093286864
2348090358368
2348094609330
2348091934187
2348091734869
2348092852977
2348097749340
2348091980749
2348095545703
2348093700628
2348097004385
2348091826367
2348098504474
2348097336551
2348091539601
2348097826224
2348095125597
2348097032109
2348092630907
2348094802068
2348099428676
2348090742498
2348096976846
2348093072994
2348095925286
2348092540376
2348092598422
2348097368120
2348094612125
2348099338708
2348092354252
2348095496457
2348090530894
2348091862694
2348097275697
2348091004585
2348094840053
2348096589387
2348098125914
2348095676575
2348091102638
2348094731278
2348097632539
2348090125771
2348094614353
2348096803254
2348092481169
2348091719137
2348095257047
2348091761767
2348098320951
2348094912024
2348090905170
2348092154057
2348099519785
2348092208636
2348096963633
2348091291101
2348094180916
2348097283886
2348090475647
2348097444874
2348090919710
2348099574278
2348090261034
2348096283145
2348095059560
2348097844288
2348090768607
2348098096043
2348096622459
2348093919521
2348094067671
2348090208254
2348095263813
2348096252545
2348091175053
2348091000453
2348094748072
2348095611988
2348090512359
2348091140308
2348095449400
2348096032085
2348094870950
2348093111020
2348092868737
2348091124162
2348095298661
2348096129533
2348091615197
2348094367902
2348091588419
2348098330759
2348090401343
2348090696499
2348099942265
2348095754234
2348094684506
2348094597909
2348094473723
2348091713950
2348094279729
2348094843637
2348093908336
2348094691548
2348091280322
2348094610318
2348099025035
2348094805548
2348099171083
2348093378245
2348098048802
2348097484829
2348097772558
2348092076676
2348096610115
2348093817396
2348094403827
2348094063794
2348092043347
2348097947995
2348095544087
2348095538654
2348099512353
2348096829429
2348096150802
2348093603973
2348098620699
2348099817986
2348091005503
2348092901595
2348095969205
2348094563546
2348091413775
2348090950060
2348093133675
2348095767355
2348092090314
2348092389418
2348094684195
2348099233774
2348091939494
2348099720565
2348099936523
2348094449283
2348097477266
2348095567426
2348090991734
2348093749145
2348097549639
2348098413784
2348090157719
2348091682582
2348093158970
2348094682872
2348096731044
2348091038319
2348098057032
2348090068743
2348092110586
2348098357944
2348097606752
2348096864405
2348095119918
2348092023757
2348091809812
2348090826499
2348099558456
2348090224880
2348091398414
2348098182344
2348097532425
2348093682298
2348097649654
2348091883787
2348098122941
2348099532463
2348094310258
2348094899984
2348099893665
2348094861180
2348091275839
2348091935293
2348099517629
2348091349353
2348091413717
2348098268687
2348093153633
2348095533996
2348091193513
2348095891966
2348090933221
2348095104270
2348099150846
2348099200598
2348094101104
2348097277436
2348098126665
2348099478295
2348092184775
2348092753022
2348091643184
2348094841741
2348094606360
2348097793265
2348098361714
2348090976621
2348090063746
2348098189409
2348094949452
2348090310884
2348090079279
2348098558366
2348094582081
2348095571455
2348096512602
2348095944892
2348091776932
2348095522571
2348094429440
2348092833311
2348094795419
2348093980143
2348094690023
2348093326093
2348099363776
2348098373755
2348099631415
2348090748542
2348091401668
2348099454291
2348091664674
2348097008221
2348095146738
2348097589220
2348099922939
2348097310167
2348094365887
2348097962153
2348094964322
2348096302103
2348097592039
2348099045988
2348096289309
2348092427369
2348095806141
2348095573309
2348094928927
2348098947996
2348097948602
2348098416160
2348099451997
2348099430963
2348093846284
2348098981827
2348099266140
2348098788699
2348090606099
2348098642536
2348093889275
2348095987606
2348094314765
2348099679380
2348090456620
2348099019066
2348092454028
2348097833807
2348095500345
2348091517451
2348099356018
2348094410126
2348090541236
2348096314142
2348099730065
2348097024214
2348097694077
2348099047708
2348094010149
2348099190072
2348095801457
2348096053053
2348092662710
2348097871771
2348097035471
2348097507165
2348094504619
2348091738597
2348095052693
2348090167124
2348096488757
2348098624126
2348098531095
2348098878738
2348096695843
2348097950016
2348095960376
2348090882287
2348094010147
2348099510379
2348096280752
2348096515662
2348097905320
2348092378466
2348094681472
2348099327234
2348092440018
2348099333561
2348096801624
2348090386226
2348098535079
2348095210356
2348090390153
2348095825930
2348091258390
2348093217401
2348090108208
2348092115447
2348098466607
2348091705967
2348090024614
2348097321435
2348090017911
2348093845152
2348094253536
2348099026928
2348098485041
2348092981663
2348096447718
2348095657244
2348090292941
2348093365461
2348090852764
2348095614867
2348091324384
2348099849719
2348093853987
2348099874522
2348097419273
2348092794020
2348097652693
2348091471472
2348094598989
2348095944653
2348091403238
2348098405176
2348096480408
2348099960142
2348096461489
2348096534030
2348092028552
2348092262475
2348090985119
2348090290238
2348099685993
2348097581153
2348091334513
2348094541684
2348091508133
2348097327898
2348097531971
2348095103898
2348099134935
2348091255185
2348090737687
2348098333167
2348097967879
2348098824294
2348096193910
2348094682324
2348097701294
2348099037080
2348092621049
2348092236509
2348095882012
2348098818050
2348093451802
2348093687527
2348098774954
2348092998753
2348090673178
2348092449731
2348095760757
2348097532154
2348091354183
2348096469062
2348096978580
2348097926731
2348090281687
2348091189844
2348094072716
2348097284975
2348092913639
2348095063686
2348094095153
2348092145045
2348093102638
2348097110385
2348093278671
2348094051922
2348092789509
2348095568178
2348095909896
2348095529851
2348095298567
2348094575949
2348092830143
2348091920706
2348099446612
2348097810271
2348098911424
2348097776924
2348097842498
2348097440201
2348095318314
2348094403387
2348093262034
2348097062093
2348090368397
2348091907796
2348099615184
2348097136433
2348099284251
2348096111110
2348098687613
2348095572139
2348090440778
2348095566758
2348092312073
2348095604609
2348094900728
2348097872918
2348091762943
2348099451725
2348095961670
2348090478660
2348094749169
2348093559291
2348095430687
2348094597511
2348094535789
2348097449350
2348096516199
2348090186171
2348093906502
2348099437807
2348096741849
2348097598157
2348097153890
2348093763906
2348099472781
2348095700482
2348098025772
2348098847707
2348091381465
2348091547830
2348094844780
2348097322097
2348096575787
2348093341889
2348096786907
2348091308156
2348096665083
2348095384662
2348090272715
2348099956201
2348090596517
2348093122136
2348091606761
2348095714088
2348096133839
2348094666196
2348096668302
2348096945466
2348094351208
2348093519554
2348098287436
2348094165835
2348093976912
2348093111088
2348095707742
2348097896916
2348099328094
2348092202728
2348091400035
2348092232579
2348090142075
2348096006589
2348096285259
2348090791857
2348098769255
2348098366490
2348091373540
2348098418928
2348092505386
2348096651696
2348094277837
2348092867108
2348096119617
2348090606971
2348091660298
2348098701591
2348094633309
2348094973712
2348099640091
2348095181396
2348090180322
2348098123861
2348095193502
2348090367578
2348094760392
2348099624207
2348097895407
2348093011870
2348095197117
2348098063579
2348097762671
2348092067862
2348096312533
2348090076775
2348093493819
2348099596890
2348093901690
2348096240516
2348097682774
2348097119616
2348090761372
2348090194061
2348097043031
2348096806512
2348092802128
2348090226592
2348095827253
2348093467597
2348092552982
2348098674683
2348099426362
2348099471186
2348096581216
2348090194091
2348097127072
2348096050884
2348090304609
2348096963034
2348099582340
2348090766902
2348095142563
2348092721550
2348095242543
2348091888042
2348099863672
2348097419001
2348090210092
2348093479821
2348096661112
2348097633379
2348096443220
2348092997106
2348095356057
2348095633904
2348093802272
2348096741874
2348096924469
2348095823958
2348093117761
2348094756781
2348090878817
2348094958027
2348097106269
2348097397581
2348096598267
2348093233646
2348093403888
2348095374800
2348099019711
2348091111525
2348090491485
2348093694832
2348091863617
2348096076782
2348095174001
2348096891091
2348091196251
2348099746465
2348090658000
2348095560971
2348097579431
2348094860484
2348091193622
2348091729715
2348098888509
2348091624947
2348096515230
2348095970203
2348097548799
2348098098704
2348090388659
2348093144810
2348094665809
2348096934399
2348098472728
2348093472747
2348093193774
2348094329094
2348090946645
2348094992969
2348096314375
2348096545703
2348092602286
2348097487232
2348098296134
2348095498765
2348095847520
2348093837809
2348097281019
2348093809113
2348099161570
2348094898678
2348093851065
2348098531376
2348091788783
2348097194197
2348096310549
2348095231946
2348095006399
2348096229015
2348094286133
2348095753514
2348091912489
2348093920852
2348097401185
2348090125935
2348099618878
2348095017449
2348099294370
2348090846155
2348094594533
2348096483070
2348099754218
2348093674961
2348098426793
2348091580258
2348097647630
2348097836561
2348092527284
2348091598814
2348096669183
2348098269797
2348095133301
2348097400029
2348097348972
2348090195455
2348096736455
2348098554137
2348098117726
2348095522826
2348091454884
2348096283756
2348094393035
2348094837516
2348091096975
2348092279371
2348098372771
2348097610500
2348094676740
2348092905939
2348097837734
2348095616511
2348098967706
2348095886299
2348095473049
2348099371374
2348093966381
2348095661702
2348098387326
2348093097013
2348098741817
2348093366631
2348090505205
2348090438396
2348098038118
2348090633007
2348095987372
2348090632058
2348098669590
2348090628241
2348094601206
2348097024310
2348095026661
2348097569709
2348095045090
2348096990302
2348090322515
2348095181135
2348098576060
2348095453729
2348091233587
2348093895348
2348098015454
2348094481708
2348099113713
2348091967929
2348096629987
2348090773469
2348090301120
2348093948919
2348090187538
2348091805771
2348096816225
2348097058474
2348091003294
2348096389732
2348098392374
2348094971791
2348095898504
2348099236416
2348097264695
2348094773087
2348092209761
2348097571385
2348091112776
2348091307691
2348093691420
2348094585389
2348099428656
2348098873305
2348092200736
2348090946706
2348092925618
2348092308541
2348092544093
2348098613945
2348097049629
2348099328758
2348095409151
2348098352400
2348093722404
2348096051309
2348091620175
2348091272473
2348090433050
2348098907681
2348097923188
2348094971127
2348097883081
2348096906443
2348098609511
2348099009303
2348091900497
2348099962471
2348094798059
2348094960677
2348096839749
2348091666795
2348099232717
2348098366295
2348095496535
2348096255908
2348098227062
2348095155088
2348093211473
2348098691356
2348090677376
2348097145225
2348099764050
2348093295366
2348093342194
2348091479624
2348099135766
2348091932769
2348098297237
2348098045969
2348095654208
2348097709904
2348095070564
2348094051582
2348094822405
2348093524608
2348099798350
2348090959472
2348090151903
2348098835661
2348096819622
2348098373674
2348095146405
2348093649810
2348092137290
2348096427355
2348093572260
2348092287852
2348092176093
2348091292860
2348091094313
2348095530141
2348097828565
2348095104786
2348090796326
2348096561833
2348094154797
2348098331735
2348090275290
2348092518873
2348097461793
2348094835836
2348090277631
2348092797495
2348091338067
2348096162368
2348090577784
2348090679254
2348093729300
2348090495120
2348098094976
2348094223559
2348096508905
2348093426050
2348093162192
2348093906157
2348090554021
2348097633756
2348097499541
2348091251700
2348090228525
2348093063539
2348096100008
2348096224572
2348092572243
2348096426582
2348095004978
2348096780403
2348097991229
2348096234089
2348096714142
2348092759105
2348095238080
2348096552265
2348091479208
2348097926728
2348097590882
2348092100957
2348099655243
2348097637237
2348093044673
2348096507525
2348095098447
2348097528537
2348094328979
2348099644793
2348099324351
2348097617460
2348092930571
2348094161511
2348099380114
2348099616370
2348094128328
2348094294379
2348090794138
2348092737625
2348094577125
2348093492252
2348097660571
2348096441230
2348097438683
2348098290236
2348098133716
2348099654609
2348094400138
2348095308760
2348097748344
2348096963823
2348091188381
2348096446130
2348093849454
2348093912890
2348095257154
2348092409759
2348095320965
2348099496071
2348092896912
2348090147584
2348099537319
2348092961110
2348091265362
2348097453398
2348091333944
2348099493277
2348099407045
2348099301331
2348096356268
2348095767659
2348091658255
2348097562546
2348095793811
2348099483272
2348099476357
2348090082959
2348092040340
2348099777233
2348098823019
2348097077415
2348091541164
2348097749657
2348094574570
2348092793780
2348091018998
2348095276762
2348092031908
2348099479656
2348090176265
2348095576278
2348093312154
2348098588788
2348096466136
2348099017420
2348091613648
2348099179666
2348099032319
2348095696168
2348096165755
2348098338366
2348092617207
2348092423261
2348091330559
2348090020926
2348093092861
2348091498848
2348094517454
2348099465476
2348096354992
2348092464496
2348094864158
2348094537533
2348097052457
2348090006142
2348098073688
2348092346295
2348092558756
2348097498591
2348097388947
2348090246358
2348096709260
2348094343639
2348096019077
2348099549852
2348097445569
2348090805869
2348095946353
2348096208360
2348090820845
2348090886315
2348096129781
2348090809049
2348099332896
2348098921631
2348098021453
2348090268610
2348098138916
2348092045349
2348097997146
2348095644514
2348090007207
2348093297511
2348095626004
2348098454056
2348092634172
2348097743016
2348093734234
2348099238081
2348095033096
2348095308639
2348097565644
2348093183654
2348092994784
2348098667323
2348093636755
2348091145101
2348094859383
2348091459440
2348098916662
2348094453463
2348096379776
2348092057835
2348090783804
2348095693014
2348097863938
2348091009022
2348099228048
2348096152272
2348090148284
2348095041228
2348093064914
2348098016514
2348091352519
2348093897145
2348092465715
2348091905791
2348096696873
2348097051306
2348091175516
2348091336826
2348091557388
2348092828264
2348096590276
2348092593591
2348099872453
2348098714438
2348097553649
2348095153259
2348096434240
2348097709382
2348098409997
2348095842023
2348095659041
2348093718029
2348091045399
2348093135527
2348092061409
2348093791915
2348099161959
2348096374257
2348098793962
2348095270683
2348095700370
2348091477521
2348093479143
2348095357023
2348091905552
2348097696426
2348091163325
2348096593702
2348094277712
2348098800925
2348092763847
2348098711208
2348098710272
2348098128885
2348099601113
2348096844867
2348094394091
2348091856501
2348094302170
2348097057279
2348098461735
2348094479595
2348098786016
2348091641420
2348090391193
2348097901727
2348095000235
2348095346272
2348097443895
2348098855337
2348097965499
2348091754683
2348093449614
2348096457045
2348096808223
2348093783611
2348092725348
2348097512764
2348098515311
2348095454824
2348094074421
2348097769606
2348098233761
2348093110956
2348093217736
2348098277632
2348093091798
2348095802692
2348093261266
2348092636883
2348092641853
2348099566901
2348096154441
2348099076247
2348095595738
2348099750286
2348099284147
2348091074646
2348099829993
2348095143098
2348095843154
2348098717382
2348090877954
2348095517378
2348090843239
2348091069157
2348095224391
2348097217137
2348095164766
2348090971240
2348090394343
2348094312277
2348097656152
2348097400755
2348092963091
2348097748693
2348092792121
2348094704528
2348091995550
2348097770375
2348093969173
2348092495689
2348098986677
2348097739336
2348097072014
2348099008624
2348098906607
2348099684348
2348098802272
2348099433953
2348090176952
2348091268491
2348093371673
2348098236314
2348097532857
2348091328053
2348098437068
2348098276617
2348095428871
2348098043127
2348097514679
2348094000341
2348091375001
2348094413274
2348094640168
2348090217250
2348099485964
2348093786322
2348091542743
2348099627733
2348098904205
2348096789463
2348099407918
2348099800783
2348097364875
2348094996722
2348090520561
2348095010274
2348095456444
2348090839897
2348092352764
2348099392833
2348099003062
2348098190947
2348094319738
2348093910143
2348095763432
2348099577629
2348096390508
2348098261027
2348097588255
2348094082881
2348093559618
2348092345296
2348092499802
2348092387701
2348099985785
2348093931076
2348098241594
2348094026107
2348093786353
2348092050021
2348098582376
2348099016470
2348098245981
2348098518755
2348093944994
2348092610124
2348098009310
2348097078151
2348097067421
2348095932948
2348094717066
2348091224675
2348093414695
2348093419152
2348095278479
2348098325229
2348091646610
2348093886105
2348096292273
2348090881596
2348097351995
2348099339615
2348099695510
2348094767497
2348097830477
2348090739890
2348098157393
2348098425904
2348091693801
2348098530031
2348094851825
2348090851359
2348099999931
2348092306740
2348092856683
2348095724281
2348090687163
2348099136392
2348096840751
2348090657102
2348097406950
2348094131352
2348097025835
2348096055701
2348094544563
2348094902918
2348095624662
2348093674567
2348098496947
2348095375947
2348099097006
2348099713941
2348093035068
2348091538906
2348099269036
2348095012835
2348097355854
2348097463745
2348091489164
2348096663695
2348095357447
2348097210911
2348098707013
2348091392488
2348099557621
2348098630769
2348098231987
2348090901629
2348094937694
2348093670033
2348096157433
2348091098194
2348096812247
2348096941982
2348095232033
2348091352508
2348097456010
2348094961658
2348098309870
2348093802439
2348092562173
2348098580802
2348091393465
2348097483329
2348098442202
2348093371031
2348092616950
2348093860021
2348099811964
2348092585853
2348099151368
2348098986525
2348093381285
2348097438486
2348097943388
2348090193645
2348094631494
2348092027709
2348094459870
2348096311871
2348097174619
2348095222132
2348099658379
2348098556148
2348095525344
2348097002765
2348098818167
2348092993489
2348094971110
2348093524488
2348092146539
2348098805740
2348091932290
2348094024518
2348092167893
2348092703520
2348094651110
2348094603144
2348098582608
2348098517868
2348095225894
2348098930707
2348092262160
2348095150042
2348097053771
2348099822100
2348099352439
2348092433102
2348094912219
2348099664294
2348091447864
2348094626481
2348090627542
2348091724658
2348090359986
2348093070346
2348090812316
2348097069806
2348096254980
2348092551043
2348099832101
2348099333186
2348092834027
2348093543587
2348095721846
2348095812250
2348090397944
2348093595833
2348094697466
2348099716322
2348090091711
2348090605321
2348090239758
2348094549067
2348091185856
2348096461820
2348091405504
2348097856073
2348091826516
2348095946525
2348091444558
2348099739056
2348094120569
2348095076289
2348093054144
2348098918460
2348095628664
2348096516556
2348092816499
2348098057643
2348093596781
2348097837022
2348096402763
2348091198307
2348097463652
2348090984557
2348092705464
2348092507119
2348090236005
2348090800065
2348092906977
2348091710976
2348094402641
2348094825989
2348096989163
2348092248670
2348091670873
2348099330435
2348093098417
2348092042912
2348093611519
2348091433052
2348098271669
2348093799213
2348098045715
2348093979003
2348097765818
2348098519463
2348098330502
2348097583910
2348099469409
2348098374409
2348094489312
2348092108689
2348099421603
2348093729208
2348098435689
2348091023184
2348098721424
2348094737158
2348091977249
2348091494433
2348098745883
2348096722684
2348091100806
2348099841252
2348099719867
2348092735059
2348090840858
2348096920773
2348097372871
2348098372629
2348097997603
2348094335181
2348097409420
2348091950669
2348097308110
2348094371607
2348096984580
2348099714297
2348096152010
2348094693430
2348094294008
2348097753566
2348095743579
2348095751797
2348092656561
2348094602489
2348095332045
2348099309823
2348098984929
2348097969833
2348098927187
2348092198055
2348093494039
2348090353238
2348090228458
2348098991919
2348095382940
2348093008637
2348097627936
2348090030355
2348098585991
2348091356858
2348097119368
2348092608646
2348096763357
2348095803759
2348093501953
2348090506324
2348098616489
2348096755848
2348092824182
2348096935916
2348092690628
2348097334516
2348098239692
2348099352805
2348090836345
2348091569822
2348098208321
2348096255988
2348094199424
2348093902770
2348096616981
2348091419405
2348090971803
2348098847122
2348096802140
2348091002303
2348095003840
2348090332381
2348093737689
2348091858804
2348091488291
2348092741792
2348093654236
2348098396837
2348094107097
2348099279034
2348094221124
2348092365937
2348093099125
2348093161244
2348097660433
2348095999573
2348093800003
2348093786527
2348096275387
2348090260328
2348091130938
2348095804137
2348090268685
2348099523146
2348093864216
2348094595405
2348095765052
2348099585340
2348098783799
2348099299695
2348099677064
2348093004417
2348093296402
2348090483934
2348098780777
2348090204262
2348098679996
2348094313148
2348096622490
2348099246661
2348093950344
2348098406934
2348094900556
2348090815637
2348096548135
2348090432940
2348090834295
2348095873058
2348097096801
2348091329043
2348090711755
2348096501436
2348098180136
2348094833513
2348096819928
2348090095393
2348092250167
2348091201803
2348095484142
2348098479168
2348093466341
2348094494827
2348099506405
2348098443949
2348091621907
2348092563388
2348093060228
2348092756748
2348094536813
2348098336065
2348094310371
2348091672282
2348099431799
2348099416770
2348095062874
2348092398197
2348094944005
2348090019483
2348095475862
2348092663551
2348095305904
2348093041291
2348092738233
2348099502103
2348097500439
2348094222605
2348097556532
2348097206046
2348090075267
2348099940642
2348097436470
2348097000598
2348098740426
2348099038733
2348095008059
2348096755860
2348096985072
2348093627706
2348096488558
2348097154801
2348090797250
2348091861440
2348090922825
2348094443317
2348091293556
2348093035593
2348090228017
2348091916893
2348090738469
2348093003247
2348097659431
2348092464274
2348097479763
2348092063009
2348090126576
2348099509038
2348098609844
2348094463715
2348090308811
2348098162533
2348099893269
2348094663229
2348098294793
2348092132594
2348094004621
2348090104979
2348091262794
2348098261177
2348097834465
2348094724880
2348097904628
2348090528208
2348092882332
2348094299283
2348095602827
2348099223309
2348097139891
2348096731573
2348098050736
2348098167009
2348090211965
2348092475339
2348095511768
2348091955682
2348097005617
2348099419738
2348098462960
2348092526559
2348092567835
2348094340446
2348091547532
2348093519365
2348098808954
2348093236482
2348092648238
2348096306393
2348097567070
2348099345273
2348097946724
2348097022248
2348091220189
2348093355566
2348093850375
2348091232134
2348095684292
2348092202333
2348090312778
2348092175016
2348093570935
2348097751072
2348096170659
2348094307650
2348093665366
2348098760547
2348093200987
2348098087899
2348094389320
2348098386869
2348095142450
2348097074796
2348093084844
2348090752201
2348097244043
2348095341768
2348097217503
2348096769079
2348095006145
2348091531971
2348092473425
2348094047864
2348099122301
2348090903820
2348097082554
2348092084880
2348096781833
2348095541803
2348095427380
2348099410171
2348092424972
2348096172909
2348097214548
2348099320472
2348092162229
2348094798273
2348090092245
2348093365444
2348094769262
2348094304286
2348095961728
2348092710977
2348098584313
2348091082821
2348097996047
2348090269083
2348095024358
2348097094731
2348091129654
2348097560286
2348097337641
2348091347336
2348093533811
2348096649796
2348096756298
2348092893356
2348093854390
2348094340758
2348097743959
2348099189992
2348095473494
2348095204140
2348097779947
2348094877176
2348095995840
2348094524441
2348090723409
2348091752693
2348094718265
2348093954914
2348097469369
2348090837577
2348096795818
2348096108525
2348098230725
2348094889145
2348097365810
2348093772865
2348093544806
2348099137979
2348097407603
2348096714959
2348095011110
2348094186308
2348095121961
2348090978850
2348091588087
2348099739931
2348098341848
2348097103360
2348096729591
2348093778811
2348096095999
2348093354714
2348097194526
2348095315792
2348091969664
2348094074241
2348096303199
2348095773433
2348099930822
2348097386303
2348090280595
2348098168437
2348090194129
2348096083597
2348095883291
2348090929930
2348095636729
2348092345386
2348091814787
2348093019403
2348099188278
2348095423059
2348099730316
2348095575398
2348096665443
2348094415214
2348098713326
2348092612166
2348098943697
2348095737207
2348095353430
2348090611863
2348096623122
2348099502154
2348090612183
2348090444742
2348091600281
2348092201050
2348094313993
2348091777675
2348099553624
2348097649638
2348098893362
2348091974867
2348096144525
2348090000795
2348093110231
2348091655443
2348098290261
2348091787094
2348096923205
2348095007910
2348091569728
2348093562397
2348096782256
2348092383179
2348090205228
2348096643580
2348093282562
2348098285943
2348095888079
2348093430552
2348091031271
2348095052037
2348095677225
2348097768783
2348097798416
2348096869650
2348094963024
2348092212252
2348098664597
2348096863914
2348094631784
2348097395369
2348091248785
2348097805218
2348097632935
2348097693437
2348096522430
2348091184152
2348099782453
2348092490071
2348096497984
2348092400673
2348098084553
2348096136289
2348092782458
2348090493170
2348093132295
2348095953277
2348096452336
2348099192963
2348091347496
2348091663170
2348090751351
2348094585157
2348097892613
2348099793371
2348096856757
2348092056826
2348096438849
2348095584797
2348094548003
2348095066488
2348096675685
2348095340917
2348096100835
2348098821080
2348092438716
2348097374494
2348092648471
2348093851476
2348093940499
2348090522151
2348090344236
2348091384946
2348097004788
2348096859445
2348094777256
2348095248123
2348091089136
2348097854369
2348099239190
2348095967355
2348093045796
2348093262492
2348093112238
2348099002060
2348096499432
2348096751811
2348091752269
2348098792695
2348093524353
2348097571228
2348094127235
2348094835430
2348099498490
2348093506232
2348094974336
2348092275000
2348094873230
2348094927254
2348090878874
2348096672918
2348094330463
2348099637854
2348092681402
2348094971259
2348094199223
2348097966194
2348091830007
2348095129759
2348091441366
2348091623853
2348094798013
2348092524107
2348091162785
2348096680131
2348096812710
2348097282461
2348096726302
2348097174228
2348096875510
2348098927502
2348099508063
2348090945546
2348099042511
2348096729424
2348091893827
2348091771551
2348098887227
2348093206787
2348090541000
2348094455639
2348096941731
2348098398841
2348092267156
2348091577558
2348095593031
2348092568958
2348096006318
2348094798120
2348094095840
2348093445639
2348094157954
2348096532710
2348099552635
2348092290279
2348099819732
2348092234479
2348098136452
2348091444604
2348097825771
2348096657068
2348096744516
2348092961316
2348096720109
2348090524330
2348097427246
2348097269866
2348092650997
2348094068203
2348095448463
2348091896255
2348098650142
2348099293910
2348091489424
2348095029085
2348097470113
2348098103657
2348091367182
2348099219343
2348097828842
2348098496441
2348096232364
2348090223463
2348090777123
2348097720494
2348090998741
2348099440847
2348094264938
2348099880301
2348098830155
2348094763205
2348093365898
2348094678792
2348097414702
2348093280033
2348094533483
2348093694220
2348094699857
2348095573929
2348093849834
2348097193424
2348096223346
2348099244759
2348098224151
2348097929247
2348090607725
2348091731076
2348091996739
2348094453893
2348093556724
2348098761472
2348098692666
2348091177150
2348096990496
2348091804646
2348090439552
2348094561897
2348098574597
2348098393539
2348094467948
2348094173872
2348092158818
2348095173900
2348090253254
2348096158018
2348096435364
2348099689054
2348093327780
2348090153639
2348090369449
2348094275706
2348098151056
2348097943862
2348095427254
2348099338550
2348098742525
2348093917628
2348092390659
2348090108221
2348091036521
2348091479073
2348094109684
2348091280062
2348090661039
2348093567858
2348091561485
2348092701445
2348099918863
2348095968897
2348099615549
2348093668465
2348090344200
2348097255508
2348096048876
2348098200865
2348099791513
2348095126946
2348097858112
2348099546807
2348098055422
2348097707546
2348096494177
2348094043296
2348099573333
2348095478674
2348099044146
2348097158864
2348099831224
2348097746383
2348098194297
2348098375390
2348094472636
2348099938926
2348093778941
2348092186399
2348090369229
2348092337742
2348095251087
2348095694977
2348090169097
2348099275493
2348092781151
2348092648765
2348096808909
2348096404911
2348093293417
2348094328494
2348096125519
2348092692125
2348095476375
2348090893058
2348091554982
2348096902841
2348094228762
2348090279839
2348096038734
2348099743950
2348097104029
2348098727481
2348099070205
2348099692347
2348099552354
2348094205721
2348093342840
2348090757693
2348092732357
2348097025367
2348098454479
2348099809325
2348092555438
2348092360647
2348093347051
2348099077603
2348090584853
2348096041633
2348098018578
2348096749585
2348090159143
2348099759010
2348092157657
2348098414068
2348099944049
2348094362266
2348097262840
2348099331172
2348090300054
2348096491002
2348099404386
2348096757467
2348099434698
2348094558353
2348098399454
2348094974131
2348098435576
2348094643438
2348097715261
2348094711328
2348090889128
2348098956034
2348099876867
2348099224807
2348096166399
2348090637588
2348094044018
2348091591198
2348098638666
2348099376489
2348098664957
2348094722823
2348098024550
2348094073067
2348096145102
2348092431257
2348097247358
2348095284185
2348092446493
2348095853443
2348091559654
2348096315906
2348096734254
2348093485246
2348092231797
2348093115963
2348097679456
2348091325790
2348090246959
2348090559517
2348093115153
2348099286029
2348093714281
2348093520156
2348091943187
2348093902388
2348090201505
2348094998779
2348097090200
2348099801873
2348091044612
2348093977925
2348096397309
2348091262882
2348096719932
2348098536407
2348090296364
2348092717547
2348096283022
2348098845830
2348093735939
2348091220070
2348091212358
2348090684094
2348096284325
2348097523972
2348099828669
2348095685310
2348098306881
2348095661812
2348099323950
2348090247491
2348098080478
2348091334942
2348091195820
2348094657302
2348092049569
2348095043327
2348093004427
2348099133282
2348091342410
2348093837563
2348099774843
2348093420632
2348090057327
2348094591956
2348099678975
2348099485836
2348093591468
2348092189801
2348095519061
2348099246934
2348099853343
2348097232582
2348098682781
2348095876377
2348091320474
2348096973157
2348094727232
2348098195589
2348094453071
2348097301632
2348093039586
2348099312355
2348096041259
2348094797256
2348093486097
2348096381184
2348093732258
2348090592820
2348096488337
2348090846116
2348095022442
2348096764213
2348096844502
2348092055991
2348093804573
2348098221826
2348093830923
2348091874181
2348090051629
2348090456012
2348092402058
2348094205470
2348092595828
2348095387792
2348098930564
2348090855521
2348099871064
2348091816432
2348092547287
2348092494299
2348094981510
2348092763358
2348096108133
2348099180077
2348097226830
2348095178515
2348096710807
2348091660061
2348090471420
2348090445873
2348099667031
2348094301714
2348096345684
2348098690365
2348090500397
2348094527412
2348095650761
2348091711915
2348097150606
2348098344287
2348096744224
2348094769854
2348096819109
2348091005642
2348099034711
2348096665381
2348098811524
2348097691329
2348090075421
2348091378273
2348099194027
2348095436938
2348092995293
2348094144153
2348093990149
2348098123091
2348096477728
2348095407906
2348099021353
2348095512966
2348099408106
2348093631911
2348090162380
2348090278116
2348090382087
2348094365393
2348098600107
2348090692421
2348093981126
2348096899617
2348090294793
2348092131850
2348091928050
2348095513128
2348097617479
2348097308588
2348091855230
2348093075537
2348096767292
2348095533341
2348097248225
2348091150744
2348097856787
2348093164788
2348096218513
2348090151293
2348099173015
2348093823239
2348091197912
2348093154949
2348093002823
2348091559978
2348092089090
2348090089495
2348095181839
2348095734095
2348098226601
2348093374811
2348095523995
2348097832049
2348096944853
2348094420887
2348091774672
2348096248049
2348095789667
2348090260112
2348096736601
2348099025928
2348098246870
2348094019956
2348097870149
2348099687746
2348091589438
2348093923894
2348097837796
2348090549921
2348099590206
2348091869460
2348092478730
2348093732954
2348094381994
2348096278114
2348092137149
2348096691729
2348094746653
2348098206390
2348093854127
2348092373886
2348095639865
2348094158182
2348092049548
2348097390602
2348097540946
2348098949040
2348099381839
2348097932200
2348096745652
2348093797300
2348093898034
2348093166332
2348090120528
2348098666250
2348092380147
2348097043017
2348091679739
2348094398509
2348098392465
2348092181719
2348093668967
2348098656929
2348091397473
2348094157515
2348090954083
2348098723960
2348093384724
2348093822161
2348094906025
2348098092536
2348095752979
2348097880905
2348095641283
2348090596884
2348095564905
2348091546348
2348093204263
2348095491534
2348098756392
2348097348291
2348094854777
2348090438813
2348094862730
2348099981091
2348090806342
2348098568182
2348097041315
2348095589527
2348091922038
2348093567925
2348097534659
2348096593831
2348091701452
2348097713597
2348090090932
2348098644886
2348094227276
2348099338066
2348092358846
2348093678764
2348091830720
2348093092017
2348091806398
2348090005656
2348098726144
2348094660930
2348098344405
2348095158825
2348097985144
2348097518903
2348099347511
2348097545676
2348092286458
2348098648971
2348093551869
2348090043715
2348097827940
2348092231698
2348095455678
2348093354982
2348096250980
2348091443511
2348090597983
2348092014151
2348098354615
2348090421745
2348092150987
2348092382181
2348098377238
2348096772957
2348096811785
2348093148814
2348098288687
2348090353042
2348097307584
2348094365264
2348099620020
2348099956699
2348096000978
2348095841618
2348092318700
2348097572182
2348098468424
2348094727935
2348092801352
2348097942989
2348093380718
2348099707794
2348091587929
2348093771031
2348096958926
2348091721400
2348090056059
2348098697931
2348094653207
2348097524634
2348090411761
2348092434444
2348091543116
2348099706080
2348099852802
2348099303504
2348093621252
2348092999914
2348097849713
2348098440103
2348092257971
2348096693388
2348099444135
2348099550184
2348094626095
2348095720878
2348090331304
2348090188401
2348097422279
2348093196976
2348097297150
2348094620644
2348093404030
2348090339262
2348094365831
2348096242728
2348096190428
2348090828890
2348092398309
2348091517807
2348094725306
2348092495037
2348099596117
2348095286177
2348098745874
2348095239244
2348094499270
2348094245452
2348098141450
2348098112573
2348090956916
2348094697913
2348095828416
2348097145798
2348092434605
2348093612065
2348091215516
2348092425703
2348095849253
2348094084506
2348093701935
2348097044771
2348098071289
2348099364879
2348097635067
2348096309702
2348095141067
2348091427171
2348090605967
2348099837970
2348097458285
2348092784668
2348099734137
2348090227540
2348095691328
2348090430261
2348097820408
2348098354317
2348097282486
2348096618644
2348091269567
2348092862369
2348096826703
2348093908830
2348091762052
2348091222197
2348091060964
2348099581105
2348092099871
2348096186654
2348098582345
2348099820407
2348097382767
2348093278675
2348090315286
2348099451101
2348097110062
2348094721189
2348092589650
2348094376031
2348095129714
2348098213764
2348090597065
2348093214292
2348094204508
2348090620485
2348093770404
2348099290388
2348093374370
2348092892277
2348096946310
2348094211080
2348097378691
2348094815730
2348090329192
2348098306849
2348093913091
2348092159632
2348096425647
2348098242593
2348091184159
2348093211007
2348094926215
2348092722319
2348094407781
2348094383179
2348099478659
2348098042638
2348097525265
2348093908932
2348093651091
2348090681510
2348096725817
2348096423586
2348099514493
2348094382170
2348092630144
2348091138173
2348092623743
2348095293630
2348092690288
2348097593968
2348091624126
2348091475959
2348092414785
2348091489098
2348091066286
2348098202725
2348092260309
2348096144024
2348096752334
2348090036049
2348099832724
2348090830115
2348096118611
2348098707820
2348093121384
2348092919805
2348097401544
2348092876005
2348098622430
2348094175913
2348092997846
2348097183725
2348094809564
2348096061062
2348096615527
2348098104946
2348095093622
2348090852063
2348098842848
2348095775187
2348091483807
2348097308201
2348099563791
2348094304348
2348094276807
2348098790260
2348093810486
2348091052619
2348095637974
2348099367808
2348094654622
2348094028375
2348098321986
2348091616804
2348090645978
2348094560642
2348093514632
2348098410301
2348094778187
2348091981323
2348091760775
2348098941577
2348099843148
2348092402602
2348094765463
2348096958907
2348091931260
2348097742190
2348092769654
2348098600348
2348091843874
2348097538858
2348096785932
2348097329997
2348090850847
2348094840203
2348092923948
2348091447669
2348099275059
2348099097561
2348095524808
2348091066196
2348096201446
2348092161551
2348094741362
2348097342475
2348090979815
2348092977117
2348092739209
2348090360347
2348094729168
2348095782871
2348090607860
2348099599888
2348094345692
2348091473105
2348097670840
2348099731172
2348091497145
2348090833856
2348095559271
2348096980560
2348092704953
2348095570570
2348095455122
2348092433349
2348093737618
2348090238862
2348093623988
2348097983996
2348097503713
2348093339572
2348095310175
2348096755960
2348090637462
2348091907418
2348099895324
2348090965687
2348099315729
2348090651333
2348097276834
2348092600317
2348090704498
2348099412657
2348098934754
2348090651316
2348095885401
2348095683706
2348097613503
2348097269268
2348091506569
2348091509629
2348096270943
2348093553961
2348090740108
2348096946832
2348096309917
2348091394096
2348095554579
2348091277468
2348090391841
2348098968407
2348095822475
2348098684871
2348097259878
2348093617049
2348096415956
2348097071043
2348096370495
2348095254631
2348094989524
2348092933919
2348093067698
2348090539264
2348098252567
2348095921010
2348098975241
2348090126766
2348097065309
2348091322033
2348095882304
2348099684139
2348091161777
2348094453891
2348093050448
2348094770997
2348092354046
2348097961176
2348098687378
2348092369582
2348099804127
2348098717782
2348099966027
2348091686165
2348090875842
2348094490964
2348092638643
2348098569388
2348092477938
2348095007304
2348098401983
2348094309029
2348095897452
2348099369293
2348090467515
2348098258336
2348090929376
2348091849865
2348091348550
2348096728580
2348096469280
2348098062535
2348095423784
2348091336022
2348099613940
2348098886744
2348092482896
2348097201903
2348095024756
2348091982442
2348093083489
2348094929369
2348092266260
2348099605474
2348092181192
2348098595619
2348095910377
2348099947399
2348098263142
2348096982399
2348093764521
2348095714683
2348096008047
2348098891050
2348097358786
2348091869119
2348094936742
2348094410134
2348095433653
2348097397120
2348099992910
2348090847793
2348099654053
2348095605625
2348094916637
2348095222831
2348091068402
2348097235018
2348096906845
2348096471184
2348091338707
2348098409257
2348094226689
2348095136416
2348099912355
2348097777463
2348092049328
2348091607384
2348097849875
2348099094091
2348099273329
2348091097695
2348092395172
2348099912323
2348093444346
2348095788420
2348098839055
2348093958991
2348092976153
2348093743600
2348095896591
2348099638845
2348098327689
2348097642852
2348097415212
2348096071532
2348091400927
2348098292972
2348093718338
2348098726610
2348095753093
2348098862005
2348096854815
2348097431705
2348091218413
2348099114363
2348096742937
2348098147133
2348096089299
2348093088746
2348097707034
2348098890816
2348092128208
2348092029446
2348093984221
2348097721740
2348093031047
2348097873227
2348097033214
2348097119216
2348090663121
2348098648255
2348093389100
2348095291532
2348092471777
2348097220117
2348094871559
2348096148801
2348095494534
2348095051942
2348098698439
2348095273681
2348093773263
2348099233387
2348093845189
2348090908669
2348099820870
2348098788246
2348098040062
2348099729195
2348091495467
2348098913317
2348090872393
2348093469558
2348098756361
2348099995406
2348099664527
2348090662711
2348094774521
2348092962221
2348090067870
2348098243627
2348094446025
2348095315546
2348090971893
2348091413556
2348099996733
2348096632622
2348090599899
2348096335166
2348097774635
2348094554925
2348090961682
2348093662646
2348093314138
2348094721508
2348098180216
2348094912701
2348098826082
2348095272067
2348092202518
2348096196194
2348096711833
2348096716277
2348096036780
2348093070206
2348090193299
2348097848207
2348092378688
2348092597925
2348097323606
2348098371666
2348092445306
2348093413309
2348090411509
2348091216319
2348090871318
2348099964645
2348095167838
2348098143796
2348096881749
2348090615673
2348098998105
2348093515360
2348094850934
2348094465818
2348092996309
2348095330493
2348093181495
2348096038720
2348094515745
2348093011363
2348098283431
2348090581514
2348091006778
2348099859537
2348098680066
2348098179670
2348092169554
2348098735774
2348090585511
2348096183709
2348099833133
2348096881043
2348099323417
2348097057624
2348097258028
2348095653561
2348094447951
2348097719803
2348096041588
2348094132417
2348091371699
2348090057497
2348090384432
2348090724404
2348095462983
2348095663272
2348093177004
2348097179734
2348098489287
2348092439996
2348093071801
2348094189430
2348091848449
2348094464923
2348092837249
2348097598382
2348094484269
2348097529449
2348095054549
2348098773443
2348096125635
2348099919327
2348098514009
2348095848745
2348097666690
2348097516999
2348097774542
2348095060353
2348093870242
2348094403325
2348097093582
2348098015245
2348093579807
2348091745337
2348096227910
2348090779247
2348095162482
2348095224182
2348098023190
2348090058592
2348092701812
2348092232732
2348095161831
2348095715366
2348097560427
2348092499363
2348096526298
2348099008585
2348098672417
2348096296840
2348099975501
2348093323730
2348097308111
2348090307886
2348091909028
2348096206636
2348092315354
2348099795653
2348090955305
2348093419096
2348099823457
2348096799275
2348099368593
2348094057513
2348091720553
2348098591539
2348096219917
2348095415913
2348095028985
2348099820840
2348095117184
2348096624853
2348090796309
2348092494933
2348090326326
2348096627832
2348094140070
2348092234143
2348097115530
2348091239611
2348090904650
2348090078341
2348091789364
2348090198129
2348090094190
2348098095873
2348094871310
2348097355434
2348092169283
2348090556166
2348093870893
2348094973173
2348093387335
2348094251824
2348099754631
2348096098250
2348094489335
2348099335576
2348097593023
2348094467980
2348096971441
2348090742551
2348091910078
2348099717991
2348095103412
2348090200300
2348091599145
2348094417384
2348090490893
2348091071595
2348090756668
2348090249572
2348096512121
2348091264945
2348096848182
2348098308157
2348090466518
2348091491909
2348092116382
2348098858568
2348096732938
2348094809837
2348098321310
2348097466866
2348098027462
2348093484791
2348096491421
2348097543864
2348096588166
2348095357724
2348094558604
2348091474128
2348096497600
2348097050067
2348091398119
2348090069507
2348091849730
2348097753108
2348099518746
2348099622859
2348090880901
2348092574610
2348097429991
2348093427727
2348097328984
2348099887174
2348092456291
2348094398190
2348095764040
2348095503517
2348098306621
2348097320439
2348098766976
2348091951491
2348097913325
2348096832461
2348090907048
2348095444725
2348097109701
2348096484413
2348097336904
2348093002281
2348098107826
2348099984922
2348099118442
2348095473561
2348091665590
2348090394482
2348094935314
2348096234641
2348093415676
2348095573144
2348094559860
2348092939003
2348096846992
2348097738611
2348098440827
2348095370540
2348099765286
2348090938126
2348090615718
2348090439277
2348095900404
2348090639452
2348094230631
2348091662041
2348099239510
2348097002651
2348093759499
2348099351036
2348096027830
2348095537352
2348091133115
2348092000715
2348097070162
2348091764460
2348090480988
2348090232105
2348099059854
2348090370865
2348099626944
2348096039689
2348095150593
2348093385581
2348096391273
2348092029649
2348094249032
2348097296165
2348093061049
2348091307525
2348098636318
2348090431108
2348097978353
2348096548689
2348090518799
2348092799211
2348099479378
2348095984511
2348098584014
2348091989071
2348090776938
2348093607769
2348093712085
2348097636853
2348093629404
2348096348924
2348094318078
2348094514007
2348097469566
2348099968686
2348091667390
2348091157410
2348092429251
2348097459081
2348095169713
2348092682325
2348097984525
2348093018421
2348091880651
2348091063402
2348095861090
2348090756716
2348094676806
2348098669332
2348091351906
2348098034415
2348095092984
2348099175914
2348091897587
2348092251690
2348091734458
2348096662202
2348095882559
2348097004901
2348092736452
2348093788894
2348093448867
2348090238621
2348098757087
2348096874812
2348094563031
2348095211532
2348095026286
2348092104341
2348099338142
2348090346940
2348093390069
2348097459321
2348091186388
2348091369011
2348093035386
2348090841105
2348093639751
2348098678489
2348097788027
2348092405782
2348099860359
2348098983887
2348091577263
2348096147094
2348097193978
2348094678486
2348099011996
2348096324197
2348093597111
2348094118855
2348097210525
2348099653324
2348097254452
2348096681853
2348098998941
2348095399512
2348091013811
2348094901862
2348095008174
2348090338953
2348099728719
2348097372866
2348091945788
2348090974694
2348092234616
2348090956398
2348098045128
2348094037817
2348099926010
2348093846780
2348095369551
2348097145959
2348097848006
2348095773021
2348093264111
2348095097883
2348090279415
2348098107049
2348090045737
2348092536579
2348091293340
2348095199610
2348090889036
2348095298291
2348091946905
2348098852081
2348096402599
2348091557217
2348092950352
2348097933275
2348096966037
2348099880267
2348097213520
2348093654575
2348096448570
2348093568636
2348096603980
2348093767931
2348091152897
2348097704941
2348090596228
2348099898586
2348090336561
2348093898832
2348091898523
2348096037043
2348092373786
2348099717604
2348093592098
2348091041197
2348092612106
2348094757611
2348091365762
2348098684506
2348092798853
2348095645671
2348097271172
2348090667509
2348090614929
2348093990404
2348091083635
2348098126405
2348093344404
2348095432065
2348092973063
2348090462902
2348094629866
2348094609551
2348098764896
2348094067695
2348096696859
2348094831518
2348099416908
2348096306579
2348098620133
2348097892365
2348093927222
2348095154657
2348094964158
2348097055245
2348095606117
2348092835183
2348097695286
2348090400315
2348090259321
2348095051311
2348098115376
2348091169240
2348093568259
2348094491376
2348092127822
2348091261518
2348096827884
2348090881058
2348091748359
2348097834248
2348096872450
2348092368772
2348091831590
2348090520033
2348091772635
2348090983625
2348097073349
2348096672271
2348095406689
2348098453382
2348096648346
2348094938191
2348095975597
2348097971452
2348094999434
2348092954087
2348097485813
2348092727351
2348093157504
2348095340046
2348092635460
2348096078480
2348095033923
2348093008588
2348094590380
2348097919508
2348092761299
2348096608188
2348094370705
2348097486188
2348095629989
2348097625529
2348092037584
2348098848042
2348099909163
2348095957263
2348098241711
2348093895179
2348092006309
2348096318605
2348092844253
2348090225551
2348090676290
2348095241205
2348091534521
2348094618474
2348090195939
2348095054870
2348096128644
2348094515692
2348092330588
2348095539834
2348097129630
2348094088986
2348099166111
2348090363981
2348097629711
2348097764865
2348092904524
2348097649635
2348096040612
2348090786545
2348095858927
2348091418421
2348097655629
2348096992550
2348093276651
2348098767474
2348098934123
2348094469162
2348091668266
2348091680115
2348090909495
2348096906338
2348094440319
2348090807574
2348091994664
2348099233917
2348090802585
2348097691916
2348095318795
2348095341346
2348098213981
2348099797730
2348091954736
2348096161250
2348099958277
2348096892227
2348099363873
2348090508872
2348098606180
2348098792737
2348093327867
2348092805071
2348096988509
2348094638864
2348093969789
2348098746529
2348093224107
2348092571599
2348097896867
2348095829329
2348099338836
2348095726916
2348090337977
2348091205647
2348099147055
2348091534872
2348092594484
2348096034319
2348099752348
2348090572000
2348093958387
2348094061841
2348093104704
2348091067931
2348095359730
2348097381615
2348093041424
2348091006145
2348090816148
2348090414516
2348091879811
2348095469474
2348097234486
2348093081320
2348091721683
2348094524568
2348090051836
2348091949682
2348090031002
2348097301490
2348093562442
2348091626879
2348095321415
2348097884598
2348092783672
2348092455429
2348090116372
2348097437236
2348092726997
2348094005094
2348090881801
2348095777854
2348099520052
2348091938621
2348099627768
2348094686018
2348091800510
2348095963029
2348093338345
2348096350313
2348095799713
2348098947597
2348099124674
2348090927921
2348095829474
2348099303742
2348093380051
2348092810520
2348099239856
2348092927840
2348097737723
2348092296433
2348099392022
2348095654065
2348098577771
2348092080310
2348094200115
2348092950401
2348092089769
2348095208713
2348096511327
2348096390288
2348093472847
2348099018038
2348095552546
2348092126525
2348092938384
2348090237840
2348096742213
2348099111837
2348098091165
2348097173661
2348099654455
2348095801716
2348090679934
2348096331970
2348095592704
2348093768391
2348097902367
2348090014397
2348098245703
2348093145291
2348094775155
2348095929660
2348091437995
2348098176725
2348092502024
2348093399449
2348092752572
2348096403683
2348092081614
2348093914045
2348098259272
2348097605630
2348092034774
2348099012953
2348090639870
2348092638048
2348092617253
2348099021967
2348090985342
2348095620036
2348093836315
2348096558955
2348095252559
2348091105618
2348095748232
2348098708729
2348091705966
2348093482200
2348098784837
2348094036775
2348097837184
2348095504768
2348097462772
2348093824671
2348094244830
2348090642823
2348090802227
2348098450473
2348092083046
2348095780446
2348092751939
2348091381707
2348095148504
2348091814730
2348096473020
2348097263209
2348096014806
2348099734473
2348099919869
2348099645035
2348093346232
2348099309815
2348097620956
2348097425527
2348095099507
2348094303086
2348097994680
2348093434769
2348093015884
2348094563825
2348092916807
2348091838692
2348094724027
2348097724446
2348091158441
2348094073441
2348091161481
2348092770555
2348099762665
2348091898726
2348092572676
2348091554993
2348092256212
2348094047222
2348099200164
2348090132886
2348092201551
2348090009384
2348099986891
2348091949959
2348095742014
2348097223850
2348092421189
2348099409794
2348091412164
2348093155014
2348098838987
2348095596337
2348092072166
2348093793565
2348097712914
2348099958497
2348099332224
2348099854400
2348091899141
2348091872706
2348097018174
2348096473435
2348092967612
2348093773033
2348098490308
2348092361483
2348091360090
2348096839725
2348094118514
2348092403182
2348097937351
2348093370233
2348091574683
2348091351629
2348099348540
2348098232584
2348092031131
2348093581334
2348096599875
2348091187218
2348090581299
2348094891254
2348096730594
2348097958027
2348095028053
2348097560903
2348098037303
2348091492357
2348093994352
2348098534445
2348098620519
2348097049914
2348094257162
2348090997108
2348099455549
2348094372999
2348094084546
2348094906837
2348092018380
2348097525090
2348090753942
2348096810418
2348090312715
2348094732222
2348098328096
2348098431988
2348099525960
2348099190925
2348098124522
2348098243286
2348095639214
2348099135932
2348094929058
2348090991803
2348092707444
2348097326948
2348098804625
2348090288416
2348094892920
2348097670153
2348092458868
2348092867608
2348096029599
2348099506086
2348093252343
2348099418283
2348092801202
2348091142528
2348090272284
2348097539521
2348099114837
2348091824331
2348090382500
2348092980855
2348095449089
2348097731563
2348091985886
2348095567873
2348091843089
2348098315347
2348092729227
2348091346337
2348097144229
2348090759502
2348093906333
2348098905640
2348098723650
2348096416724
2348099816953
2348097849763
2348093729794
2348091017376
2348092901517
2348098799576
2348093614201
2348093566176
2348095563509
2348096062891
2348094130958
2348094106941
2348095976639
2348098262182
2348098691959
2348099417795
2348098922119
2348094978081
2348090342169
2348093205345
2348092787305
2348093564330
2348096222263
2348090356464
2348093541220
2348090036262
2348098180494
2348099633423
2348091086897
2348096999641
2348094929603
2348091927229
2348090205297
2348099639799
2348097478413
2348099106928
2348092221219
2348092172926
2348090220216
2348090212332
2348091283980
2348098933908
2348092552736
2348098312026
2348098559493
2348099742824
2348092199982
2348095203593
2348096673044
2348095159912
2348095524273
2348099732128
2348092972724
2348093468553
2348090143905
2348097215775
2348092387625
2348092942985
2348091172435
2348092403395
2348093932245
2348094529418
2348095308978
2348094983195
2348094218807
2348094617277
2348092319644
2348099102118
2348099882637
2348095928689
2348099209131
2348091924890
2348092870547
2348093920583
2348092695713
2348092896652
2348093516145
2348098248435
2348096803447
2348091450208
2348095388538
2348090868427
2348090736738
2348096691227
2348095308119
2348098364215
2348097906045
2348098801178
2348094120089
2348091195858
2348096936433
2348091446755
2348096618055
2348094559886
2348095814605
2348091138315
2348097297951
2348094615501
2348097958110
2348098510957
2348095154667
2348095828889
2348099862369
2348095910575
2348099968501
2348090168648
2348095876803
2348095662452
2348095358604
2348096987836
2348092632174
2348094185249
2348095380560
2348092151069
2348099478071
2348090216996
2348090571238
2348097288041
2348094363920
2348099878545
2348091404579
2348091476900
2348091081683
2348093366000
2348097992638
2348096546135
2348095536052
2348096242244
2348099593727
2348099449246
2348095992099
2348092698922
2348098074226
2348091193797
2348090274095
2348099092745
2348091911933
2348091219668
2348099818449
2348093787707
2348091213521
2348096751609
2348098658016
2348099034723
2348090518198
2348094869279
2348091846224
2348091059183
2348093117823
2348092006827
2348092225504
2348099037393
2348093516414
2348098436314
2348098418524
2348097810435
2348092471193
2348091824036
2348094399219
2348099660673
2348096050824
2348094055530
2348090200040
2348093887400
2348096593751
2348099685414
2348090533914
2348094761672
2348093127001
2348098118280
2348093242723
2348096144337
2348096901931
2348094409466
2348094914085
2348098737935
2348094460992
2348090593714
2348092269666
2348091946404
2348096619577
2348091618845
2348095809780
2348097782816
2348097862140
2348096430642
2348093621553
2348099658610
2348097850175
2348096296170
2348099256400
2348094870024
2348096316939
2348097758176
2348094561972
2348095998545
2348096256850
2348094428303
2348094392734
2348098032400
2348097368130
2348094268300
2348099767850
2348090044841
2348093621196
2348095722044
2348094327157
2348093161806
2348095596130
2348094739469
2348091188595
2348094901905
2348095750523
2348094068427
2348095170131
2348092455498
2348098177996
2348092571906
2348099664850
2348092622009
2348091942684
2348096279714
2348098550545
2348090893001
2348095975994
2348090795598
2348093275265
2348091648332
2348097888369
2348094811342
2348097723722
2348090871234
2348097784907
2348095608452
2348099605705
2348094988345
2348092131592
2348090749306
2348098904201
2348098607006
2348095988369
2348099429604
2348095645461
2348099775291
2348098059978
2348098296308
2348098404361
2348097751143
2348092568205
2348090117349
2348095349423
2348099621591
2348090967748
2348095907441
2348098335359
2348095798504
2348092316888
2348091523672
2348095936855
2348091879160
2348095525083
2348095264377
2348097074631
2348090334060
2348090917130
2348090825572
2348097025647
2348091174812
2348099711324
2348094920177
2348097721784
2348090672794
2348098532943
2348099415737
2348092349529
2348091233231
2348092347966
2348091406056
2348092549058
2348098451373
2348093476820
2348092178586
2348097749629
2348098387864
2348095166278
2348091646827
2348092833730
2348090321008
2348095607171
2348094778189
2348091843000
2348092920684
2348096594725
2348097318158
2348099303207
2348097468979
2348095643961
2348099447867
2348092585409
2348096524121
2348097410717
2348090255793
2348098121685
2348090963774
2348097591363
2348091365746
2348097230283
2348096456343
2348099048657
2348096473967
2348095705822
2348093632361
2348097646723
2348092633232
2348091262996
2348099657193
2348093486395
2348097841030
2348096732052
2348098613399
2348099864205
2348096763048
2348096422758
2348090904721
2348096405894
2348091791290
2348091979448
2348095697535
2348094897341
2348093848520
2348095520589
2348095499483
2348095744028
2348097955260
2348098818055
2348091255726
2348096957978
2348093793090
2348098768272
2348090915865
2348095639980
2348096531898
2348093497341
2348094468519
2348097772136
2348091679744
2348092396573
2348096399996
2348096560545
2348092604210
2348098574040
2348092493354
2348096824453
2348093144099
2348092818472
2348097330598
2348095993382
2348099388007
2348092139991
2348094530695
2348095440480
2348098291061
2348090521723
2348092113508
2348093917469
2348091139575
2348095121293
2348095206454
2348090046480
2348096892790
2348093007776
2348090599158
2348093849176
2348096970315
2348097264892
2348098057429
2348099586735
2348096372895
2348099873290
2348095234079
2348090717150
2348099381485
2348097266115
2348091576226
2348094449044
2348090745009
2348093592887
2348099689351
2348095594626
2348094038004
2348090481034
2348096024070
2348095947300
2348098868938
2348099221886
2348096015590
2348099733223
2348099259419
2348095923923
2348095743715
2348091640967
2348096131081
2348094662504
2348098896610
2348093090273
2348094054364
2348096853208
2348090829449
2348097404834
2348098304146
2348099862944
2348091252229
2348096932618
2348096173237
2348093636870
2348093463119
2348097524475
2348098576775
2348092487064
2348092524147
2348099798006
2348094180072
2348098852952
2348098204558
2348095810659
2348093714977
2348095291984
2348091637557
2348090459696
2348097432573
2348097704262
2348093234731
2348098919054
2348099633003
2348091166288
2348094253940
2348096175930
2348093188191
2348094503074
2348095815222
2348095698346
2348099068090
2348093206299
2348094886396
2348092484812
2348093546469
2348092999424
2348097379188
2348099331475
2348093104672
2348094372915
2348092346733
2348093683746
2348090013851
2348093821597
2348092009249
2348090477302
2348090064537
2348090272685
2348094530410
2348094071932
2348093742064
2348090038158
2348095946295
2348092883377
2348097637858
2348098646792
2348091437780
2348093106409
2348097129505
2348094001661
2348098770347
2348092055809
2348097381749
2348097881576
2348096676028
2348091938460
2348099600626
2348092690887
2348091414987
2348096473411
2348092237051
2348090092659
2348098798052
2348096237087
2348095050027
2348098704197
2348091293675
2348099814712
2348097984471
2348093003493
2348095459911
2348094463703
2348092878839
2348091575458
2348097633832
2348090782673
2348093460211
2348094528585
2348093799360
2348091822573
2348098894933
2348090599552
2348099858783
2348091839698
2348093430241
2348098598166
2348098909197
2348096271046
2348097285954
2348096765523
2348097926461
2348095394763
2348099902552
2348099590247
2348098273559
2348098443053
2348093595740
2348096638274
2348094803512
2348090129143
2348093810867
2348095126332
2348093799607
2348093523021
2348095208555
2348099528014
2348093580665
2348090075337
2348096151643
2348096877233
2348099552096
2348095582778
2348099399956
2348094518135
2348097425736
2348091913993
2348097772387
2348091073905
2348095825042
2348091360937
2348094526628
2348095502010
2348097595198
2348092674669
2348097803610
2348091302976
2348093450394
2348095853813
2348098619230
2348096496600
2348098587979
2348098165515
2348093172092
2348099772421
2348098509767
2348090457921
2348094999748
2348096438525
2348093379789
2348091583266
2348096402536
2348093806650
2348093284710
2348094207918
2348097057100
2348094899092
2348092582630
2348098388059
2348098374706
2348092776504
2348091192804
2348090856012
2348099323003
2348096246658
2348097230046
2348093676232
2348094121289
2348098179824
2348095584788
2348098644658
2348098528497
2348095905447
2348098659423
2348092440350
2348092372021
2348090580585
2348090604426
2348096673749
2348098083776
2348091879497
2348094048321
2348098111664
2348096787735
2348095102971
2348095999612
2348093499784
2348097160151
2348098561118
2348095739883
2348096783043
2348097171866
2348099184280
2348091806142
2348094789381
2348094864650
2348094733338
2348093852395
2348092591159
2348096983210
2348091028894
2348092208807
2348097309880
2348096949730
2348095037450
2348094072243
2348094496829
2348091344829
2348098905343
2348097610418
2348097171332
2348092520388
2348097562654
2348090310181
2348092108103
2348094559898
2348092292260
2348095637279
2348093461089
2348091541714
2348091448558
2348092171789
2348097843529
2348099431091
2348096994154
2348094305476
2348098553612
2348093883761
2348095960994
2348096033085
2348097963188
2348094649830
2348091692257
2348092353841
2348094355995
2348096899295
2348090716017
2348097000061
2348099734988
2348094314580
2348093607884
2348093032405
2348090361429
2348098993213
2348091440566
2348091197337
2348091998346
2348097456789
2348095640039
2348092853562
2348095067822
2348092254535
2348099311130
2348096291831
2348092408385
2348091359765
2348093006079
2348090324414
2348095818992
2348094373960
2348094993252
2348094231553
2348093096670
2348092928522
2348090033636
2348099786113
2348097934169
2348095374656
2348090455563
2348090642450
2348099253792
2348093759995
2348099891700
2348092136975
2348093007034
2348094129007
2348091789410
2348098552212
2348095531018
2348099034503
2348097359845
2348099706845
2348092934784
2348095648186
2348091947614
2348097238719
2348093046043
2348090589335
2348098957343
2348090762903
2348090552531
2348096446357
2348097673952
2348091164308
2348092030156
2348096981846
2348092837455
2348090019758
2348090233777
2348092251401
2348092179083
2348094722747
2348099609282
2348096317246
2348096561000
2348098515894
2348094629461
2348094465844
2348090882015
2348098462760
2348090541282
2348096795326
2348098201452
2348096967345
2348095621923
2348093224491
2348095134432
2348099928378
2348098474242
2348092074231
2348096541716
2348092586143
2348099499120
2348093682747
2348092861889
2348092967295
2348090048846
2348091184871
2348097068831
2348095231071
2348092970439
2348098397690
2348098731424
2348098392802
2348094442750
2348093963144
2348099024139
2348093803168
2348093381125
2348092081998
2348097353739
2348094613461
2348095758907
2348093025507
2348094710416
2348099421782
2348093035994
2348098729137
2348095153040
2348092617811
2348093943186
2348095771757
2348096950490
2348096653158
2348097082683
2348090886532
2348098224016
2348094645246
2348091649502
2348090016966
2348090768606
2348098324136
2348094747689
2348090694266
2348093731344
2348091329458
2348090511354
2348090265370
2348095909966
2348097498023
2348098510649
2348095431653
2348092641150
2348090381586
2348097491996
2348090334606
2348090316935
2348094254741
2348094374649
2348091252707
2348096365365
2348096492574
2348091976010
2348095044966
2348095373275
2348090741817
2348094954408
2348097047508
2348098500912
2348099111233
2348094067309
2348092009620
2348094886101
2348091512005
2348097451938
2348094586571
2348097411453
2348090172895
2348090046189
2348091920152
2348095160215
2348096035084
2348090909557
2348091188057
2348094536986
2348092789339
2348095731045
2348092713395
2348094591785
2348095275865
2348098712801
2348095749664
2348093648653
2348092589261
2348091219126
2348095221969
2348090490368
2348091054012
2348097132377
2348090219419
2348090742708
2348096422004
2348094178641
2348093050548
2348091641419
2348096265230
2348099061902
2348097681886
2348099101041
2348093202426
2348098724419
2348099602729
2348091294926
2348096189399
2348094432964
2348094505182
2348096929195
2348096705334
2348096709199
2348096974298
2348099313581
2348092943227
2348093274513
2348092838370
2348091884269
2348094368359
2348092502352
2348095302663
2348093171342
2348096315918
2348092699203
2348092604151
2348098624009
2348099964340
2348099286613
2348092079703
2348093514771
2348098401478
2348090145569
2348098570597
2348091842360
2348096010734
2348099674721
2348097116874
2348096019742
2348096495805
2348090913906
2348093604046
2348094876264
2348092396907
2348090546534
2348090944573
2348091110349
2348094182308
2348098014935
2348091961782
2348090577333
2348093259394
2348095790381
2348098369069
2348097067545
2348090364962
2348092378517
2348092758795
2348097728162
2348096897192
2348099648307
2348092908661
2348090831427
2348095166355
2348093491595
2348098270079
2348090174723
2348091684294
2348096042564
2348097277357
2348099975620
2348094692186
2348094756575
2348097250328
2348095173613
2348097079137
2348096533189
2348091557480
2348090819302
2348094379427
2348097190836
2348093565607
2348090238689
2348090703984
2348099442842
2348097373168
2348098655403
2348093528225
2348096686962
2348091608538
2348093293125
2348096809279
2348095416271
2348094328626
2348092050148
2348095088489
2348095816387
2348097000353
2348093792832
2348099612083
2348098387793
2348098060274
2348091261525
2348098704915
2348096440973
2348090942840
2348098635462
2348097628981
2348095172965
2348090779256
2348097153168
2348096675110
2348097851147
2348093239983
2348091038832
2348098835396
2348099447440
2348094029431
2348097174819
2348090020416
2348091571578
2348098885840
2348094218360
2348094826246
2348094006068
2348092123437
2348094826003
2348096340197
2348096549328
2348090167584
2348099424514
2348092654490
2348096370857
2348090679233
2348093680198
2348094104064
2348097750340
2348097424704
2348090786782
2348091050501
2348097433542
2348091844463
2348093394013
2348091529928
2348091934030
2348091383827
2348099702172
2348098101380
2348091511218
2348091682039
2348090150833
2348098221954
2348098821348
2348092969107
2348097581852
2348092300251
2348093979509
2348091262154
2348093856501
2348098799311
2348090360707
2348098952133
2348090324926
2348099495349
2348094871344
2348095595599
2348097667498
2348094751672
2348095221579
2348097553508
2348098516942
2348094454052
2348099467138
2348094101924
2348091879873
2348094981443
2348092803912
2348097414708
2348096131068
2348095816575
2348095281520
2348091916003
2348094170650
2348091269333
2348097719515
2348099094014
2348096186262
2348093000573
2348094777152
2348096152433
2348097318323
2348097379138
2348092494795
2348093498814
2348091018502
2348095271999
2348091589743
2348096381079
2348099477731
2348099020816
2348095719563
2348094604615
2348097041157
2348090850650
2348094124810
2348093103529
2348096089242
2348091695073
2348092830718
2348092851549
2348095189773
2348095232496
2348099153997
2348096587123
2348098069381
2348098811261
2348093682585
2348095795350
2348093168527
2348091095808
2348097399983
2348099546809
2348090943678
2348094489876
2348094153567
2348099315245
2348092382267
2348090699829
2348099265344
2348090125765
2348095091210
2348091611240
2348098875443
2348091300235
2348090128465
2348090560816
2348098109874
2348092778122
2348093985948
2348093375649
2348090253949
2348095651969
2348093725233
2348095387210
2348094676235
2348098372761
2348092077610
2348092217631
2348099789200
2348099207451
2348099850673
2348095374050
2348099862620
2348092996879
2348090056055
2348095202499
2348094522739
2348098554979
2348099756994
2348090084793
2348092939631
2348094922273
2348096776056
2348093556229
2348097756169
2348092464277
2348096652250
2348090849850
2348096727865
2348097890267
2348096048994
2348092507307
2348099298792
2348097591422
2348090803723
2348094765545
2348091897926
2348096984060
2348095432032
2348091491508
2348091516333
2348099716297
2348096310415
2348096598243
2348093860062
2348099827694
2348098367725
2348092065790
2348094392216
2348090927609
2348097250440
2348093164389
2348094035454
2348095115885
2348095189884
2348090522790
2348096993767
2348092573180
2348093870272
2348092456535
2348096097111
2348093740295
2348093874269
2348092258857
2348096727463
2348099319565
2348098018949
2348099278095
2348094444875
2348094670769
2348097241454
2348090388916
2348091420296
2348096773069
2348094533495
2348096659842
2348097373031
2348092900226
2348095884201
2348097353337
2348094933532
2348096272280
2348098899375
2348091260830
2348099211667
2348090063245
2348096602150
2348093548008
2348095985408
2348092590203
2348092992098
2348090403917
2348090295192
2348090276338
2348094707397
2348092553078
2348092269321
2348090303453
2348093548812
2348098147181
2348093605760
2348097469815
2348093657314
2348095898097
2348098707238
2348090332751
2348091455173
2348091773923
2348094546480
2348098686925
2348097586558
2348096808392
2348096179497
2348090623816
2348099293905
2348096531977
2348092968578
2348093208665
2348094700248
2348094763407
2348098012001
2348094911318
2348092168045
2348098040341
2348093752037
2348099558689
2348098309148
2348098866111
2348090230970
2348093804680
2348091638829
2348094137517
2348097559926
2348099874134
2348092309654
2348098661478
2348099675414
2348091824243
2348094651359
2348090681848
2348095718831
2348096531782
2348094044981
2348091372819
2348094577401
2348091658759
2348096475820
2348095279697
2348094346270
2348093048594
2348094114563
2348093102868
2348094340773
2348095657765
2348094114066
2348099772923
2348096970298
2348094242957
2348095813214
2348091794464
2348099351270
2348092428206
2348092583980
2348090722194
2348090220415
2348092726880
2348099270484
2348094915701
2348097856239
2348095123613
2348098856808
2348095752511
2348097184823
2348091653185
2348099290347
2348094537246
2348091706194
2348090120721
2348094192792
2348094159287
2348096898215
2348095731221
2348092978400
2348094168062
2348091007853
2348099753739
2348094030273
2348094865328
2348099198420
2348094887877
2348094821796
2348096077329
2348095454417
2348091759040
2348099291646
2348096067307
2348090175466
2348093952709
2348095206729
2348090958489
2348096658078
2348098904796
2348095613804
2348090114549
2348099764500
2348097400997
2348097633949
2348094974105
2348097638500
2348098315938
2348094679861
2348098895477
2348093164159
2348093389239
2348098754732
2348094598710
2348096484358
2348091912143
2348094115757
2348096104082
2348091998814
2348092680978
2348092869996
2348094525845
2348094123453
2348092234411
2348095665827
2348093364499
2348097543093
2348093619815
2348094420519
2348098104754
2348093204781
2348093965639
2348099904213
2348093684470
2348097243705
2348090378504
2348097684368
2348091966340
2348094909504
2348097179920
2348090008452
2348091454051
2348092927818
2348097398630
2348096837368
2348095035497
2348092031369
2348090577564
2348097987507
2348096859821
2348099388360
2348098804601
2348091236490
2348090569653
2348096125998
2348097180620
2348090090558
2348093989898
2348092901479
2348098533609
2348095604444
2348097512845
2348095802238
2348093344524
2348090440892
2348095182306
2348095955610
2348092348812
2348091670430
2348091528324
2348098418439
2348093842335
2348093105803
2348093576177
2348091594029
2348092009387
2348097002848
2348098036963
2348096901431
2348090287292
2348097249775
2348092252748
2348096794992
2348095332103
2348093054162
2348094695922
2348090199975
2348093702217
2348099747506
2348097234818
2348092413381
2348092967092
2348097466873
2348098503997
2348099603686
2348090704036
2348096258162
2348096873778
2348090095317
2348093318165
2348095685729
2348091959774
2348098541015
2348096496666
2348093057064
2348091770855
2348093959466
2348094541821
2348094289747
2348098093078
2348098003883
2348098907469
2348095331023
2348097030243
2348093104995
2348091618832
2348091976466
2348099842108
2348097378981
2348093035301
2348096488953
2348095303505
2348099701931
2348097271821
2348093745349
2348099041693
2348097532231
2348095784667
2348092259611
2348092736194
2348095008567
2348098093408
2348092395227
2348091882356
2348091080039
2348099931565
2348094005380
2348091411288
2348096690070
2348090803724
2348092219494
2348096115391
2348092325779
2348091237894
2348095248091
2348093873907
2348094712611
2348092954310
2348090823504
2348090676848
2348097243193
2348090881968
2348096138301
2348095645151
2348093379639
2348090999421
2348091496874
2348091879940
2348092392192
2348096152712
2348091546286
2348093461793
2348090243390
2348091322512
2348091645884
2348098949535
2348091323160
2348093534424
2348095743453
2348094379443
2348096769716
2348093894026
2348099505498
2348097475347
2348095867715
2348099237346
2348098017355
2348098705429
2348095503877
2348094684529
2348091888875
2348096794766
2348092273415
2348099245679
2348094969540
2348099610558
2348094202372
2348094098397
2348090933479
2348095319303
2348091149573
2348099250473
2348097747244
2348096275947
2348099760026
2348098035736
2348097287957
2348092909929
2348095709492
2348098365096
2348095145017
2348099259402
2348092122299
2348096868858
2348093600940
2348097607826
2348090372441
2348097852750
2348093465917
2348098382183
2348094594113
2348097278044
2348099631842
2348091250808
2348094849313
2348094872849
2348090279911
2348092422818
2348091129277
2348092731174
2348096571566
2348099601797
2348090690141
2348093464612
2348098492806
2348091558481
2348095316102
2348094138726
2348092420928
2348093150967
2348096662060
2348097448342
2348096338149
2348098728714
2348094091200
2348098548317
2348092127945
2348090164514
2348092432915
2348095262243
2348091599101
2348099232340
2348095081445
2348099512618
2348095211886
2348099595275
2348098390093
2348096747658
2348097360379
2348092344519
2348098323631
2348094867036
2348096622012
2348095261834
2348098070977
2348092133459
2348096320559
2348098622293
2348095612262
2348099870001
2348092534108
2348099653050
2348093565062
2348094508171
2348091573681
2348098604645
2348096141603
2348091326446
2348099523511
2348092038971
2348095073732
2348094978171
2348098451245
2348090465497
2348090449466
2348097775031
2348090660704
2348098064148
2348099298271
2348097100969
2348095465497
2348091751207
2348094569692
2348099586914
2348099778094
2348090492410
2348094168638
2348094229792
2348097535705
2348098914152
2348091131832
2348096858414
2348095384559
2348091322929
2348090927460
2348093715959
2348099825236
2348097717099
2348098032044
2348098577828
2348094179412
2348096101128
2348091483636
2348099884275
2348092154079
2348097876922
2348093112541
2348097749452
2348098925096
2348091865251
2348093122660
2348097508731
2348095510657
2348094522488
2348094635798
2348093384604
2348099954742
2348092821285
2348095423931
2348097261020
2348093501310
2348090293459
2348098111811
2348092156701
2348092320529
2348098380139
2348096907448
2348098446725
2348091349004
2348097645041
2348094511137
2348099788625
2348095201367
2348095686943
2348092425805
2348090300430
2348097670507
2348093206024
2348091296311
2348091663661
2348097885173
2348096948170
2348093035646
2348091335476
2348099744215
2348099121198
2348097152165
2348098391654
2348092234279
2348092726983
2348097909774
2348090481947
2348097539559
2348091147483
2348091030802
2348094123721
2348095318037
2348097434233
2348097209691
2348091073187
2348093685323
2348096779137
2348096493789
2348092710204
2348096331075
2348094934261
2348093154727
2348099570934
2348098663462
2348099824919
2348097006112
2348099287589
2348092077516
2348090341852
2348099397685
2348096873278
2348092076562
2348097029222
2348095558915
2348092166634
2348091257638
2348092785424
2348096661714
2348094505447
2348092563538
2348096450477
2348098104601
2348097590487
2348094951617
2348099840966
2348097098131
2348099655193
2348092401161
2348099466136
2348099642384
2348099603983
2348095626090
2348092929728
2348094237649
2348094178930
2348099121591
2348098737369
2348098680860
2348097419734
2348093377857
2348093202166
2348092572515
2348094124067
2348093740041
2348094684776
2348099542048
2348092454980
2348097793131
2348093499504
2348090568453
2348099720060
2348098569629
2348098422537
2348092084389
2348092375662
2348093008560
2348096099987
2348094154599
2348097252769
2348097033716
2348095580010
2348093136214
2348097172940
2348093262450
2348094434158
2348093336950
2348098543753
2348096325455
2348099265090
2348093855577
2348090316843
2348097061319
2348090926018
2348093164035
2348098990598
2348091258172
2348099594899
2348095954389
2348091665662
2348099119422
2348098662138
2348093726387
2348094587435
2348095049824
2348093123565
2348098319042
2348090098949
2348097903432
2348094685017
2348098626670
2348093893119
2348098997728
2348096341473
2348091216551
2348093809244
2348097029550
2348098594898
2348099145402
2348099114541
2348096807560
2348094785040
2348099650937
2348099159142
2348097427521
2348091193068
2348094198567
2348093664341
2348091990240
2348095818032
2348098158846
2348092076787
2348099374476
2348091191468
2348090456448
2348096582464
2348095370493
2348091444905
2348097091334
2348095127431
2348098965018
2348099548942
2348090887455
2348091589310
2348098874736
2348096985144
2348097475465
2348097604219
2348099312027
2348097284392
2348098478689
2348096957164
2348090153328
2348094681078
2348095767674
2348097750420
2348093423870
2348095601656
2348099265984
2348097719456
2348091121556
2348099610324
2348099010636
2348095772995
2348092130368
2348092232457
2348096337851
2348090165384
2348097431334
2348094378672
2348097870344
2348092601249
2348090610515
2348096703516
2348097189952
2348093115054
2348097749118
2348093818723
2348096548965
2348096203092
2348092464266
2348095445281
2348094145252
2348097705154
2348096933836
2348091200318
2348091377932
2348097200967
2348090503974
2348097113586
2348099970754
2348093432537
2348094431711
2348091466410
2348094686979
2348092973374
2348096512645
2348094756213
2348096378668
2348090568988
2348090817220
2348093294124
2348092265810
2348095230945
2348094177052
2348099295731
2348096726023
2348098197481
2348096553307
2348090414904
2348099309802
2348092996136
2348090829888
2348092648720
2348093732048
2348098961315
2348095618134
2348093870969
2348097407622
2348092786405
2348099563545
2348091546069
2348097262464
2348092717810
2348090367843
2348099591554
2348096813940
2348099701279
2348097805597
2348096228830
2348095850956
2348095629633
2348092615439
2348092433038
2348097271896
2348092701423
2348098676762
2348090509697
2348094523720
2348099588676
2348094372983
2348095479272
2348092179324
2348091555326
2348098811521
2348094021741
2348090197046
2348097161155
2348090731478
2348094096720
2348096418432
2348098538456
2348091835033
2348092124161
2348090348532
2348091283097
2348092771037
2348092541986
2348098366509
2348097372532
2348097565464
2348090161224
2348090877009
2348098938149
2348093070885
2348096564460
2348093620167
2348093677150
2348094362227
2348096444134
2348093890291
2348099991285
2348099025690
2348093545666
2348098457785
2348099391001
2348095016882
2348095332873
2348095521469
2348091244731
2348090415582
2348092137748
2348092929788
2348091663685
2348097668554
2348095367515
2348093155554
2348098888247
2348093752272
2348092305204
2348099039934
2348092124755
2348090303586
2348094757986
2348099255760
2348090216415
2348090560763
2348093926668
2348098030788
2348098908589
2348093719946
2348093892277
2348096163082
2348091706722
2348093784433
2348098536873
2348092694165
2348093130527
2348092177745
2348092102895
2348098191924
2348098745707
2348090237472
2348095080841
2348092825091
2348098626319
2348096221303
2348098165248
2348095840853
2348093251733
2348090710453
2348095998808
2348097802411
2348093542900
2348097620017
2348095431644
2348092387091
2348099841148
2348099536556
2348094749759
2348093704655
2348091797744
2348095192893
2348099825841
2348092826879
2348095441396
2348091452066
2348098512250
2348091561808
2348098661960
2348091807209
2348090354793
2348092347999
2348090656992
2348091423388
2348098157071
2348090969482
2348091327214
2348096227908
2348092563326
2348097090453
2348092123946
2348096104698
2348096574250
2348096902593
2348093458411
2348091998411
2348095036380
2348098142029
2348093390570
2348091759638
2348091902274
2348091165511
2348093513620
2348091600692
2348097684620
2348096354226
2348094347703
2348090718467
2348092466222
2348095706033
2348095793297
2348092258000
2348095951090
2348090998600
2348093657417
2348099608793
2348090007058
2348093527607
2348099957341
2348090481001
2348096664866
2348097939198
2348092487903
2348094172798
2348091978783
2348091475033
2348099700164
2348095938015
2348099538979
2348093650556
2348095944967
2348092544420
2348097732044
2348099129091
2348095275182
2348098779507
2348093100443
2348090569509
2348094615917
2348092526681
2348099326121
2348094418842
2348094342667
2348097242509
2348094229678
2348099700373
2348094317368
2348090817002
2348091458243
2348098330510
2348098975220
2348091836592
2348095700437
2348095692889
2348090478546
2348096466291
2348094939806
2348099489686
2348095353368
2348096045707
2348094830640
2348090481472
2348098485465
2348091887228
2348095568820
2348099701764
2348094477135
2348098234377
2348091133807
2348090691910
2348094486895
2348095668861
2348094923788
2348097451836
2348091741902
2348096852118
2348095139791
2348091318016
2348091394585
2348093300728
2348097221315
2348090672581
2348090768874
2348092786946
2348094339918
2348095784687
2348090718635
2348091044206
2348091523645
2348091248041
2348090756820
2348094082245
2348097005725
2348098093249
2348091311612
2348093117817
2348099314418
2348099502355
2348094164259
2348098132962
2348091926744
2348096513601
2348092238085
2348098498157
2348091402556
2348098077731
2348094313000
2348099099498
2348097376125
2348096775559
2348093553236
2348093072510
2348094847531
2348094749293
2348093075087
2348091320728
2348094489043
2348099582492
2348095022831
2348099920872
2348091146785
2348094233268
2348097460965
2348097724319
2348093968539
2348096630644
2348096605166
2348093666402
2348097459536
2348092899339
2348093330460
2348094886875
2348093363878
2348098568359
2348093560679
2348098420848
2348092566116
2348096299757
2348091222705
2348093944510
2348093469590
2348097105236
2348093020488
2348096565174
2348098883027
2348090010810
2348095570463
2348096408139
2348096424613
2348091626281
2348099187054
2348090995388
2348098738935
2348095198390
2348090784533
2348094188554
2348098668429
2348099020926
2348098976724
2348092543530
2348098737814
2348092889233
2348093662993
2348098791408
2348099059688
2348092951891
2348096887954
2348096245530
2348098480524
2348096857058
2348097578291
2348097830252
2348091316922
2348091250793
2348093383120
2348095237071
2348096689727
2348096964647
2348099321100
2348093410399
2348094127686
2348092456292
2348099000944
2348093604547
2348093195933
2348094981304
2348090214355
2348097054889
2348096808821
2348093519923
2348094831955
2348096843407
2348098686085
2348095723139
2348094572424
2348092583553
2348095245039
2348095450999
2348097957365
2348091120444
2348098999690
2348090383599
2348091797537
2348092574203
2348096738869
2348090754659
2348098615558
2348092515227
2348091343402
2348095044983
2348090780216
2348090740745
2348096651993
2348094588838
2348096648703
2348097874545
2348091993004
2348099578171
2348098805292
2348098991256
2348096615886
2348099609851
2348097889833
2348090373473
2348096356796
2348092796413
2348090740712
2348095976084
2348094011145
2348093992973
2348097199100
2348092698302
2348093996831
2348096689660
2348095797318
2348094996709
2348094645545
2348097864369
2348091799726
2348093888680
2348090753727
2348098688817
2348096785797
2348095576405
2348099634819
2348095975837
2348094674036
2348097900611
2348096430678
2348094843774
2348097422629
2348099817899
2348091332125
2348098579500
2348093990683
2348091592366
2348094459457
2348090609718
2348094704081
2348094982820
2348099886838
2348095054790
2348098830019
2348094480704
2348092138676
2348094174290
2348098769435
2348097364709
2348094673167
2348099287737
2348090252754
2348090045790
2348092071058
2348094959671
2348099780947
2348098126385
2348094250569
2348098537342
2348099294781
2348099739488
2348098969637
2348092158756
2348094420481
2348091220383
2348098911652
2348094446742
2348093338644
2348097552368
2348095266306
2348096318584
2348098963508
2348094082716
2348090227548
2348091552059
2348097385061
2348094200691
2348093372293
2348095506128
2348094853903
2348098564189
2348090659240
2348091052945
2348091111291
2348091245925
2348092614363
2348095145603
2348090074896
2348092106638
2348091895433
2348099765613
2348097713421
2348096571801
2348097979782
2348098117552
2348093154896
2348090971807
2348091602928
2348093148566
2348096367154
2348098022075
2348096412600
2348093157791
2348090939673
2348098737425
2348095431095
2348095433056
2348099559372
2348090128373
2348092580717
2348096340333
2348091935586
2348096287062
2348091849887
2348097467358
2348095974925
2348092790534
2348091859936
2348094626147
2348096020593
2348095059444
2348097904635
2348093935766
2348090913182
2348098767425
2348097011782
2348099538327
2348092445408
2348091941181
2348093074589
2348093916718
2348095876891
2348096375810
2348096449893
2348098095609
2348095345380
2348098868616
2348096382784
2348091443012
2348098724452
2348090104297
2348090070521
2348093633480
2348097981282
2348098893208
2348097802468
2348094231314
2348094022862
2348092682352
2348099875405
2348097018713
2348090473930
2348095299561
2348099346995
2348092320847
2348092816374
2348091160324
2348092438675
2348092800405
2348097314717
2348091803879
2348097477531
2348097168332
2348095932062
2348091761831
2348093802145
2348093321630
2348094532804
2348091341377
2348098947213
2348094675104
2348095090688
2348095552399
2348097416628
2348095559025
2348094859029
2348090119934
2348098295087
2348094556529
2348093195467
2348096557812
2348094155122
2348099690822
2348097689691
2348096043617
2348095469528
2348095720330
2348098153030
2348091696214
2348099190929
2348097802250
2348097581314
2348097742250
2348096096290
2348090689489
2348095255369
2348095851608
2348094655454
2348098059075
2348094101468
2348098283418
2348097144447
2348097595854
2348090423371
2348092048095
2348099861688
2348094116704
2348096370386
2348098202328
2348095187680
2348099362079
2348097522613
2348091470014
2348091785980
2348094304711
2348096183072
2348091845395
2348091818643
2348091325280
2348099613767
2348092543062
2348096422679
2348095514952
2348093455626
2348095569860
2348092896949
2348090585047
2348097152443
2348095108301
2348090348391
2348095607799
2348093501889
2348098914072
2348092314478
2348090024091
2348094038839
2348099876218
2348091248494
2348093322937
2348095460861
2348096184272
2348093012445
2348090381997
2348093187661
2348096377848
2348098524162
2348093029862
2348097252647
2348097551178
2348090614737
2348095428192
2348091962454
2348098274971
2348091449177
2348099816984
2348094879097
2348092036360
2348099117785
2348098069755
2348097751180
2348098343189
2348099279146
2348094637622
2348098016672
2348090704297
2348094408365
2348098015199
2348097272117
2348090002878
2348099318451
2348090814343
2348096337471
2348090306025
2348090960744
2348095287563
2348092153416
2348094608661
2348099707758
2348099139465
2348098579559
2348091959552
2348094149548
2348090991402
2348096020396
2348090158508
2348092246286
2348090929222
2348096026796
2348097916549
2348095577630
2348097667183
2348091628232
2348096045690
2348095257651
2348096756299
2348090027369
2348090447652
2348091819395
2348099446268
2348091900864
2348095094885
2348097446417
2348097229673
2348091835140
2348097809630
2348097205889
2348095829103
2348091930693
2348098302208
2348096218009
2348091016040
2348099546977
2348092213096
2348095111948
2348094356583
2348095847198
2348092211824
2348098600914
2348092722527
2348090316013
2348098753030
2348099896191
2348090027351
2348092165280
2348092415846
2348092007483
2348094274750
2348095723118
2348098253280
2348093325554
2348094484841
2348096667554
2348096100375
2348092924994
2348099031321
2348091951510
2348096273902
2348099542078
2348095416492
2348094141274
2348092195516
2348093849136
2348096010433
2348095377201
2348095191449
2348092440337
2348093347308
2348098726780
2348092523290
2348092922617
2348091112807
2348094929073
2348094160929
2348098837803
2348093977411
2348092133115
2348091817950
2348096580297
2348090277672
2348095634037
2348093832556
2348094175132
2348098636166
2348090946353
2348098697075
2348097865592
2348097898904
2348096220415
2348091455307
2348097771626
2348095028522
2348098494608
2348097126938
2348092047408
2348099126304
2348092813342
2348096527727
2348099018320
2348091264225
2348092148426
2348091076679
2348092093893
2348098466165
2348098225394
2348096549256
2348096819929
2348097882249
2348092780936
2348091730387
2348094915872
2348096311503
2348096160635
2348099986241
2348098890968
2348096857288
2348099479328
2348093613415
2348090626219
2348098526267
2348098724800
2348098605283
2348099109920
2348094501306
2348090120874
2348098900669
2348097731437
2348091160926
2348098897083
2348095799733
2348091632518
2348093859601
2348097166319
2348096033426
2348096655099
2348090456199
2348098760012
2348091656003
2348096956000
2348090297234
2348095041411
2348099025517
2348095019253
2348092721219
2348099567023
2348095798354
2348098739562
2348095907290
2348094362933
2348099479304
2348092623108
2348093258599
2348092757211
2348097881674
2348096621155
2348090947960
2348093871633
2348093629540
2348098796003
2348098571219
2348092376235
2348090175374
2348091371634
2348096361364
2348099842445
2348090327178
2348094105939
2348096074041
2348096335295
2348094933084
2348094780215
2348093226607
2348090729657
2348098782151
2348092085459
2348099542328
2348090448011
2348093689663
2348095380331
2348099303026
2348093072322
2348099045359
2348099786137
2348094238439
2348092093611
2348097465617
2348091074544
2348093302442
2348090701326
2348094829088
2348099655737
2348097811660
2348094175042
2348095230513
2348095160660
2348098997457
2348093576631
2348093050142
2348095572671
2348092047508
2348098888294
2348099607058
2348093062907
2348099205527
2348093996461
2348093789009
2348099795458
2348097388759
2348090784910
2348093094356
2348092087419
2348092783697
2348095857233
2348094993184
2348092922564
2348098949419
2348095028349
2348091106576
2348097241551
2348099153814
2348090690040
2348091454368
2348093981293
2348090165895
2348098105528
2348091362449
2348097503716
2348094737889
2348097380281
2348092987661
2348091302650
2348090675561
2348092381955
2348092952729
2348092638540
2348097227037
2348098464447
2348097153072
2348091800890
2348093889018
2348095012270
2348097829553
2348099981938
2348097393825
2348093975987
2348095165482
2348094830649
2348092635432
2348098457480
2348096292568
2348096939281
2348092496207
2348090891021
2348099917542
2348090701105
2348090856656
2348098608579
2348094414245
2348090607399
2348099037935
2348095352308
2348091710843
2348096800173
2348097130264
2348092847452
2348091021150
2348092052644
2348095987571
2348093916631
2348091157177
2348095944432
2348097734596
2348097255101
2348093720866
2348098972082
2348095660526
2348097659566
2348093794458
2348090379552
2348090305861
2348098712172
2348094536086
2348095972825
2348098847076
2348093955717
2348097554506
2348098684239
2348098488620
2348090816151
2348095512918
2348094720359
2348094346708
2348095744842
2348090514051
2348098902423
2348092527939
2348096107325
2348099962348
2348096700542
2348094189318
2348099411747
2348091075744
2348095506040
2348092037792
2348092701802
2348098240225
2348094554825
2348099061697
2348093159256
2348095267870
2348096367328
2348093334330
2348098685187
2348099971780
2348098310934
2348099787050
2348097213666
2348093709040
2348098721846
2348098034596
2348094445294
2348097035690
2348094432385
2348091141434
2348091472033
2348090265949
2348099241276
2348093791679
2348093984102
2348098079741
2348094434898
2348090048175
2348098217181
2348092189485
2348096225561
2348093044294
2348098970029
2348099240257
2348093614741
2348091567756
2348097404353
2348092887527
2348095043702
2348092027920
2348098783970
2348098915639
2348091840300
2348099334362
2348096305735
2348095356328
2348098772753
2348099572906
2348098830174
2348095934125
2348095027934
2348097973056
2348094399296
2348099693371
2348095109171
2348093098401
2348096943044
2348097530249
2348094560829
2348091658285
2348099580810
2348090232563
2348096377015
2348092112907
2348091421453
2348094517562
2348096106254
2348099128818
2348095314145
2348091117710
2348097889970
2348094507080
2348098650635
2348092519687
2348090376613
2348095756276
2348097933312
2348096468415
2348094278720
2348095499607
2348098497383
2348091317996
2348091264944
2348096720548
2348097788563
2348095434150
2348098370308
2348098649474
2348091591504
2348093429735
2348095953326
2348093973682
2348091522281
2348094427112
2348098724984
2348095258453
2348097882817
2348090397171
2348091181598
2348095274977
2348096277755
2348097691346
2348091087617
2348095579561
2348095917765
2348096824348
2348090496983
2348092042420
2348095826168
2348093368082
2348091398524
2348094041120
2348093520045
2348093147852
2348091882367
2348091781272
2348095483334
2348098137723
2348097699626
2348096450092
2348096212945
2348093117964
2348097993770
2348090230283
2348097331386
2348096450536
2348090645148
2348098349627
2348096829190
2348097941500
2348097491631
2348094324975
2348095201733
2348092736009
2348097227518
2348091932270
2348094313879
2348095088252
2348095760669
2348090788744
2348096828428
2348099473363
2348090899144
2348092465486
2348099734457
2348096225316
2348092077936
2348091322855
2348093300677
2348097702851
2348097321005
2348092950030
2348092634520
2348094382557
2348096151619
2348090270300
2348099435098
2348094589063
2348099572525
2348097740887
2348097224053
2348098120096
2348099195980
2348096614394
2348091560780
2348096843881
2348094971563
2348097859363
2348093420609
2348098079196
2348096547319
2348093263496
2348095143208
2348097689278
2348097073350
2348098522588
2348091900653
2348092043286
2348095136627
2348099440331
2348093647546
2348096339915
2348090821644
2348097912816
2348095985579
2348096890683
2348097270715
2348093063347
2348090191389
2348092787671
2348096370705
2348095286370
2348091785908
2348099929631
2348096695149
2348095958756
2348094365839
2348093966854
2348095241514
2348098924385
2348095305928
2348090545231
2348099780283
2348095106591
2348092264207
2348098590245
2348092602609
2348098604132
2348095297462
2348092153890
2348095621228
2348091067374
2348090272036
2348099681042
2348095010509
2348096279330
2348098915835
2348098735269
2348093489102
2348099127508
2348099806470
2348090524594
2348096953360
2348092291639
2348092239648
2348090460177
2348092779902
2348091087670
2348096943077
2348090359750
2348097598221
2348090535386
2348092050941
2348094200745
2348096207625
2348093090588
2348096242193
2348098425753
2348090272950
2348097869092
2348096278843
2348097776742
2348096876529
2348090132758
2348093515984
2348095670858
2348090276179
2348097402907
2348094189008
2348095610777
2348098482992
2348093201478
2348090829336
2348099233399
2348099230120
2348092071750
2348099522688
2348094847605
2348096038007
2348090501872
2348093224654
2348097315137
2348099790706
2348098649350
2348095200911
2348094635021
2348098189242
2348091625811
2348090041047
2348093076136
2348098344024
2348090464365
2348092998848
2348091239113
2348092258371
2348091087999
2348098150506
2348094185475
2348094997251
2348094481890
2348095711457
2348091816696
2348094685168
2348094972584
2348097485949
2348094839386
2348094999349
2348091147403
2348094385600
2348098100230
2348093207246
2348091815007
2348095147771
2348094970132
2348095452027
2348093632148
2348096984213
2348094415104
2348092949070
2348090819695
2348096603880
2348092235714
2348090608096
2348090051448
2348096743058
2348093875406
2348097686309
2348091437227
2348096684903
2348096767478
2348092261745
2348095264925
2348095886789
2348098253231
2348095136760
2348091712686
2348094876768
2348091644281
2348097850184
2348096939254
2348097201691
2348090063640
2348096624338
2348095664405
2348096405682
2348090770291
2348096636221
2348091593329
2348092657243
2348094093160
2348091431187
2348093991118
2348091010320
2348094989309
2348094449636
2348094432145
2348099350939
2348096101071
2348097200154
2348092691965
2348090990358
2348092737935
2348099805407
2348094563309
2348094835440
2348096191717
2348091790780
2348090489980
2348097085606
2348098301771
2348091780876
2348094705146
2348099840486
2348093906820
2348093295783
2348094461793
2348092615886
2348099765382
2348091570705
2348091148547
2348099274630
2348090597619
2348099695123
2348096094177
2348093563458
2348091049744
2348090699125
2348091494934
2348098150805
2348099060229
2348092554928
2348090992280
2348098581603
2348098857147
2348090219533
2348093180224
2348093553843
2348092724411
2348097596412
2348098349178
2348096297876
2348091060767
2348097016029
2348091689669
2348098840839
2348099245284
2348092712173
2348097985488
2348094992778
2348096085612
2348095749270
2348096132834
2348091408417
2348099628901
2348095298348
2348094714533
2348090889608
2348096749382
2348091374745
2348090805915
2348094179105
2348093562176
2348092755453
2348099799936
2348092558859
2348098999307
2348097678887
2348094856082
2348097094159
2348096028276
2348092630282
2348092288376
2348096731940
2348097106454
2348095644322
2348092654725
2348092061654
2348097116103
2348094284555
2348094465744
2348092419094
2348098131535
2348098836465
2348095331394
2348090706081
2348097893653
2348096865920
2348093296047
2348098943622
2348093315111
2348099183875
2348099353640
2348091022637
2348094921721
2348094114659
2348098870995
2348094566095
2348092715840
2348097476168
2348093975540
2348090498755
2348093859842
2348093087544
2348098852999
2348097705249
2348097679529
2348099974720
2348097745115
2348098886145
2348099675097
2348097438843
2348097313844
2348094151248
2348095337115
2348090022144
2348091039437
2348097924348
2348091858840
2348091224790
2348093395002
2348093313471
2348092532338
2348094337819
2348099280603
2348095010841
2348099983326
2348099968691
2348098465423
2348098595166
2348097689702
2348090077385
2348098112876
2348096262116
2348098026414
2348090031936
2348099047377
2348095420247
2348091669484
2348090409049
2348097434749
2348094403978
2348091753869
2348091620055
2348092378727
2348099068270
2348094575072
2348090044254
2348090729418
2348095548925
2348090177767
2348092687398
2348090822087
2348098224443
2348093699600
2348094953920
2348093168103
2348095879824
2348094316409
2348095095314
2348096710858
2348097260631
2348094996215
2348094432972
2348095667861
2348099508935
2348096990601
2348099719472
2348090123114
2348091970130
2348093159367
2348090210652
2348091033444
2348094115653
2348096889048
2348095025388
2348095937157
2348094501093
2348095970994
2348099501827
2348094475714
2348099346170
2348097150603
2348095247269
2348096567340
2348098837441
2348097975079
2348091545032
2348098109366
2348092837325
2348094170707
2348090710882
2348091506866
2348099229282
2348095781172
2348098525579
2348090353974
2348093843315
2348096947253
2348096959327
2348091029499
2348091422329
2348094724032
2348092020531
2348097831918
2348096910497
2348098866943
2348091135630
2348090402137
2348090964564
2348099360225
2348090095927
2348094988598
2348096196741
2348097120860
2348093957780
2348092796923
2348094429336
2348093542582
2348093354956
2348094201397
2348090841825
2348096140785
2348095108099
2348095776282
2348094662531
2348098965094
2348094558192
2348094822164
2348098411066
2348097978005
2348095494451
2348096639810
2348095541053
2348093723473
2348098727190
2348095501524
2348095692693
2348090519355
2348096008599
2348092737571
2348096193450
2348096702529
2348090030396
2348094340157
2348095654569
2348098839140
2348090248298
2348096613443
2348092553018
2348094282838
2348091151092
2348093766423
2348098986966
2348094595226
2348095573406
2348094135942
2348093817138
2348097186805
2348093098942
2348095039710
2348090588085
2348096538002
2348091248357
2348095254946
2348091789217
2348093433593
2348095404877
2348093080787
2348091343185
2348094391473
2348094529108
2348097650683
2348094830247
2348093216604
2348097699525
2348096507337
2348092345007
2348091506019
2348090818340
2348090320425
2348098788155
2348091974421
2348093323834
2348091608179
2348097990657
2348090420572
2348094341023
2348090760624
2348093153331
2348094152409
2348096082315
2348099074703
2348098419158
2348092308767
2348091242335
2348092505336
2348092840229
2348091282960
2348095547817
2348094176982
2348095939161
2348097219232
2348092229867
2348090760331
2348093945025
2348094914423
2348096667228
2348091932156
2348095051720
2348095593575
2348090927582
2348095567424
2348092473258
2348090359148
2348099238160
2348094093767
2348095886735
2348096031867
2348093048673
2348096113836
2348090686003
2348098589651
2348091025986
2348095534765
2348093163674
2348090506097
2348090573467
2348097171769
2348098576532
2348094976465
2348094360837
2348091882836
2348097788500
2348094439633
2348096857672
2348091387489
2348090716382
2348093589486
2348092511516
2348091366608
2348098764200
2348094774246
2348097480316
2348090195698
2348099352979
2348090769446
2348092878795
2348096605230
2348093611367
2348093271199
2348090013602
2348098243014
2348097762524
2348099515769
2348096180982
2348093287598
2348096159595
2348090440483
2348090896290
2348094398324
2348094170533
2348099458610
2348096994271
2348097540024
2348090755810
2348095452493
2348090038190
2348098003686
2348091396572
2348092119913
2348091082827
2348091226968
2348095609607
2348097181752
2348097526987
2348094130872
2348092127164
2348093357329
2348098566568
2348098166793
2348097378250
2348098158502
2348095068863
2348093242297
2348096916752
2348096249558
2348092025373
2348092016746
2348099165566
2348090489526
2348096635356
2348098647881
2348099924758
2348093614402
2348093744815
2348097786620
2348099354478
2348096840931
2348094571180
2348098019338
2348096139695
2348090838011
2348095741201
2348096721448
2348095747146
2348095016950
2348093471409
2348094217194
2348094211262
2348096359436
2348095216831
2348092647426
2348093268083
2348094631046
2348094598308
2348092179173
2348096169787
2348099921789
2348093825759
2348097954397
2348094230989
2348090129233
2348093241592
2348099655241
2348097971174
2348092103619
2348091616282
2348098860208
2348098636326
2348094431586
2348090825995
2348098797064
2348092901157
2348099736008
2348090993889
2348097531539
2348097769629
2348095106216
2348091705575
2348097907771
2348093563395
2348096849052
2348097684025
2348096130142
2348095473871
2348093054967
2348099256278
2348094081753
2348094987955
2348095326960
2348091755467
2348093466559
2348096037471
2348091725167
2348096563830
2348098302495
2348099024546
2348094041155
2348090400448
2348093738889
2348098405934
2348097528413
2348094521478
2348099066890
2348093845417
2348090821818
2348092727564
2348094863206
2348094895776
2348098614229
2348099625421
2348098323185
2348094677733
2348096733970
2348091892719
2348099725162
2348093642458
2348093563659
2348094352921
2348093512670
2348090118165
2348099697447
2348095188203
2348090922938
2348095212971
2348092209493
2348098987616
2348095613018
2348094968570
2348097310072
2348092137285
2348097883615
2348092010119
2348096277330
2348093618875
2348099825967
2348097633303
2348092313945
2348098286408
2348092035952
2348094368094
2348095961552
2348091250902
2348097593634
2348091328547
2348094768516
2348091551167
2348094917052
2348094238119
2348091573310
2348096951397
2348098717262
2348091379439
2348092009206
2348091360614
2348092531926
2348097925916
2348090001602
2348096657592
2348090515828
2348092788143
2348094855328
2348096069236
2348090750895
2348093959619
2348091328684
2348094832209
2348096689483
2348091075035
2348092171137
2348095567813
2348093291584
2348097220575
2348094847259
2348097028228
2348093208009
2348096024805
2348097212133
2348097620746
2348093710501
2348090122204
2348091230490
2348098467836
2348092897364
2348097362313
2348090687052
2348093499339
2348097687615
2348099067778
2348091623082
2348097209920
2348099093713
2348091134149
2348096761310
2348091503573
2348094265937
2348096074886
2348093360295
2348093115855
2348091249850
2348096478667
2348096578704
2348099695920
2348093431137
2348091992820
2348093301545
2348093125293
2348094005469
2348094694878
2348093454312
2348099610831
2348099853206
2348091411216
2348090543142
2348098627829
2348099032511
2348095727472
2348097759759
2348090068551
2348091459931
2348096001076
2348092396323
2348095398137
2348098795204
2348090672350
2348099733425
2348094034553
2348090260935
2348095338917
2348091123985
2348096608768
2348091986871
2348095960061
2348094432068
2348098225554
2348097595916
2348098714252
2348099414791
2348099612033
2348097230504
2348094038942
2348092273463
2348098952601
2348094318343
2348097232444
2348099401935
2348096235372
2348090977902
2348095263254
2348098776752
2348095931294
2348092171894
2348098637033
2348094297871
2348090516320
2348092121268
2348093181039
2348097048788
2348091858301
2348093710236
2348094782055
2348097732479
2348091931067
2348096555591
2348096054709
2348093524391
2348092506229
2348096604614
2348094625795
2348093461516
2348092660673
2348099889561
2348094704607
2348091035153
2348098364339
2348098065622
2348099043742
2348093443306
2348098857336
2348095250778
2348095553333
2348094587021
2348099378961
2348091396006
2348097734488
2348090201292
2348094499758
2348092325520
2348095548246
2348092977472
2348091275485
2348093035800
2348097185060
2348091161828
2348091174114
2348090775834
2348097141912
2348098001088
2348099418196
2348090508685
2348095534813
2348096786355
2348096123193
2348090802965
2348098793276
2348097735678
2348095621817
2348095068443
2348093939318
2348097382984
2348093588620
2348092359889
2348099609170
2348094167300
2348095127437
2348097260194
2348098158831
2348093059501
2348096546477
2348094961655
2348094390396
2348098958991
2348097193705
2348092556416
2348091195417
2348091307758
2348094793930
2348097242096
2348096160286
2348094616217
2348093398562
2348096548582
2348096010779
2348093741576
2348090871122
2348091833886
2348098295818
2348099948386
2348092748762
2348096271454
2348095962572
2348092319719
2348090342411
2348093833527
2348091745095
2348091572114
2348097514330
2348092447858
2348093420180
2348095898168
2348090663776
2348099317778
2348091818775
2348097771998
2348098195135
2348096940954
2348098534544
2348094863645
2348094458363
2348091400152
2348097404874
2348092267309
2348092514712
2348095741754
2348091125014
2348090567689
2348090221165
2348092487858
2348094456641
2348090514990
2348092091176
2348092342848
2348093271392
2348093290253
2348090525746
2348090877063
2348093193526
2348099612507
2348091955184
2348091377569
2348092013028
2348097618572
2348090195238
2348090836375
2348090786954
2348094241399
2348099329459
2348095622136
2348099679700
2348091484346
2348092418779
2348095617961
2348097169782
2348094692672
2348092363112
2348096244600
2348091265752
2348097400215
2348093298234
2348091894561
2348094517525
2348095643564
2348097593699
2348096901112
2348098678718
2348091755023
2348091925824
2348091762261
2348094596128
2348090208478
2348091758891
2348098913307
2348094314917
2348097541062
2348094847626
2348099161913
2348097039755
2348090301297
2348093706765
2348098755564
2348097947476
2348095668730
2348095799746
2348096308787
2348097077542
2348097020732
2348092493466
2348098773477
2348097793983
2348092849113
2348099675488
2348095939552
2348091315938
2348094982602
2348092195613
2348095260731
2348097486223
2348094279696
2348098400859
2348094228663
2348099693110
2348091672754
2348094926193
2348099530663
2348099386083
2348098658677
2348092129631
2348099358810
2348095395044
2348095625083
2348093747201
2348099940190
2348096539625
2348094204620
2348094533455
2348098910295
2348098303456
2348090774422
2348095678174
2348091325557
2348090390811
2348090244365
2348090873992
2348095542241
2348097046319
2348096719947
2348096978208
2348098593710
2348098502891
2348096400326
2348096762841
2348098724586
2348093400396
2348096511035
2348093797343
2348098631885
2348097864017
2348099848065
2348091298673
2348093486380
2348093202408
2348099085723
2348098005886
2348094266887
2348092691364
2348095052963
2348098305141
2348096446694
2348099782443
2348093139871
2348093120173
2348099346362
2348094783530
2348093609897
2348095094119
2348091986612
2348098834206
2348090534208
2348099307810
2348094141440
2348094020408
2348099189806
2348093878317
2348096077412
2348091271724
2348094425197
2348094830173
2348096885251
2348094215689
2348092903073
2348092442171
2348098693710
2348099869188
2348091634553
2348095279542
2348098712201
2348099739812
2348090420373
2348092228452
2348094488194
2348090993462
2348095551399
2348091864811
2348095804270
2348098712466
2348093451747
2348096142182
2348093610340
2348091210911
2348097571736
2348097748072
2348094458532
2348099297343
2348096598725
2348097155687
2348090633538
2348093243410
2348094937904
2348090298625
2348099342056
2348090185301
2348096996136
2348092723608
2348092978176
2348098311968
2348098294680
2348096161787
2348094891324
2348090786707
2348097748423
2348097898348
2348093849124
2348098250434
2348096876594
2348093125459
2348098792849
2348099659275
2348097837902
2348092162799
2348092277210
2348095072912
2348093652274
2348091087801
2348098092659
2348096330653
2348092121787
2348096387055
2348090998905
2348093370278
2348091387469
2348093553293
2348092023390
2348096199735
2348091401525
2348091793864
2348098226510
2348092135860
2348091672824
2348096158595
2348098933210
2348099680794
2348091143040
2348093220224
2348094261468
2348097139086
2348098187756
2348093705995
2348099377236
2348094380863
2348098713404
2348091421206
2348097397436
2348099583741
2348097289442
2348093395547
2348094499464
2348094784979
2348097111479
2348093867646
2348096324039
2348092179135
2348096486929
2348097013734
2348090079384
2348092781333
2348099020595
2348090316692
2348094449360
2348097717024
2348095028460
2348094208494
2348097038109
2348096685433
2348098207696
2348093396557
2348092753512
2348094101160
2348097555826
2348091561960
2348091955838
2348096013659
2348097784347
2348092636896
2348090634007
2348097721976
2348099811265
2348090662760
2348095692143
2348099617840
2348097447650
2348096461156
2348095083984
2348094364463
2348099811034
2348097204210
2348092372528
2348090073400
2348096399578
2348092698772
2348098860526
2348094671186
2348098756408
2348092472904
2348098463339
2348098528126
2348096129259
2348090369034
2348094244025
2348094888664
2348097077464
2348094709351
2348093575738
2348098669633
2348096156028
2348090618962
2348095696079
2348098384801
2348098683960
2348098029440
2348094635799
2348095199603
2348098050867
2348094573111
2348095100668
2348096200883
2348091799341
2348099614267
2348090662162
2348090817940
2348090243184
2348094352211
2348095971018
2348099992859
2348091978730
2348098968324
2348097903668
2348093962986
2348094357538
2348094574190
2348091529541
2348098679936
2348090842185
2348091549679
2348095038817
2348094818281
2348090698867
2348098333340
2348095400994
2348097709106
2348093499234
2348097934739
2348099863619
2348094480417
2348097953036
2348094400390
2348090236500
2348094291923
2348090304625
2348093163173
2348097360421
2348098973789
2348091944823
2348097401994
2348092587551
2348093132592
2348090158474
2348096758776
2348092575267
2348092745173
2348091723438
2348093822845
2348092676559
2348098247278
2348098605886
2348097310724
2348092173541
2348098494955
2348090640881
2348095864988
2348091727115
2348095081504
2348094724748
2348092176466
2348093097875
2348091290070
2348092454433
2348093993612
2348093693346
2348094156210
2348090095020
2348092515569
2348090292974
2348099962581
2348090284459
2348093064782
2348097751228
2348091192458
2348093518660
2348090672082
2348098959633
2348094739509
2348093890860
2348093035934
2348097921359
2348093779565
2348092705643
2348092725520
2348093019750
2348098719066
2348098921389
2348097436737
2348091187284
2348090944624
2348099558123
2348099639123
2348091802906
2348093286530
2348097970411
2348092316044
2348091300553
2348091106998
2348096730130
2348096097426
2348099663425
2348099212316
2348097882005
2348096293264
2348097931661
2348099064833
2348096428868
2348095932811
2348096290012
2348094299064
2348096448341
2348097722525
2348096269589
2348098869383
2348093523970
2348096866646
2348096386135
2348093504760
2348095710052
2348093921856
2348095758304
2348095480691
2348092941783
2348090743203
2348091770846
2348093047348
2348090522059
2348093231892
2348092598572
2348097544431
2348096154950
2348095704815
2348092522510
2348093089167
2348093910099
2348091546626
2348096606786
2348093805013
2348093331516
2348098415108
2348093828302
2348098093298
2348098676207
2348096140618
2348091882007
2348097506026
2348090336900
2348097737001
2348099065293
2348093589742
2348099726317
2348095694224
2348098829596
2348093182734
2348095928571
2348095845432
2348090724860
2348096888155
2348090072566
2348093153919
2348098379738
2348099465384
2348097414799
2348097599400
2348099749107
2348096703633
2348093140173
2348090389738
2348090274195
2348094925579
2348095521094
2348090571719
2348091427435
2348095373966
2348097057432
2348092325318
2348094964333
2348094425188
2348096546345
2348091605753
2348095245141
2348095180044
2348098652470
2348094694087
2348097369336
2348092280935
2348094066376
2348098522910
2348093746130
2348090718382
2348098126182
2348099471886
2348092986118
2348098037086
2348093197776
2348091397484
2348090470240
2348090431046
2348097541750
2348093344913
2348096489116
2348092641652
2348096459122
2348092131518
2348090962836
2348090778256
2348095573611
2348090634992
2348099151895
2348096721780
2348096645757
2348091397614
2348095646113
2348090354883
2348095549496
2348096948445
2348097576733
2348093363634
2348093374564
2348093100139
2348098926383
2348094384439
2348090662183
2348096287093
2348098734899
2348095235878
2348090714940
2348090206597
2348099273921
2348099087792
2348091206169
2348091343654
2348094861250
2348093136749
2348096471634
2348090346992
2348095088781
2348096526813
2348095050713
2348091139671
2348095722952
2348097427348
2348090596179
2348093508191
2348098895615
2348099454356
2348093565408
2348092436167
2348092380033
2348095280759
2348099854047
2348090551843
2348090046423
2348098042849
2348096198976
2348097108578
2348099442799
2348095231910
2348091692856
2348090224920
2348090049148
2348091945157
2348091546518
2348091026257
2348093873927
2348094415845
2348090836896
2348093013145
2348096959004
2348093675048
2348092048327
2348096289031
2348096457363
2348092334271
2348099096000
2348094753211
2348097202096
2348095171520
2348098332922
2348095388511
2348090257337
2348093778313
2348095105655
2348097222198
2348098698463
2348093783592
2348097877899
2348092744987
2348099447686
2348097159087
2348099115544
2348099450034
2348093054757
2348090554481
2348095747225
2348097194534
2348093862781
2348096030872
2348096742173
2348092913464
2348096384554
2348094071058
2348091391325
2348093080936
2348099746349
2348091825790
2348095579565
2348094146617
2348095474751
2348092755484
2348099815093
2348093322785
2348091178154
2348097081029
2348091548852
2348098817806
2348092580642
2348097303796
2348095442705
2348097795274
2348098932608
2348098062318
2348096877976
2348092421184
2348099493523
2348091188630
2348096277858
2348099626945
2348094597093
2348091160851
2348092398586
2348097384934
2348092451117
2348095462521
2348096482474
2348090437610
2348093013673
2348090276542
2348090610823
2348096464373
2348097674200
2348097922686
2348097947356
2348095093816
2348091510381
2348091544518
2348099560715
2348094863358
2348096257099
2348099655013
2348094377755
2348090022298
2348091267965
2348092333426
2348098285260
2348099748956
2348099403877
2348090410930
2348098253147
2348094936102
2348094327452
2348096618701
2348098826174
2348099499623
2348091658919
2348099600026
2348099022066
2348095742365
2348094049890
2348094038182
2348093627777
2348098465775
2348097696780
2348095751461
2348094598231
2348093079279
2348092613215
2348096875462
2348090472508
2348099215008
2348099182099
2348095007093
2348093261854
2348095923556
2348098007502
2348097758063
2348091777196
2348094438927
2348099585891
2348093923346
2348097669252
2348094097454
2348090347730
2348093505096
2348095419557
2348096129308
2348091202760
2348095773639
2348092924007
2348099165530
2348092594224
2348098395702
2348097586274
2348094430197
2348091532989
2348099315148
2348090546465
2348094028936
2348091495734
2348097989392
2348090376603
2348093895117
2348091213348
2348098772213
2348099514474
2348092658565
2348091225377
2348094194541
2348092108970
2348092181880
2348098166638
2348094472726
2348097562426
2348092165105
2348092092144
2348095985146
2348095557834
2348096445390
2348094253562
2348094040349
2348090443237
2348096326948
2348091549518
2348095983731
2348094891932
2348091606643
2348094463669
2348094977526
2348097961686
2348096044262
2348097709617
2348093610591
2348092397848
2348091596854
2348092449826
2348092995516
2348097649283
2348094742987
2348091741442
2348090101834
2348097450426
2348091416507
2348093850297
2348090109284
2348094254151
2348099455713
2348091563518
2348092339589
2348096667825
2348093645092
2348094553729
2348094931677
2348095375519
2348092527157
2348097621631
2348093350545
2348099564429
2348094443559
2348091041138
2348093395199
2348091868668
2348097522083
2348098659093
2348097200989
2348095217507
2348095389785
2348097136965
2348099567371
2348092700214
2348093900310
2348090886864
2348099693028
2348090672243
2348095715785
2348091347654
2348097849646
2348096113375
2348091109044
2348095072442
2348095206444
2348090871681
2348097610600
2348099381916
2348091826677
2348095315810
2348092407848
2348098810783
2348098819780
2348097819340
2348099075640
2348099130809
2348098319127
2348091631219
2348093762641
2348092529051
2348093916154
2348098924351
2348092359634
2348093930503
2348095693835
2348093008674
2348099779543
2348090658168
2348092065832
2348099251143
2348096961992
2348090547860
2348097686906
2348092397927
2348091727764
2348093046188
2348096812303
2348097523261
2348094476384
2348097101164
2348094410431
2348095883240
2348096138753
2348096696046
2348099060837
2348097730936
2348098044687
2348095123698
2348094274284
2348095928580
2348096004154
2348097473211
2348090789431
2348090614457
2348095981246
2348098339662
2348098253437
2348095759400
2348090216757
2348096196660
2348097960937
2348096416272
2348091469686
2348095090514
2348099867448
2348094598040
2348099184884
2348094633218
2348099455743
2348092184424
2348092996333
2348091927716
2348098769274
2348097564064
2348093255311
2348098419149
2348092319395
2348091545671
2348093643807
2348092884878
2348096804699
2348090854357
2348092548747
2348093599429
2348095030109
2348098535448
2348093465479
2348094607752
2348096204765
2348091317823
2348099275151
2348095545920
2348090005109
2348094652454
2348099411161
2348097780276
2348099905550
2348099413725
2348093490354
2348099289465
2348098148774
2348094269447
2348094277115
2348098506949
2348090929774
2348098419517
2348090023910
2348096240094
2348091353538
2348097869373
2348096068089
2348092636922
2348090441585
2348097306108
2348095102204
2348091193345
2348091760351
2348090932687
2348099858821
2348094095427
2348094260544
2348097898814
2348096132374
2348099507195
2348095343514
2348095087169
2348092573837
2348094542705
2348095065376
2348098032032
2348092800883
2348093628719
2348093216792
2348097439561
2348097915714
2348090886224
2348091144851
2348099816401
2348092577892
2348090851091
2348091410473
2348090159921
2348091712692
2348090501172
2348099543289
2348098098452
2348091426248
2348099603846
2348094525096
2348095181942
2348094958229
2348096569798
2348098213605
2348091837621
2348094083407
2348094779640
2348095969739
2348092013333
2348094133236
2348092083904
2348091455370
2348098768045
2348098943268
2348090244547
2348094920578
2348090845227
2348095573449
2348099676428
2348093364660
2348093493243
2348097719797
2348090485917
2348099107045
2348096954196
2348092006748
2348090362065
2348095726497
2348098721660
2348090853011
2348095383275
2348093204088
2348097614521
2348097522988
2348096493469
2348097338412
2348098674441
2348090801060
2348098183237
2348097994016
2348095552464
2348093305308
2348097670207
2348091168227
2348090033289
2348099290670
2348098422489
2348097464459
2348095512284
2348093550441
2348099732104
2348095584773
2348091959692
2348099250878
2348098912247
2348096301944
2348093361626
2348098758610
2348097333469
2348098774156
2348092131765
2348099159992
2348096213205
2348099242854
2348091046851
2348091171866
2348096233260
2348095600579
2348092289792
2348095304278
2348098823485
2348094265360
2348098570595
2348098789370
2348099543480
2348099974472
2348098977231
2348097253602
2348093903816
2348092504834
2348096531678
2348094253663
2348095874552
2348099701851
2348092650146
2348091514629
2348097940806
2348090833061
2348094365591
2348095538427
2348096987464
2348098734934
2348098716041
2348091781024
2348097855623
2348093690961
2348090525050
2348096430592
2348099425282
2348091644331
2348096560149
2348090313182
2348090278931
2348092375484
2348097191233
2348095491229
2348092902087
2348097541177
2348098890183
2348094549325
2348095981013
2348099576886
2348097423724
2348092766472
2348093426907
2348098255067
2348090138925
2348096015296
2348094723299
2348097682669
2348097531955
2348092972972
2348091188537
2348091280739
2348092122437
2348098412369
2348093293233
2348094384358
2348095298920
2348098031136
2348096132929
2348095806160
2348092436397
2348091591751
2348094009410
2348095115810
2348094962459
2348097239275
2348097097804
2348099259486
2348098634673
2348093219166
2348099262678
2348095712983
2348095235457
2348093481779
2348090653258
2348091391682
2348093030334
2348096955269
2348097975206
2348091921885
2348091641156
2348096307743
2348096138987
2348097429175
2348090063178
2348094125244
2348093451868
2348090729679
2348093444794
2348091951284
2348096749426
2348090891723
2348097821680
2348095748712
2348093480664
2348090215926
2348098020151
2348094617232
2348090326023
2348098809886
2348095544125
2348094794927
2348092863967
2348092330050
2348093135906
2348099022234
2348090892708
2348094900517
2348090222397
2348097725258
2348099075797
2348095287648
2348098989367
2348090360335
2348091066428
2348098409527
2348093516987
2348097474353
2348092937598
2348098263290
2348098954589
2348091824097
2348095344714
2348091486334
2348093745188
2348099837760
2348091876983
2348096528132
2348098683710
2348090689251
2348091851874
2348091456818
2348096564050
2348095118837
2348096880909
2348098199894
2348095986884
2348093701847
2348096399244
2348096907419
2348093545520
2348097291364
2348097835634
2348091360111
2348093196444
2348090741104
2348094992482
2348093377186
2348090007848
2348090061088
2348099524471
2348097919807
2348098587482
2348092712035
2348091193035
2348092297671
2348091212087
2348095776439
2348092061261
2348092148096
2348094079535
2348093434076
2348093188559
2348098720394
2348094463268
2348093908601
2348095226143
2348097913432
2348091737581
2348098501897
2348090387723
2348091830542
2348098098950
2348097399116
2348096244438
2348093560287
2348090928923
2348095796209
2348093721728
2348090106072
2348093227597
2348099695565
2348098386532
2348098722860
2348095318239
2348091158607
2348098931239
2348097670046
2348096356853
2348099509531
2348090586936
2348090861930
2348097615905
2348099949446
2348093084970
2348091120893
2348099452947
2348098949654
2348095537741
2348093378188
2348097764975
2348096215047
2348095038430
2348099194511
2348094156888
2348097760100
2348095298987
2348098299416
2348092247059
2348099602346
2348098101438
2348099424752
2348095038961
2348096654483
2348090753415
2348096550953
2348090574610
2348096439392
2348093649657
2348092408828
2348098742728
2348093926811
2348095108025
2348095773643
2348090786557
2348095213977
2348094210729
2348097033610
2348094132347
2348096949667
2348095710069
2348093345093
2348099069262
2348094548914
2348096780484
2348092628567
2348090999672
2348098404663
2348095770756
2348094736057
2348099501022
2348096147573
2348097343590
2348097695082
2348094976942
2348097676547
2348096847653
2348094851687
2348097262114
2348091448225
2348099260402
2348094475087
2348098694549
2348093258625
2348098821088
2348092284879
2348091041093
2348092163894
2348096015907
2348093835905
2348094785642
2348093638620
2348098686926
2348098007338
2348096424933
2348093847304
2348093718063
2348093417865
2348091819334
2348090108687
2348091412879
2348090316972
2348093365785
2348091152344
2348094355043
2348092166100
2348098925605
2348097419815
2348095414576
2348090698493
2348091678328
2348099943789
2348099588346
2348090822278
2348094967680
2348091816804
2348096207882
2348098289637
2348090382927
2348099792059
2348099792198
2348097702089
2348090594109
2348093885728
2348093321886
2348090023801
2348098195121
2348094413881
2348091362473
2348091363069
2348092256739
2348099113996
2348096328414
2348095985978
2348092274601
2348099481851
2348097134400
2348093147980
2348094799424
2348097136588
2348098676205
2348092745075
2348096964941
2348095401965
2348097459793
2348095912131
2348093539904
2348095070978
2348095361545
2348098262591
2348097636628
2348094816072
2348094192891
2348098970300
2348093822606
2348091613149
2348098045118
2348092659330
2348097237536
2348099947114
2348098901944
2348090093652
2348098179319
2348098828784
2348098720000
2348093664657
2348090888479
2348091445055
2348091097673
2348097588127
2348096527260
2348098274013
2348093194874
2348099966987
2348095891140
2348097592589
2348091294506
2348092480129
2348090312335
2348092254002
2348097386000
2348093914222
2348094293853
2348091389679
2348093466101
2348090607455
2348095828328
2348093209787
2348094876262
2348090132803
2348095646123
2348097650290
2348091593078
2348096787100
2348097813843
2348093127105
2348096465860
2348097055094
2348098747774
2348096006347
2348099650020
2348093612568
2348093353067
2348097899304
2348098927845
2348099506682
2348091982613
2348097886826
2348092865177
2348097576211
2348095378981
2348091216516
2348096005457
2348095664321
2348094527700
2348097391534
2348090446834
2348094298644
2348099597510
2348097639754
2348096734330
2348094389047
2348092656793
2348096651994
2348098601154
2348097515525
2348090685517
2348094905655
2348096017219
2348094062769
2348091427561
2348093355597
2348099970951
2348094216348
2348096037952
2348090527193
2348093876044
2348098395321
2348099490534
2348096101281
2348095380900
2348094890205
2348094543608
2348094143379
2348093189123
2348093874655
2348092246953
2348091518398
2348099125345
2348099819021
2348090621014
2348092832412
2348098456964
2348095881310
2348090940038
2348093094283
2348099302636
2348096451763
2348095254169
2348093234802
2348096903926
2348091302700
2348090907242
2348094870566
2348091027022
2348090858737
2348093517326
2348098234600
2348096633299
2348097706508
2348090020867
2348098692155
2348099850284
2348095767180
2348093341413
2348095197523
2348094852618
2348096659667
2348090325938
2348098427200
2348099269917
2348099324080
2348090962518
2348091592182
2348093216394
2348099096588
2348095367751
2348098380257
2348098610960
2348097385352
2348094317501
2348097771179
2348096528453
2348098348551
2348091634433
2348092491489
2348096988109
2348091483175
2348095390552
2348098967719
2348098265667
2348093881394
2348098399250
2348092875537
2348096023342
2348092854881
2348097501650
2348093212906
2348099411579
2348094028407
2348094679652
2348096634600
2348098969482
2348095598628
2348092785056
2348092305804
2348094524122
2348094056650
2348096318880
2348092431166
2348095491875
2348091361972
2348094449365
2348092327085
2348097850120
2348096130356
2348095645811
2348098672325
2348090473924
2348091111972
2348091254656
2348092073655
2348094666246
2348093455081
2348092052744
2348090521065
2348097103433
2348095029517
2348095438118
2348092049669
2348095354733
2348096287473
2348093525516
2348092653281
2348097357225
2348093577677
2348093815772
2348099259588
2348097244717
2348093947731
2348090311195
2348097151800
2348093442855
2348094012488
2348097194162
2348091416385
2348095097058
2348096327024
2348093733196
2348095684272
2348098184689
2348097756142
2348091235255
2348099958232
2348099225558
2348096229173
2348097898300
2348090787540
2348093089410
2348092795501
2348090730619
2348097870862
2348099822343
2348094392311
2348093229160
2348095569643
2348099037269
2348097911751
2348098103643
2348098288368
2348090467312
2348094117316
2348094649039
2348098374002
2348098302479
2348093540297
2348099143704
2348093778406
2348098425660
2348090690507
2348097313784
2348096985498
2348090342906
2348097011569
2348095769760
2348090368057
2348096461379
2348092959315
2348093519215
2348091639142
2348092097196
2348092564754
2348096377166
2348097341310
2348092416533
2348094056089
2348095114999
2348098665123
2348092469204
2348098044011
2348091150954
2348099295880
2348090834302
2348097972548
2348095995300
2348093029191
2348097311248
2348092986065
2348095093274
2348094408448
2348096808987
2348095519253
2348099514504
2348092057078
2348097688612
2348093831830
2348094949390
2348092037047
2348091771927
2348090217204
2348092748788
2348099382841
2348093044426
2348099866767
2348093096051
2348099166527
2348097000774
2348096770754
2348093355219
2348090404108
2348095387945
2348094286001
2348098847653
2348097037343
2348094236438
2348097549980
2348093961906
2348095849982
2348097939215
2348093752185
2348096914179
2348091139891
2348098986006
2348097808989
2348091693232
2348092575403
2348090534913
2348094338871
2348097341528
2348090391833
2348099115286
2348099082327
2348094019064
2348098640825
2348099032515
2348099503584
2348092706058
2348098716168
2348098069949
2348095160372
2348091206788
2348098644572
2348099432647
2348093367261
2348090941147
2348090053338
2348098429656
2348095289026
2348093354436
2348099114844
2348093189191
2348092732784
2348091260467
2348093924745
2348097767838
2348099460384
2348091454436
2348093363148
2348095942191
2348090554311
2348097128988
2348099965951
2348096320405
2348093639393
2348099058551
2348090510484
2348096223396
2348098029524
2348097562574
2348097712548
2348093941846
2348093792426
2348096612539
2348094327141
2348092389054
2348092839712
2348096852289
2348095014189
2348091573605
2348097667490
2348091600799
2348093880801
2348097155685
2348094477887
2348093281303
2348096982569
2348093872899
2348099572325
2348099595718
2348096123582
2348090851870
2348095531873
2348093229107
2348095613753
2348090612417
2348091473314
2348099795055
2348099869602
2348094098779
2348092296534
2348093813788
2348094545451
2348091114483
2348090519264
2348095317590
2348093505122
2348094118297
2348098750663
2348099336308
2348090630326
2348099631656
2348096348440
2348093271019
2348095793786
2348090395620
2348094693152
2348091315676
2348093174065
2348093094596
2348094632307
2348092202892
2348095409051
2348099590124
2348096371733
2348091517604
2348093158230
2348093236575
2348093787894
2348099968775
2348095350884
2348091046050
2348099030510
2348094857884
2348091213081
2348092349994
2348091483777
2348094771387
2348093432098
2348093856402
2348090904108
2348095198949
2348091725836
2348090790009
2348091757604
2348090744056
2348099525701
2348093239711
2348091111842
2348096605490
2348096884864
2348099747714
2348095788998
2348099036749
2348098778827
2348093486167
2348095988226
2348096140444
2348090609679
2348095584779
2348093564572
2348099074775
2348092676676
2348090717683
2348096400987
2348094891745
2348098684165
2348095994740
2348095134884
2348097172804
2348095601000
2348095422357
2348098484269
2348096266137
2348092465316
2348098615547
2348091994628
2348092454889
2348097560104
2348097506973
2348096641767
2348098426468
2348094054045
2348098957080
2348099824997
2348095555907
2348091007071
2348099877954
2348096509547
2348093860225
2348098305293
2348095484499
2348099888347
2348091766351
2348096774721
2348097672467
2348096639668
2348091195572
2348096501512
2348094369343
2348097521297
2348090799806
2348093220909
2348090004122
2348095816660
2348094858276
2348094802777
2348099848545
2348099373354
2348094460076
2348096011832
2348092651529
2348091259586
2348091017220
2348095876364
2348092095282
2348095081220
2348096135982
2348090619740
2348092883446
2348095276206
2348098910112
2348091008686
2348099440971
2348094200257
2348093672199
2348097517728
2348093752640
2348098443062
2348091458583
2348092902153
2348092586163
2348096235431
2348099388340
2348096127390
2348094607577
2348093837704
2348093293050
2348093909803
2348099206273
2348099914923
2348097850699
2348097119396
2348090665033
2348099465596
2348093170409
2348096791107
2348093685192
2348091510672
2348093633191
2348092627276
2348094749450
2348090522140
2348095506326
2348092874025
2348092094101
2348098655655
2348091550538
2348090986963
2348094352135
2348098850732
2348095094930
2348090672684
2348090796268
2348090308190
2348096632169
2348091088328
2348098228960
2348098520888
2348091205537
2348097708825
2348095586360
2348095347737
2348091826894
2348090355058
2348092491143
2348098710646
2348096023298
2348096839950
2348090521290
2348096872911
2348094348847
2348099702916
2348091612325
2348093497154
2348092131785
2348096241172
2348094458259
2348094219497
2348096968344
2348096046354
2348097810963
2348094465978
2348093646825
2348093946877
2348099013943
2348093669571
2348090620245
2348099145971
2348098280724
2348091817936
2348091710466
2348093615521
2348095575251
2348096216976
2348091876390
2348098556221
2348098277480
2348092702151
2348091239955
2348095445974
2348090800931
2348090216427
2348099864992
2348093879247
2348099971419
2348095624246
2348098300725
2348095133001
2348094412322
2348093193136
2348098268183
2348098829988
2348095863974
2348096171813
2348094775444
2348099824745
2348099490332
2348093319640
2348095156816
2348094967111
2348091543537
2348099699984
2348090189533
2348099665648
2348092899662
2348098530412
2348094913559
2348094670978
2348096977475
2348095780186
2348094912581
2348093760699
2348096905831
2348094560481
2348093759846
2348095772524
2348091030650
2348091885207
2348096681878
2348092235079
2348094467070
2348091418886
2348095752995
2348093643158
2348099505083
2348097556113
2348099297977
2348098062495
2348090043102
2348098563752
2348097897233
2348099634201
2348091999018
2348093986569
2348093899311
2348090519004
2348090375085
2348092469922
2348098010605
2348091345896
2348094279653
2348091036265
2348091322056
2348099628422
2348096787718
2348098651705
2348090438079
2348098933057
2348094046199
2348099529022
2348098513796
2348094618565
2348093643714
2348098580372
2348096296425
2348094502644
2348094031005
2348097258160
2348098076008
2348094427332
2348093092758
2348097480179
2348096766268
2348095157280
2348095446854
2348093966023
2348095629629
2348090313029
2348093174111
2348096994881
2348099083503
2348091523287
2348095599937
2348093365526
2348096787772
2348090350941
2348095943777
2348092129800
2348091271425
2348099366455
2348096618588
2348095018977
2348090029974
2348098910109
2348097611901
2348097150196
2348098177941
2348092503777
2348098976979
2348097354225
2348093490804
2348090239814
2348099672272
2348099067917
2348094466277
2348090199425
2348099167817
2348093848323
2348091682236
2348091587261
2348094141459
2348098057397
2348095803594
2348094958345
2348091835031
2348099150402
2348099468735
2348099334256
2348094756056
2348097511815
2348093598577
2348091281429
2348099797155
2348093171694
2348093275542
2348092142888
2348092488908
2348097759690
2348094304980
2348091831147
2348097102727
2348090577195
2348090396900
2348092470830
2348095853409
2348099518906
2348092445219
2348090662757
2348092726257
2348098637243
2348097434834
2348095496875
2348096880647
2348092057211
2348091559011
2348091685630
2348097405378
2348093177526
2348091658896
2348096066625
2348091090315
2348093834269
2348090957108
2348090143062
2348095737719
2348095028872
2348094807613
2348098211987
2348099290209
2348096454536
2348098998448
2348097881560
2348094982191
2348091102508
2348098101474
2348092814430
2348096761947
2348094574603
2348097244627
2348097818876
2348096652697
2348091698622
2348090109342
2348098648734
2348091862089
2348092404302
2348092114305
2348090756788
2348090359153
2348096126559
2348094352366
2348099799774
2348096755973
2348095713729
2348094433088
2348090900348
2348093593088
2348093958701
2348092441106
2348090262696
2348092023408
2348094099641
2348099060077
2348090659423
2348091797216
2348098860987
2348092877100
2348098388151
2348091792716
2348095677389
2348090225729
2348095295932
2348097752304
2348098819897
2348098121082
2348094844718
2348099805733
2348097118417
2348099888493
2348090626173
2348092078444
2348097558153
2348098269794
2348093969178
2348097116466
2348096353267
2348093385575
2348090724682
2348090573213
2348092989770
2348094298564
2348099907606
2348091704740
2348095361778
2348098489428
2348096069340
2348095472013
2348097194418
2348093676534
2348095547484
2348092974429
2348097340708
2348097167422
2348096335475
2348094571445
2348098372120
2348097743388
2348096396616
2348094853660
2348091979728
2348097379036
2348091764562
2348093032653
2348097920886
2348095943887
2348091165640
2348090900577
2348095925057
2348090561146
2348098921224
2348092097583
2348096097201
2348098315939
2348096887209
2348099975698
2348099928473
2348097641148
2348097069677
2348091311644
2348095430727
2348097756708
2348092105531
2348099445854
2348090484708
2348090209090
2348092367196
2348090790359
2348098642279
2348096330034
2348098765002
2348090541394
2348099116008
2348092247758
2348097170821
2348099448571
2348093874900
2348091838013
2348099440524
2348092054884
2348091305963
2348090387323
2348091351517
2348098939029
2348092185970
2348095665301
2348097173721
2348093699475
2348093458030
2348097691854
2348095352918
2348096322906
2348097946138
2348092359701
2348096353379
2348098480880
2348096645448
2348090686428
2348090113900
2348099518935
2348096195333
2348098086024
2348099373613
2348097346526
2348093019833
2348097928490
2348092767704
2348092563355
2348097644029
2348099281629
2348097245700
2348091818551
2348090143868
2348098468471
2348099770337
2348093761198
2348090794917
2348094751382
2348098316752
2348095536811
2348098416878
2348099563892
2348092770376
2348096629830
2348095539663
2348095673869
2348097756480
2348098303917
2348099770865
2348093312939
2348096713777
2348092714857
2348090572377
2348094674981
2348096020513
2348092731953
2348095141328
2348093032798
2348098064835
2348091922504
2348098115543
2348093713753
2348098605065
2348094550947
2348091724492
2348093903389
2348099410343
2348096570829
2348092554662
2348099154616
2348095175480
2348090173631
2348098758112
2348094655357
2348092972163
2348099147692
2348099000526
2348095074469
2348098434499
2348098082716
2348093549406
2348093055900
2348092937440
2348090466061
2348092575135
2348090051286
2348097349238
2348090139973
2348096277524
2348095197386
2348090559747
2348090053419
2348095738941
2348096302418
2348092697003
2348090909207
2348090696835
2348091844183
2348098666136
2348093529709
2348092479441
2348092782767
2348093873551
2348099434975
2348094948054
2348096557826
2348099986196
2348093220994
2348095983315
2348093262985
2348098479019
2348093438255
2348093175993
2348093663503
2348094493338
2348097190519
2348097971193
2348093444349
2348093373192
2348094501644
2348096207412
2348095500920
2348095295653
2348094739410
2348099157639
2348092038312
2348097522217
2348095028747
2348090236170
2348098396812
2348094816613
2348097378426
2348095239639
2348096345038
2348090405694
2348093636588
2348094749988
2348097953666
2348096049913
2348096695395
2348093317417
2348094268338
2348092255062
2348099536893
2348097587774
2348092876730
2348098208418
2348091865669
2348099333244
2348092022280
2348096428821
2348098704300
2348098462242
2348095135489
2348096715934
2348090136883
2348094764344
2348096172630
2348090919486
2348097443680
2348090760100
2348094190349
2348092667242
2348095528504
2348096560716
2348096990926
2348094743459
2348091454418
2348098492471
2348099931951
2348099545609
2348099188927
2348090361789
2348090168211
2348093249615
2348091226884
2348098509163
2348094927161
2348096946981
2348095792253
2348095298608
2348091951774
2348092127907
2348096405977
2348093202472
2348090290676
2348091302109
2348090414132
2348097526564
2348093049786
2348098672581
2348096478669
2348090311783
2348098296144
2348096022139
2348099803886
2348091536407
2348093708526
2348099181887
2348095168492
2348095603194
2348099687767
2348099799641
2348094710539
2348090745056
2348096495206
2348090292884
2348090181392
2348092987972
2348094253322
2348096331789
2348099469688
2348094638378
2348090039501
2348090146590
2348092502890
2348097795507
2348092001478
2348098540390
2348091062570
2348095172646
2348092044942
2348091989906
2348094889575
2348097251802
2348091882717
2348095270672
2348098130624
2348096138873
2348097506958
2348091480237
2348094882375
2348091276153
2348096785757
2348099032013
2348099242875
2348091332987
2348094570862
2348094076049
2348098602088
2348095128107
2348090864989
2348093322396
2348094397336
2348093814566
2348098665656
2348093706520
2348097228742
2348090743608
2348093796011
2348093352920
2348091178663
2348092431307
2348099485489
2348098000049
2348095120017
2348099159563
2348095344410
2348093143510
2348095283974
2348090817609
2348092259011
2348095340884
2348094650598
2348095780084
2348091917591
2348091224809
2348098305817
2348098143888
2348097832879
2348094208523
2348092176695
2348097124591
2348091875016
2348092704790
2348095394930
2348095535336
2348090152201
2348098737132
2348092837537
2348099839549
2348091094777
2348099978109
2348093631250
2348090894187
2348090095564
2348094070457
2348095494052
2348096264520
2348091759696
2348095108994
2348095450962
2348097381647
2348096115970
2348098480660
2348094857764
2348092455168
2348096640923
2348095505522
2348090961527
2348094469668
2348093923879
2348091857986
2348093441217
2348093826022
2348098767830
2348091186148
2348090319476
2348095660756
2348097641081
2348095271205
2348090102259
2348094657486
2348094673430
2348093201760
2348093617470
2348096411814
2348090934711
2348094810776
2348090498782
2348093062909
2348091886952
2348097203480
2348095310084
2348094954874
2348099122488
2348093772505
2348095080473
2348096049875
2348092869680
2348098134911
2348091409043
2348092960355
2348099811177
2348095107601
2348097507482
2348098483023
2348094350079
2348099053536
2348093314675
2348093277615
2348096454552
2348091008750
2348093692361
2348099818310
2348097333451
2348091055603
2348096035344
2348092171432
2348091113536
2348096424511
2348092571734
2348093944068
2348098171048
2348095203727
2348094979063
2348090260699
2348099665038
2348091918963
2348097906865
2348099996880
2348096773748
2348095406939
2348090792639
2348097452526
2348093568245
2348092298816
2348099147128
2348090701947
2348094084236
2348098073348
2348093780973
2348095578177
2348093279761
2348096239008
2348095601788
2348093405267
2348091225400
2348099112361
2348092432274
2348091708474
2348099136588
2348094634540
2348099291486
2348091410353
2348091969217
2348090444953
2348091572527
2348096776441
2348091202356
2348095684371
2348098434243
2348095201343
2348093679690
2348090212245
2348097515401
2348091196130
2348098776537
2348097328615
2348093978739
2348097403686
2348094034726
2348098782930
2348093918271
2348092954825
2348092767699
2348095466539
2348096284554
2348095476304
2348097899875
2348091050538
2348093183522
2348090430835
2348099129231
2348099107776
2348090705347
2348096466625
2348099605816
2348098505370
2348090469075
2348098820578
2348090536046
2348096624988
2348092706117
2348094841697
2348097904747
2348092130860
2348095804062
2348099506627
2348090963330
2348099497280
2348094339545
2348096749910
2348098510016
2348098711841
2348091574619
2348090542231
2348095974680
2348097631393
2348093906375
2348092782129
2348097202888
2348091641839
2348096637753
2348090841124
2348098789572
2348095315709
2348092729781
2348095049285
2348090491976
2348090256890
2348091068445
2348091412800
2348093261667
2348093065556
2348095594148
2348098423125
2348093220135
2348099631470
2348098849254
2348099752865
2348090055382
2348096557760
2348093114681
2348092250409
2348098467211
2348095461227
2348094507050
2348096153402
2348099585638
2348093620757
2348096294523
2348090593914
2348097096959
2348090482784
2348096674091
2348091608975
2348098711128
2348093647839
2348091741754
2348095951657
2348090501495
2348097367318
2348090952456
2348090912740
2348094871657
2348099541846
2348098220590
2348098453380
2348098518486
2348093333358
2348097517486
2348099488580
2348091594844
2348097696577
2348097825189
2348094715533
2348090058487
2348097441355
2348092158573
2348099555684
2348095164694
2348097682178
2348098132068
2348094710895
2348097832826
2348098176514
2348093444935
2348097144768
2348090966109
2348094414401
2348097230825
2348093113068
2348097926739
2348098649504
2348095323272
2348093478657
2348092507468
2348096101880
2348096374536
2348091843053
2348095460134
2348091760243
2348093943751
2348093314107
2348096278701
2348090171687
2348096993262
2348096333645
2348097032394
2348091956997
2348096793080
2348099221483
2348096138902
2348091035266
2348095226884
2348097585199
2348099365438
2348095327995
2348094906864
2348090268906
2348095331455
2348094059337
2348094303914
2348099509336
2348094692698
2348093577284
2348093033949
2348098485244
2348092469492
2348095643410
2348094717123
2348090080492
2348099843190
2348091282489
2348095183220
2348093532711
2348091891368
2348093262743
2348094603137
2348098698303
2348095333393
2348095283478
2348094112855
2348093446360
2348095523603
2348097486226
2348090012726
2348094092235
2348092008807
2348092685034
2348092510158
2348093467004
2348090013001
2348098664003
2348094565579
2348097354401
2348091566228
2348099954751
2348092956389
2348096230383
2348099332394
2348096539605
2348094427757
2348095039101
2348093431179
2348091580838
2348090996100
2348095511717
2348094835127
2348095910804
2348098445586
2348091039551
2348098327709
2348093137078
2348099751250
2348095700750
2348090385601
2348091689818
2348096709441
2348093699938
2348096217028
2348091539547
2348099639741
2348091247720
2348095271605
2348093393923
2348094133353
2348092446303
2348090040386
2348093377021
2348091835857
2348098708995
2348093492445
2348099573561
2348090337069
2348098055746
2348099600860
2348090811822
2348097223200
2348095257669
2348092134777
2348092962204
2348096796941
2348092915244
2348094059067
2348094081992
2348098303110
2348091469896
2348099964716
2348094818106
2348091384770
2348098361793
2348094872609
2348091647916
2348090902343
2348092233116
2348091076049
2348096796384
2348096536502
2348095948912
2348099394026
2348090852155
2348090320991
2348095128436
2348099418528
2348094855613
2348095348475
2348098969600
2348098421076
2348092231520
2348090692721
2348090381305
2348096916269
2348094947513
2348098479828
2348094434694
2348093056080
2348098178936
2348090522135
2348092678147
2348092069576
2348093757650
2348094759273
2348090659297
2348093295793
2348095858642
2348097733556
2348092069569
2348092748307
2348092704830
2348096088235
2348095722685
2348090480771
2348092852805
2348093812122
2348097581230
2348099769719
2348096764419
2348093007912
2348096915917
2348094386901
2348096378765
2348099100852
2348098533374
2348098681126
2348097998722
2348095455197
2348092051896
2348097810606
2348092159929
2348097037093
2348095208455
2348094472468
2348090217370
2348095626667
2348090814276
2348095943252
2348099834926
2348090583348
2348091901913
2348096920347
2348093598105
2348095038873
2348099413186
2348094693601
2348095108128
2348092111146
2348090304949
2348096871980
2348095032219
2348098678867
2348097661869
2348097050820
2348098341920
2348099248942
2348090031842
2348091592408
2348092644064
2348093074781
2348091048428
2348098390274
2348099898079
2348090295582
2348097874118
2348091324184
2348090271886
2348099029091
2348094108152
2348093840359
2348093090005
2348099153998
2348098133098
2348096030874
2348092065441
2348093014262
2348091088519
2348093581144
2348098852985
2348096052762
2348096017831
2348091322411
2348094031623
2348090991216
2348090267436
2348094945309
2348099894771
2348095653054
2348092931994
2348094034588
2348092951556
2348096394436
2348096211910
2348099090209
2348095924350
2348099401668
2348094433788
2348095668136
2348094577659
2348098364807
2348098554846
2348097478726
2348092302147
2348099945107
2348099163327
2348098401363
2348098232638
2348090168663
2348090649353
2348093552688
2348099092446
2348098349566
2348094236895
2348096036799
2348096173200
2348095020305
2348098885225
2348099680780
2348099684722
2348094307535
2348090354536
2348092185293
2348091709964
2348097649909
2348090527495
2348099403756
2348099656843
2348098806563
2348092847217
2348096727701
2348096992362
2348093058638
2348099600123
2348091256992
2348099389037
2348090397443
2348093381051
2348093887381
2348095022126
2348098042417
2348096133567
2348095524963
2348092924053
2348098724328
2348094240597
2348099815775
2348099275566
2348090831744
2348097787475
2348095428103
2348096076942
2348098402354
2348094752832
2348091306620
2348095264607
2348096192806
2348093902378
2348090794678
2348094944743
2348097868142
2348091921500
2348095115326
2348098459189
2348098467065
2348091191327
2348095828046
2348091729806
2348095630191
2348096373304
2348093850034
2348099742366
2348095986713
2348099620073
2348096230403
2348090937037
2348094925879
2348097262740
2348093813724
2348099168821
2348099130380
2348098994872
2348092396022
2348093057560
2348092173108
2348095462622
2348094593145
2348097896704
2348095014687
2348091486947
2348091294906
2348097765687
2348098227155
2348091849980
2348097946829
2348096575656
2348098176377
2348094014402
2348099046197
2348099135751
2348095107034
2348099846813
2348094203797
2348094946870
2348090806461
2348094903488
2348094375842
2348096638194
2348098284095
2348099677384
2348093250519
2348099967181
2348097404133
2348094775190
2348093133905
2348094087255
2348095094537
2348098084862
2348097349448
2348094105252
2348093706181
2348095727640
2348090420759
2348097759414
2348097666705
2348094311562
2348094660599
2348099550730
2348092967349
2348099491189
2348099859099
2348098544674
2348099687871
2348092590791
2348093529427
2348090503914
2348098317185
2348093800236
2348093243129
2348097411556
2348095344201
2348096849899
2348090376368
2348091358558
2348090440949
2348092314725
2348095747815
2348096072357
2348092203097
2348098988820
2348094358683
2348099091408
2348092461601
2348091571379
2348097222703
2348096474783
2348098910026
2348090808067
2348091907714
2348091972566
2348090398930
2348095261930
2348091512072
2348097997763
2348090230432
2348090724790
2348091612150
2348090807953
2348095609522
2348093562130
2348094507271
2348096894247
2348095911786
2348099341126
2348098999749
2348095039899
2348099739596
2348096438703
2348097367402
2348098624457
2348094373638
2348094163966
2348092843730
2348097172289
2348092095362
2348093007139
2348096966221
2348099259203
2348092895627
2348098684993
2348093903255
2348093295174
2348095143302
2348094755486
2348095323248
2348090292185
2348097915260
2348092134485
2348095487463
2348096847893
2348090556307
2348090693345
2348098361965
2348092561161
2348096112779
2348093203009
2348090330268
2348099919430
2348094523312
2348098388406
2348099705219
2348098913095
2348095248215
2348091746330
2348094205816
2348098086817
2348092534990
2348090442112
2348095916769
2348096027074
2348092592465
2348091759736
2348090952269
2348092060149
2348094670827
2348098658278
2348098443912
2348091374094
2348098013655
2348093491050
2348092175131
2348096119887
2348094916862
2348093051916
2348091687509
2348092403567
2348094168351
2348095303766
2348095129024
2348091877764
2348094047306
2348096618196
2348093297270
2348092904938
2348092423075
2348096872036
2348090245501
2348098542073
2348092517633
2348091564919
2348091834094
2348090718713
2348099755699
2348095313428
2348099540747
2348095595375
2348096556788
2348092836125
2348091527201
2348093209103
2348090193065
2348098549527
2348090970893
2348097061354
2348097856899
2348095099189
2348092662867
2348099289917
2348093812731
2348091074154
2348093886930
2348093067380
2348094429930
2348094415560
2348090851468
2348097757823
2348095479182
2348097966267
2348091448394
2348097966979
2348090901773
2348094384061
2348090161482
2348098763853
2348094601786
2348096887413
2348096809498
2348096947885
2348094658488
2348098401077
2348097253852
2348091027745
2348099482432
2348094627911
2348091435779
2348092822070
2348099118289
2348091249346
2348092450704
2348094619600
2348092745169
2348091234867
2348091927153
2348099279238
2348097630322
2348096773408
2348099476233
2348097366599
2348093251458
2348098248691
2348096892239
2348095183352
2348091973583
2348091385552
2348094606012
2348096624742
2348097611741
2348090615313
2348093640640
2348095135120
2348093755614
2348097373258
2348092707615
2348093855040
2348094456940
2348091773168
2348090613235
2348091286597
2348093890838
2348091893406
2348093669026
2348090973032
2348095531882
2348090687544
2348095557932
2348090957629
2348096091224
2348090572705
2348092697737
2348090882480
2348097606123
2348095649957
2348093492199
2348095232477
2348094781882
2348090372849
2348091806671
2348092196913
2348099114813
2348098779893
2348094189523
2348093149794
2348094635440
2348093122358
2348095814896
2348095948357
2348090322071
2348092611295
2348093625520
2348095694567
2348099862525
2348094453827
2348099220516
2348096217712
2348094010789
2348098471744
2348093957063
2348091779891
2348094008959
2348094282239
2348096643746
2348091969583
2348093537810
2348095884460
2348093914475
2348094676784
2348097181485
2348098309795
2348090200655
2348096089249
2348098326904
2348096901853
2348093872333
2348098369306
2348094520927
2348097094546
2348097936802
2348093962654
2348093321197
2348090330597
2348097085328
2348094075622
2348094569572
2348099491212
2348093800065
2348094990566
2348090120113
2348093507689
2348091599218
2348093038657
2348094680440
2348095071560
2348096366031
2348094511846
2348091960291
2348092141584
2348095685962
2348095051033
2348094431669
2348091182071
2348094747495
2348090768032
2348090648709
2348092734052
2348091537822
2348098125790
2348098807898
2348091910852
2348093647220
2348098727687
2348092347034
2348093259566
2348090291905
2348091834703
2348098116144
2348098140469
2348097426563
2348094938996
2348098429924
2348090077983
2348093791559
2348097306378
2348099916132
2348093763642
2348090877680
2348091361125
2348092600312
2348092385299
2348096750378
2348091659765
2348090745364
2348098816128
2348097946671
2348098256235
2348090632245
2348093122890
2348090757999
2348093531653
2348095849864
2348094797402
2348092572312
2348090591732
2348096666630
2348097560209
2348093437908
2348095436416
2348093640952
2348093101802
2348090679032
2348091759789
2348097318298
2348098637853
2348094548786
2348092193486
2348090462241
2348090986539
2348091224503
2348099383301
2348090243116
2348095361873
2348096283651
2348092877248
2348091342982
2348093871957
2348090453654
2348094097182
2348090653000
2348099963305
2348097737199
2348096452209
2348095007757
2348097496706
2348092200398
2348099967598
2348097614206
2348092040307
2348094819126
2348091730550
2348091001005
2348090439767
2348092287397
2348091433469
2348099644722
2348097886873
2348093865793
2348094839589
2348096051157
2348094836931
2348098589881
2348098684441
2348092302252
2348091426710
2348092805416
2348096040181
2348092837812
2348090208176
2348098730573
2348099145313
2348097802908
2348090524496
2348097484538
2348093885962
2348095637611
2348099265213
2348097586664
2348090362431
2348091594377
2348096683645
2348097603229
2348097707766
2348093337078
2348095765801
2348097947674
2348091228076
2348095726797
2348091054984
2348090209362
2348092251598
2348093017791
2348091544057
2348091796921
2348096730255
2348095665183
2348096635120
2348097719749
2348095779507
2348092691695
2348092631836
2348096483232
2348093258807
2348090030700
2348092441133
2348091645007
2348095427628
2348095144897
2348092656803
2348093828942
2348095031649
2348096665610
2348092286307
2348090198599
2348098370336
2348095026811
2348093692488
2348093849191
2348093380061
2348099309237
2348096590885
2348095122354
2348097951663
2348096823981
2348099688807
2348098606344
2348096363562
2348098097001
2348096212484
2348095917122
2348093304490
2348093984124
2348093762399
2348093383780
2348097744944
2348096295353
2348093230023
2348099683202
2348092114669
2348099476160
2348095267874
2348091232741
2348094700287
2348092552652
2348093138530
2348097576995
2348094820823
2348091066417
2348097851521
2348091733945
2348094309008
2348093949719
2348094451429
2348096735108
2348092933352
2348096385918
2348098963883
2348095872695
2348094664902
2348093165542
2348098867425
2348097611026
2348093674773
2348098939966
2348090229354
2348098844487
2348096931226
2348098391403
2348099942268
2348095140775
2348096200885
2348097700839
2348099675278
2348099684273
2348094883160
2348099836715
2348093729691
2348098527159
2348099078979
2348099283218
2348097017617
2348094506156
2348095801418
2348090413697
2348093086933
2348094495178
2348090517813
2348098220920
2348096080203
2348090792689
2348094853735
2348095388967
2348095046883
2348099764127
2348098646732
2348092299600
2348092438210
2348094155481
2348091304534
2348095014468
2348094550751
2348090543088
2348095213566
2348096359439
2348095131589
2348093635883
2348092213815
2348095360134
2348097714115
2348091678524
2348095049767
2348098360580
2348096896083
2348095055950
2348092453113
2348099749510
2348094671138
2348090394305
2348099229023
2348096100544
2348098496415
2348098996649
2348094129553
2348099236765
2348093111551
2348091987205
2348093911244
2348097546796
2348093291110
2348097360051
2348090734193
2348099748926
2348098409892
2348098810903
2348095021631
2348098939063
2348090789019
2348098586071
2348095806276
2348097860849
2348098563643
2348099689170
2348097475182
2348091053028
2348099915707
2348099888631
2348090949245
2348092143744
2348090383012
2348097475175
2348090379718
2348098670434
2348097951389
2348094056261
2348091619524
2348096701522
2348097291621
2348093951263
2348099785249
2348098190130
2348093374974
2348096639487
2348092178365
2348090143921
2348091080175
2348092822957
2348099476256
2348099836761
2348094585856
2348090920298
2348097741429
2348094936095
2348090361894
2348091696963
2348091850775
2348095566773
2348097820639
2348094502267
2348095171434
2348092574178
2348098381631
2348091657932
2348093301315
2348093061911
2348097028061
2348091674274
2348092170131
2348090088818
2348090715797
2348096412877
2348093717803
2348096750656
2348092987248
2348090228064
2348093506852
2348092403757
2348096703753
2348095461239
2348091445239
2348090178790
2348090035135
2348097552242
2348094797389
2348093673956
2348093787791
2348094861745
2348091878984
2348098588402
2348096170492
2348097290999
2348098962740
2348099851695
2348092980771
2348093579741
2348097757160
2348094159932
2348090539654
2348093631153
2348091529865
2348090024333
2348093714253
2348093241753
2348090628764
2348098213583
2348093998691
2348092895517
2348099065704
2348097146505
2348099814688
2348098368558
2348091155723
2348090427129
2348094845687
2348097527856
2348098536770
2348099429458
2348092503195
2348096669846
2348096585946
2348098197284
2348099945950
2348096060181
2348097079940
2348094243301
2348094840927
2348090770782
2348091636880
2348094501670
2348099268196
2348091323252
2348090468298
2348094454267
2348093810606
2348097141683
2348094443993
2348090858264
2348095169201
2348095969741
2348098192111
2348098444697
2348091367198
2348096331116
2348099153674
2348093016548
2348094007715
2348097680355
2348091938676
2348093692908
2348098117486
2348091540687
2348092713178
2348099062762
2348095982500
2348098414431
2348096211607
2348099609262
2348098239428
2348097062822
2348095734836
2348097320689
2348094597813
2348091193359
2348097059011
2348093217504
2348093518984
2348095006678
2348094901232
2348097617051
2348091285295
2348090685247
2348097325375
2348097553820
2348096948294
2348097944090
2348091630384
2348094242362
2348095570236
2348094709960
2348093870420
2348091657486
2348090969727
2348090082906
2348095125579
2348098908312
2348094162060
2348095288940
2348096404869
2348096181775
2348091493903
2348093954790
2348098280412
2348092823026
2348096161750
2348095868284
2348090955485
2348092295046
2348090232488
2348093207195
2348096424950
2348097891741
2348099824841
2348096946277
2348092051136
2348099279355
2348092015001
2348096167942
2348091513378
2348098210503
2348091354930
2348093759532
2348094576058
2348091907502
2348094247263
2348097293610
2348096760157
2348095881276
2348099618884
2348096579876
2348091274321
2348093390184
2348094324423
2348099229163
2348093240408
2348094071162
2348096967212
2348095774384
2348099114628
2348092489549
2348090754661
2348097317190
2348097769663
2348092059964
2348091285278
2348090206356
2348091302164
2348099546721
2348096429638
2348091721646
2348098609127
2348097551317
2348096225889
2348091928231
2348093258243
2348090303862
2348090394771
2348097128581
2348090547021
2348090956077
2348096636236
2348090422092
2348096642215
2348097015815
2348091214034
2348098564937
2348097515440
2348091679008
2348098430811
2348094945352
2348094951511
2348092861765
2348092320141
2348098883134
2348097005896
2348099440979
2348095053516
2348097419821
2348097005538
2348090668869
2348091476687
2348096807126
2348099976548
2348090570358
2348099174244
2348093788372
2348096422088
2348093501743
2348091562537
2348092060877
2348098498687
2348093051652
2348097695036
2348099405174
2348090290522
2348091901064
2348094128194
2348099193142
2348097204148
2348098837461
2348091940702
2348095704184
2348092621343
2348092812015
2348094629287
2348097855276
2348095165536
2348093946265
2348092452128
2348090716171
2348093076108
2348099137867
2348098624957
2348097819581
2348096428027
2348099979142
2348098327502
2348090749526
2348094772179
2348095988882
2348095841749
2348091027644
2348098003216
2348098082125
2348096428990
2348099977138
2348098465199
2348094026973
2348092370963
2348093967180
2348096436055
2348091008887
2348098193659
2348097702629
2348094234915
2348094632711
2348099748569
2348099604542
2348099274532
2348091696933
2348098800100
2348090636313
2348097703058
2348096410002
2348092360894
2348094951631
2348098075597
2348093051864
2348099391932
2348098204017
2348090576438
2348090588159
2348090819122
2348090061185
2348097656903
2348098645425
2348091130909
2348099952087
2348091094071
2348095031573
2348090883757
2348099078650
2348096757269
2348099101857
2348095127800
2348095536070
2348093692124
2348092632425
2348090655737
2348099484746
2348092571102
2348097433246
2348098243909
2348097131209
2348090544509
2348097279828
2348092347464
2348097181785
2348097001562
2348097824081
2348090659230
2348094193335
2348091758185
2348095702606
2348091691938
2348094453331
2348096484270
2348099843031
2348091796031
2348099840619
2348092633292
2348099879185
2348091605978
2348095272255
2348090150389
2348095929150
2348093839728
2348094368406
2348091890741
2348091871885
2348096974399
2348090467343
2348098874199
2348091527815
2348095780950
2348096427239
2348097205150
2348092707306
2348097880056
2348094986328
2348098712121
2348090518730
2348092034557
2348095943864
2348092408610
2348092978621
2348096543227
2348094712804
2348094845445
2348092584638
2348093944501
2348090878860
2348098215568
2348091719601
2348096114817
2348096312793
2348099006195
2348093395225
2348094697440
2348091586914
2348097300988
2348092011992
2348091883678
2348097283049
2348096075665
2348098487568
2348095617865
2348095417445
2348097968071
2348097826758
2348099216600
2348096383619
2348092284500
2348093436726
2348092241314
2348093678254
2348097062470
2348096192629
2348095694737
2348096935475
2348098007538
2348094235545
2348099330041
2348098873070
2348090157810
2348091291827
2348092773726
2348098686166
2348091396857
2348092031829
2348095578668
2348094390003
2348096461788
2348094341429
2348092571503
2348099438331
2348098351005
2348091634139
2348092076037
2348099368600
2348096985106
2348094980034
2348099184316
2348095099092
2348094013950
2348098313104
2348095952161
2348090320935
2348097019944
2348094328015
2348090516024
2348094874224
2348093845634
2348099821748
2348090902826
2348096576387
2348098477792
2348097968465
2348091092126
2348091674472
2348097585221
2348098825796
2348092874439
2348096453211
2348091485372
2348095851200
2348092022929
2348098839533
2348095590430
2348094994088
2348094459681
2348094542928
2348095144412
2348092133875
2348093286357
2348097819477
2348097788980
2348092077810
2348090892141
2348096652329
2348098875228
2348094974056
2348091693262
2348091704401
2348090104376
2348095338371
2348095172152
2348093724265
2348090131383
2348090199626
2348091682735
2348098826464
2348099579220
2348096910504
2348090351871
2348099318406
2348093507513
2348097548086
2348095316564
2348099663759
2348095244059
2348093954093
2348091269216
2348096377883
2348094073975
2348092162782
2348090462506
2348096174514
2348094490538
2348095044725
2348093654091
2348092965277
2348091742605
2348092130901
2348098541046
2348097422754
2348092418876
2348090932176
2348090734090
2348099160387
2348097925633
2348095094980
2348096247876
2348097309492
2348095391587
2348094014271
2348094198337
2348092713222
2348098388874
2348097093095
2348094906334
2348093875192
2348091714248
2348096641725
2348097413369
2348096104949
2348091766715
2348098338666
2348095477670
2348091480699
2348093298519
2348099964862
2348090613570
2348090834514
2348092381124
2348094205100
2348095601898
2348098572802
2348091783420
2348092494767
2348096462781
2348093420729
2348094899495
2348092349371
2348098781294
2348096732131
2348092186545
2348098701274
2348092096164
2348094979685
2348095699434
2348096490488
2348099714432
2348094496993
2348091247172
2348096900076
2348096911316
2348090647999
2348095604432
2348095479322
2348093955093
2348098376227
2348094454175
2348096627682
2348093958434
2348098314943
2348094300530
2348099509606
2348090498801
2348094052240
2348093289122
2348094202085
2348096209291
2348091261787
2348096329297
2348097366741
2348095077765
2348093973111
2348091034013
2348098721645
2348097047346
2348092964172
2348099589630
2348099570242
2348091528136
2348092545651
2348097982576
2348095113289
2348091277475
2348092795366
2348094042493
2348090395266
2348096167214
2348098589644
2348091329393
2348095586664
2348096936149
2348093645714
2348098402871
2348092471540
2348099926015
2348095193453
2348095242546
2348097774424
2348094073377
2348097783633
2348090297135
2348097155028
2348097676165
2348099795885
2348099989112
2348097316146
2348092218894
2348090338612
2348090633766
2348097787840
2348091794360
2348092022885
2348096985199
2348095214748
2348094803622
2348098373215
2348099324204
2348090486029
2348091296135
2348096582497
2348096192575
2348093388962
2348094327630
2348099564489
2348092010719
2348090381757
2348090219743
2348091026118
2348098174752
2348094908577
2348092784848
2348092111557
2348099882264
2348096147667
2348096166694
2348094635651
2348096219372
2348095399547
2348096441787
2348099839102
2348095935567
2348094486052
2348099871766
2348091803080
2348099276290
2348095747171
2348092559817
2348096621580
2348098518852
2348093119184
2348091846217
2348090923255
2348099396202
2348096723315
2348098430444
2348097266999
2348092253509
2348091977792
2348092039754
2348093002307
2348098024576
2348095369657
2348096680733
2348095670415
2348090205089
2348092282500
2348097762133
2348091687607
2348098989049
2348095462601
2348092922482
2348097130639
2348094381643
2348096792974
2348099963033
2348099872883
2348090069533
2348099598028
2348094361142
2348099021186
2348095826018
2348092802710
2348094552426
2348091876433
2348090794654
2348090842341
2348091860638
2348092767721
2348094252914
2348097097507
2348095990864
2348092283999
2348094468104
2348095314369
2348092371344
2348093534731
2348099091431
2348097980562
2348090968694
2348098651985
2348093161206
2348090440803
2348091467959
2348099210765
2348093421656
2348096147188
2348094725154
2348098600859
2348094139778
2348096439106
2348093461849
2348091724213
2348095577012
2348095522903
2348095095074
2348099679773
2348094140147
2348099257597
2348094614797
2348095574479
2348096179270
2348092718519
2348099466189
2348091048670
2348099100095
2348092028017
2348092683432
2348092995414
2348099636427
2348090370909
2348094252410
2348091714257
2348094153469
2348099054890
2348097443471
2348099689602
2348095166303
2348090892479
2348096382558
2348091385352
2348093376436
2348092621797
2348091374960
2348095073458
2348091984735
2348096836325
2348098958615
2348097344728
2348090412602
2348093047752
2348096060912
2348098444212
2348090059462
2348098201529
2348092717638
2348098631552
2348098031450
2348096419705
2348093461118
2348093860988
2348097378773
2348095137281
2348095863371
2348095610199
2348090675864
2348094117747
2348093401425
2348098849995
2348091185295
2348097000704
2348094176094
2348095204516
2348092086556
2348091809580
2348090853329
2348096091038
2348097786911
2348095777404
2348098882360
2348092725733
2348099151594
2348090427509
2348092247874
2348094462257
2348091003513
2348091575132
2348096133492
2348097656233
2348099132364
2348097666610
2348094244805
2348096859403
2348097724566
2348099877195
2348094271980
2348094105684
2348093126134
2348098026351
2348095191484
2348096271974
2348094735135
2348090354764
2348091891118
2348099025748
2348098352391
2348095735605
2348093874282
2348098729995
2348099452113
2348093721103
2348098819325
2348097345334
2348098790103
2348094550679
2348090823018
2348096303163
2348099225651
2348091711634
2348099206184
2348090624801
2348096342021
2348090167608
2348096850373
2348096245775
2348098576427
2348090324248
2348096163509
2348095234294
2348094257389
2348096569948
2348096594794
2348098034726
2348097162714
2348090763717
2348096366278
2348093395192
2348093379235
2348093352941
2348094711614
2348093268217
2348092512204
2348097448486
2348096974224
2348096268853
2348095633587
2348094513773
2348093041620
2348093302465
2348099378332
2348096189655
2348097171034
2348098263205
2348090861422
2348091761669
2348099205047
2348091118736
2348090310385
2348095800747
2348098759788
2348093078331
2348098226841
2348098616327
2348099177982
2348090327033
2348098921640
2348090108049
2348097838735
2348090263388
2348090023261
2348096124017
2348097733819
2348097672678
2348095725130
2348097905193
2348093509683
2348092022806
2348096419043
2348099014477
2348097821609
2348097533253
2348099787480
2348098900611
2348095985834
2348097461852
2348097310887
2348093068753
2348090291315
2348092005514
2348097041758
2348094613639
2348094306897
2348097448867
2348097935204
2348097190620
2348097604647
2348092167532
2348092442843
2348090043981
2348094751415
2348097038198
2348090987061
2348095315955
2348091957325
2348097646745
2348096140449
2348095368535
2348091059207
2348099792457
2348095422135
2348097562316
2348091539806
2348092203194
2348092377841
2348092380563
2348093196714
2348090306474
2348098440935
2348091384049
2348091290555
2348095266842
2348092506830
2348095293985
2348092179545
2348096207334
2348091851883
2348093366903
2348095602109
2348090571380
2348091826106
2348091844693
2348092899719
2348099053256
2348095075613
2348098519204
2348095406528
2348099851058
2348093560150
2348099899489
2348098215015
2348091980989
2348097998406
2348096594344
2348093225617
2348094211303
2348094447699
2348091870370
2348094607814
2348098314272
2348094293609
2348093189561
2348095486509
2348099644093
2348092938881
2348098961633
2348092840612
2348093442476
2348098558217
2348094044268
2348097104932
2348092912282
2348098466722
2348096152810
2348099704991
2348098898376
2348098745820
2348091350779
2348094371184
2348093117659
2348096785277
2348096738309
2348099608931
2348096107327
2348097701802
2348094579698
2348091535703
2348097179772
2348099474837
2348096994561
2348095397664
2348098139442
2348090807630
2348096459212
2348090643667
2348094578287
2348092488877
2348097556890
2348095068579
2348092349223
2348096715552
2348091247628
2348097963068
2348097682847
2348096411882
2348095581022
2348097185424
2348097147773
2348091327498
2348090043408
2348092315465
2348098502443
2348091270492
2348092930104
2348094690860
2348099622123
2348095490535
2348094941313
2348092354144
2348092923702
2348098741980
2348092935482
2348098694959
2348097871694
2348099788380
2348094758429
2348094476264
2348094981518
2348096401425
2348090680339
2348093759650
2348095929859
2348097805323
2348090913015
2348092928454
2348093094833
2348098993928
2348095999808
2348099965966
2348098437793
2348090734085
2348096998602
2348090745475
2348095688818
2348099399128
2348091368584
2348091786486
2348094000718
2348093683456
2348091308667
2348094676980
2348098664828
2348095680494
2348096409790
2348093858432
2348099837125
2348093234959
2348090312782
2348099271399
2348094102380
2348096114586
2348091626504
2348099278248
2348095899908
2348096792483
2348091486776
2348099065691
2348091707642
2348092334788
2348093065886
2348099301486
2348098325279
2348099489129
2348095506966
2348099980083
2348096632066
2348097970978
2348096774881
2348098285552
2348097826960
2348090040119
2348095565712
2348092066857
2348090143058
2348092040191
2348097005773
2348096052201
2348098468405
2348091849905
2348098922377
2348096041577
2348093586026
2348098054541
2348099406462
2348092313289
2348092282268
2348097984535
2348096569985
2348095449921
2348098257835
2348090459608
2348098851958
2348094362005
2348094578439
2348098097472
2348099436460
2348093964470
2348098237760
2348098419801
2348095317792
2348092164853
2348090191539
2348093815908
2348093431509
2348090972475
2348090032732
2348097720876
2348090294536
2348094218430
2348092190202
2348094520379
2348099293890
2348093006796
2348093239204
2348090368090
2348092769627
2348097079609
2348090178066
2348099492272
2348092286697
2348093653394
2348093180117
2348097603850
2348094424427
2348099033293
2348097732626
2348096466716
2348094440751
2348096779476
2348098709699
2348099142140
2348094507461
2348094750163
2348095171338
2348097095381
2348095244606
2348098007956
2348091240289
2348098200368
2348095381820
2348090055825
2348093248951
2348091001410
2348095495609
2348092536509
2348098601065
2348095655994
2348094831017
2348094184861
2348091451667
2348099271982
2348095610200
2348095997258
2348090933784
2348096492229
2348091711667
2348092629568
2348095674709
2348092642661
2348092239811
2348096654729
2348092349682
2348098140224
2348097115806
2348096942032
2348095493820
2348093339255
2348097959695
2348091225889
2348095337103
2348097066356
2348096037578
2348090042293
2348098301961
2348098184657
2348097572495
2348090084445
2348098686911
2348094052685
2348092811251
2348096727995
2348099829696
2348096650066
2348099733323
2348092967677
2348093915395
2348095446994
2348094641289
2348097818254
2348099747279
2348092126119
2348091824856
2348090417935
2348097433657
2348098323126
2348094204253
2348095376421
2348094228152
2348093851078
2348098985823
2348091831159
2348091304009
2348095049606
2348098489015
2348091866031
2348095531628
2348094686361
2348093232348
2348096808722
2348092979895
2348093023358
2348096006116
2348091470947
2348090810123
2348095383357
2348096957417
2348099013036
2348095165365
2348093194613
2348090711838
2348097458190
2348091895144
2348090928991
2348099502740
2348097996371
2348093508496
2348098968739
2348098706901
2348094522365
2348093177816
2348092732994
2348093466263
2348096807601
2348096678461
2348095663562
2348091310149
2348096763178
2348096827036
2348094903857
2348092061693
2348095003552
2348090896883
2348097069298
2348092643990
2348092258349
2348094896705
2348097618964
2348099630748
2348091256105
2348099146305
2348090592420
2348091410412
2348091377164
2348090521919
2348092861381
2348095541222
2348096109576
2348096453670
2348099136995
2348099606847
2348090368147
2348094066494
2348096368642
2348093216490
2348096918055
2348092410496
2348095113813
2348092283851
2348097614891
2348092202588
2348093584437
2348090895532
2348097980275
2348095779795
2348092735637
2348096377938
2348090269511
2348091920301
2348098836145
2348098313874
2348091549836
2348099158405
2348095828452
2348094415400
2348090940073
2348096507324
2348090628535
2348092510247
2348092683118
2348097987922
2348095962544
2348097369544
2348090719913
2348098662560
2348097488745
2348090419089
2348096134606
2348090867219
2348094807627
2348097568638
2348093995371
2348098102924
2348094896396
2348099205689
2348094346983
2348099179939
2348091004379
2348094987485
2348097735895
2348096012640
2348096209118
2348093145147
2348098967213
2348099999097
2348099200097
2348091336409
2348092237160
2348091611730
2348091273576
2348091563530
2348090341084
2348090222525
2348096541087
2348090199735
2348096668730
2348099661488
2348096099625
2348090487129
2348092520791
2348093605278
2348095805249
2348098726806
2348092180513
2348093207204
2348096809765
2348099073584
2348091764157
2348090691366
2348099454025
2348097838340
2348094270541
2348099849071
2348099656874
2348090110181
2348095281837
2348092973559
2348097078233
2348099187118
2348092821216
2348098968314
2348092472628
2348092546878
2348095197934
2348098783299
2348099105543
2348091088654
2348092604853
2348090818098
2348098612751
2348098464779
2348091485057
2348098162546
2348096872068
2348096624209
2348098236062
2348099827131
2348090921554
2348090620738
2348098729960
2348094942454
2348091394934
2348093383423
2348093622970
2348099426979
2348096449015
2348093598676
2348094542420
2348093422558
2348099306994
2348091023279
2348094664672
2348094876709
2348091203038
2348090773074
2348099318111
2348097248333
2348094670080
2348092565904
2348093596216
2348098878306
2348094209366
2348096838806
2348098064741
2348099904344
2348094143679
2348094495507
2348098890130
2348091859463
2348098849403
2348098229756
2348094783314
2348099873943
2348092081127
2348093835146
2348090470050
2348093141595
2348098532591
2348092581818
2348091111265
2348099987373
2348095359768
2348091948891
2348099107770
2348097832555
2348092909897
2348090968215
2348090536049
2348092108661
2348090582384
2348096312949
2348090372515
2348098286801
2348093845027
2348093864477
2348099546804
2348094536499
2348096312895
2348094963429
2348093203589
2348093456417
2348092176204
2348090366740
2348091082994
2348098372106
2348098935885
2348095620614
2348098074388
2348096762777
2348092947713
2348095915405
2348097222203
2348099102898
2348098726017
2348092166444
2348092610400
2348098692551
2348096099850
2348094792541
2348098343994
2348097407209
2348096019307
2348090896547
2348096706672
2348099701027
2348095700419
2348096643112
2348096424145
2348094635774
2348093811444
2348093980681
2348093798156
2348098985676
2348094459921
2348099050910
2348098727862
2348093360488
2348095087105
2348095474582
2348093338131
2348090530853
2348091542241
2348094385715
2348091873447
2348097208441
2348099715057
2348099828979
2348092652400
2348097606748
2348092547483
2348096907776
2348097374554
2348095775145
2348098075677
2348094407418
2348099182084
2348099953796
2348097181431
2348094060588
2348096254699
2348098896266
2348092517347
2348091977727
2348092943014
2348091649679
2348098820335
2348099459157
2348096854930
2348094960572
2348096112038
2348095466999
2348096577590
2348090415268
2348097539531
2348097105638
2348095692339
2348093375038
2348093676663
2348095491356
2348098505147
2348096136314
2348099408577
2348098828151
2348092842529
2348094498350
2348094697578
2348093624054
2348092060219
2348098173317
2348099479000
2348094865862
2348091721993
2348093915403
2348097413912
2348099647404
2348097693768
2348094921243
2348095169535
2348099051913
2348094114624
2348090836661
2348097332542
2348093379957
2348097240908
2348096196718
2348097871819
2348094057494
2348094893606
2348090592464
2348094657189
2348099756548
2348099445431
2348098812342
2348097386255
2348099567824
2348097165895
2348098117223
2348098912378
2348092433741
2348094747546
2348099670441
2348091566595
2348099410397
2348095866675
2348091035673
2348093295279
2348094054853
2348092298509
2348091079919
2348093049915
2348099532652
2348093208509
2348097309874
2348098275549
2348091871469
2348099814011
2348092388071
2348099992409
2348093499953
2348091557511
2348096463696
2348094532757
2348099447130
2348098589890
2348091197161
2348090066230
2348098475571
2348095287958
2348093513873
2348094658901
2348096638264
2348091475634
2348099495614
2348090627059
2348094253735
2348090575791
2348098441936
2348091848130
2348094502960
2348090015986
2348096835184
2348094304959
2348099940139
2348095523356
2348093341277
2348092836190
2348090240307
2348099069218
2348093413201
2348091437778
2348099173434
2348095452922
2348097134349
2348090187280
2348090594624
2348095580637
2348099004741
2348098186953
2348098409750
2348098026424
2348094647430
2348098299218
2348091071896
2348098108162
2348093836293
2348098221309
2348097125849
2348094463284
2348092979428
2348091104273
2348092862955
2348096669300
2348098581906
2348094332488
2348093534692
2348097089912
2348090279159
2348092031590
2348090678979
2348090085971
2348099071015
2348092960084
2348095624608
2348092664072
2348091008469
2348099810732
2348093501085
2348090460229
2348097799814
2348094803851
2348093557801
2348097970380
2348090321742
2348099184940
2348097432958
2348094561998
2348091764707
2348094949348
2348096549579
2348093587958
2348096938470
2348090824185
2348095331831
2348095027643
2348098285763
2348094051725
2348092186124
2348098193458
2348090187942
2348099428263
2348098059210
2348094922214
2348095278276
2348097894708
2348097699084
2348090282246
2348099468658
2348094075229
2348096266249
2348099377102
2348095149816
2348090944789
2348097381832
2348096033335
2348099992129
2348095177091
2348097143341
2348097884673
2348094824229
2348092584331
2348092812281
2348096303424
2348098741535
2348090030799
2348097677854
2348096306957
2348094650177
2348095283170
2348096388433
2348099383961
2348095444447
2348093709200
2348094488638
2348095384354
2348095022991
2348096245251
2348092188427
2348090390286
2348099659115
2348098492538
2348090856595
2348090573481
2348090325553
2348099261752
2348090075657
2348093166693
2348090817788
2348095546861
2348092889964
2348090410944
2348094461188
2348099490670
2348097229213
2348095781554
2348099503253
2348096875059
2348090426525
2348093287520
2348095988228
2348095071950
2348090560924
2348096674948
2348094647498
2348094975176
2348096248668
2348092969424
2348090014013
2348095466344
2348090124628
2348092085116
2348091690133
2348099766223
2348091804628
2348093407286
2348091552747
2348092389821
2348096685889
2348094919847
2348092161438
2348091835296
2348090737549
2348097433664
2348093681180
2348091258821
2348097749904
2348090951148
2348093818106
2348092693996
2348091393600
2348099276725
2348099513902
2348095548364
2348090367473
2348094921531
2348090109947
2348094291748
2348092640028
2348090218621
2348098194285
2348097916874
2348097237345
2348097204238
2348090458314
2348098189906
2348099734843
2348098581476
2348095154023
2348099574531
2348099168185
2348092151180
2348096698774
2348092589919
2348093263155
2348091975828
2348092631071
2348098047377
2348093507091
2348099153286
2348099310982
2348097174763
2348092672257
2348094647025
2348096302180
2348099905427
2348091056278
2348097321399
2348092561889
2348090974954
2348093815021
2348090033291
2348096321717
2348092942777
2348092666388
2348094974342
2348099769692
2348094087179
2348093019698
2348097908123
2348092477635
2348092029690
2348096421210
2348096553617
2348097187022
2348092490794
2348091629284
2348095049744
2348099567817
2348097064119
2348092044867
2348091632262
2348096523724
2348099672028
2348092235099
2348094898753
2348093652714
2348092738053
2348099421490
2348091295037
2348095617702
2348097209265
2348096746271
2348091039056
2348099226687
2348094050038
2348091116140
2348091835170
2348094810869
2348099686526
2348092110555
2348099342910
2348091678570
2348098978045
2348098781528
2348090619736
2348099198948
2348091314817
2348096740003
2348095715932
2348097391371
2348090438114
2348099970855
2348090081666
2348096381573
2348098843996
2348090142938
2348098461980
2348093800440
2348098616771
2348093630764
2348093183338
2348095288994
2348099639670
2348094731887
2348097775199
2348096889480
2348092607874
2348094809617
2348095851577
2348093703071
2348098830841
2348092965732
2348093369072
2348098027505
2348093188118
2348096321299
2348096999121
2348091010561
2348094473888
2348093662799
2348097685092
2348099703417
2348094434059
2348094122935
2348090615922
2348092171015
2348090939225
2348099834873
2348099890045
2348096809360
2348099430704
2348090278886
2348095360900
2348093560019
2348093694580
2348097210447
2348095200147
2348095428368
2348094843864
2348098487031
2348096650259
2348094598384
2348095006775
2348095863973
2348094514842
2348096741335
2348094654083
2348095399150
2348095006671
2348099609972
2348094575015
2348097183301
2348097158802
2348093355560
2348099716114
2348090529719
2348091926418
2348095352923
2348093689176
2348090389950
2348095886405
2348091192005
2348093312686
2348092386811
2348099202709
2348094651241
2348099521723
2348095019732
2348092693674
2348093156026
2348097879482
2348097299957
2348092020877
2348091375263
2348093006167
2348094186634
2348096113144
2348099932917
2348096165060
2348098187046
2348095104389
2348093248649
2348097166886
2348093234023
2348092205301
2348092121200
2348095903635
2348095560035
2348092172617
2348094247671
2348098480431
2348090012802
2348095488490
2348098095638
2348093675974
2348091637644
2348092167608
2348094162625
2348094344355
2348095428653
2348099113181
2348091159299
2348096780946
2348092993388
2348095844144
2348098461519
2348098288915
2348093660914
2348092522954
2348095765088
2348098675684
2348094756496
2348091963179
2348099930817
2348095339164
2348092761018
2348090544222
2348096772859
2348098043936
2348095181262
2348092346956
2348096459414
2348091884525
2348099198726
2348099605881
2348094491465
2348093570478
2348092659788
2348097298398
2348094328944
2348093396382
2348090314776
2348095650528
2348096147066
2348094885000
2348094758489
2348091088268
2348092849489
2348096189744
2348095600918
2348091015828
2348096218103
2348092515985
2348095746208
2348097752270
2348095939176
2348090665256
2348092086162
2348099629461
2348097141021
2348096507682
2348090849177
2348091073222
2348099189847
2348090001756
2348091781065
2348095405328
2348093122858
2348094632242
2348090874715
2348090775913
2348098503603
2348094833745
2348092681370
2348094714172
2348090950617
2348095680459
2348093329418
2348090724679
2348097236209
2348093097277
2348091664069
2348090581812
2348090628172
2348091249729
2348093859072
2348098740767
2348094655085
2348090991571
2348091360432
2348090791406
2348096838705
2348091178422
2348091049791
2348091377270
2348092871435
2348091881338
2348095924628
2348096770170
2348092751740
2348094866402
2348090078059
2348095814203
2348094830140
2348093051460
2348090336757
2348092729003
2348094236126
2348093914256
2348090526097
2348094328802
2348092237048
2348098355629
2348091078057
2348093346951
2348099973712
2348091785268
2348099695977
2348090937920
2348090402656
2348090740651
2348094864256
2348096462495
2348093544968
2348093603563
2348098000715
2348091286800
2348099696311
2348092121295
2348099342424
2348093725411
2348090200299
2348096306604
2348097990474
2348097246128
2348095899167
2348096054906
2348094880201
2348092483250
2348097305606
2348098922051
2348091694043
2348097509080
2348099184732
2348094368457
2348094841160
2348093459931
2348095724311
2348095598436
2348097165942
2348097104462
2348097254544
2348094424935
2348093457316
2348094270493
2348097329260
2348090229598
2348098632699
2348091404447
2348099043149
2348096558411
2348095887789
2348090633870
2348090402188
2348094644400
2348093132204
2348090055242
2348090242859
2348091047872
2348091065010
2348092255259
2348094295315
2348098835810
2348096123356
2348091970631
2348097050582
2348093524124
2348099265053
2348097876257
2348097632454
2348098460691
2348092936061
2348094768432
2348090374051
2348096172153
2348096571644
2348090321938
2348095405583
2348091997870
2348094029332
2348099468757
2348093766375
2348092300270
2348090008872
2348093456028
2348090672609
2348090851041
2348099144400
2348098723177
2348099191767
2348099812540
2348090721370
2348092864437
2348096344715
2348098727712
2348091488758
2348092345947
2348093143848
2348091229229
2348096591679
2348095186159
2348096057525
2348098510402
2348094827211
2348096279264
2348093834635
2348096901068
2348097955925
2348095813158
2348091383942
2348093192802
2348097088005
2348092687171
2348093030200
2348098806188
2348099373992
2348090164600
2348096016814
2348097117914
2348090509643
2348097637768
2348099126705
2348095933216
2348099087516
2348098630513
2348099935215
2348093633539
2348090700319
2348096061443
2348092542289
2348099010141
2348094511133
2348094712938
2348092309199
2348097771698
2348094969110
2348094267346
2348095472347
2348095627636
2348099666294
2348098643216
2348095672680
2348098644413
2348095212677
2348091964145
2348094873954
2348094531164
2348094619678
2348090369771
2348097215063
2348096453923
2348092489851
2348090278817
2348097107140
2348090868046
2348094680149
2348097563408
2348093520484
2348095982760
2348096147844
2348093688538
2348097194577
2348091725818
2348096505633
2348091834447
2348098657800
2348098189180
2348099301481
2348091573051
2348093039241
2348091305741
2348099325180
2348097073097
2348098140879
2348093728002
2348098832813
2348099773685
2348095266755
2348097192976
2348092003177
2348098840690
2348095404712
2348097478565
2348098476410
2348093209900
2348093562031
2348096167413
2348092664460
2348094730830
2348098358857
2348095862055
2348099763953
2348095812760
2348091061351
2348090032116
2348094624584
2348097489601
2348095001399
2348090839394
2348092833588
2348094413436
2348099758503
2348097589748
2348094918637
2348090969202
2348098145085
2348098187854
2348096643250
2348095676391
2348090987752
2348090366656
2348096856335
2348091991078
2348093197981
2348096093874
2348090381202
2348092277624
2348093080763
2348095548693
2348099275770
2348098836853
2348098077440
2348095874787
2348092546664
2348092067788
2348096040130
2348099837516
2348094955531
2348097741661
2348090780992
2348094144283
2348099252890
2348096125548
2348096220927
2348096071218
2348094113926
2348092547562
2348094700230
2348092662798
2348097013907
2348091641808
2348094848625
2348091402969
2348098457538
2348095216461
2348092953070
2348094652189
2348091770813
2348094506942
2348094767472
2348091813965
2348090453672
2348094802361
2348090716662
2348095008345
2348090338846
2348095057419
2348098690675
2348095137595
2348094116949
2348099083313
2348090898931
2348094103071
2348098831766
2348094731288
2348094057169
2348092295623
2348091879861
2348099653319
2348094321639
2348098666752
2348096885178
2348094899945
2348094780681
2348092557169
2348094414763
2348099150269
2348092165276
2348096600288
2348097342328
2348093095550
2348097080469
2348092781816
2348095434625
2348095140517
2348092779465
2348099846688
2348098763221
2348092615103
2348096219054
2348096037598
2348096184128
2348095417551
2348095158151
2348095031906
2348095557980
2348092467649
2348090268008
2348090837061
2348092565994
2348094681684
2348099050110
2348090595769
2348094233714
2348093368773
2348092018876
2348090822852
2348099732173
2348094855453
2348097574014
2348097980816
2348097932347
2348090069769
2348095177259
2348094155639
2348092035573
2348099023706
2348095458605
2348091984706
2348090896161
2348090843726
2348097262349
2348094306983
2348095768430
2348093862551
2348096219785
2348097040326
2348097943266
2348093014410
2348093670371
2348092540551
2348094930130
2348094733629
2348094727363
2348096351164
2348098292208
2348094604761
2348096829705
2348098231659
2348093280608
2348099106656
2348097541259
2348096447046
2348093724335
2348090972599
2348090294807
2348094344433
2348090824780
2348099262606
2348092386977
2348094083747
2348095090295
2348099930366
2348091423691
2348093674566
2348097588033
2348095976774
2348096036361
2348096117109
2348098239136
2348095719155
2348092177592
2348092102194
2348091406955
2348091196077
2348090700188
2348097172859
2348094275689
2348098002276
2348090646948
2348095878442
2348092479128
2348096620033
2348099787661
2348093484718
2348098766318
2348091116937
2348094439821
2348090955009
2348095710131
2348096473127
2348096074174
2348096431195
2348096052967
2348095267630
2348099616096
2348093956333
2348090605078
2348097559466
2348097710455
2348096549002
2348099548118
2348096169372
2348091273905
2348092126226
2348093994033
2348096337959
2348093227717
2348091306094
2348096392100
2348098535291
2348090513665
2348092154164
2348095460474
2348090960559
2348091975834
2348093059060
2348094438226
2348090277802
2348099760906
2348093433627
2348095216423
2348092644371
2348093005766
2348092053953
2348093605418
2348098070832
2348099092703
2348091341397
2348095015638
2348098891111
2348098219623
2348093526110
2348096521544
2348093472811
2348090445991
2348098142026
2348092859129
2348094943293
2348092558231
2348095060260
2348094974448
2348090946860
2348091985445
2348099341504
2348097476193
2348090541956
2348090330664
2348096603214
2348094279214
2348093954896
2348094827161
2348093416105
2348094104760
2348092952569
2348092426176
2348094978117
2348096368342
2348091109086
2348090285102
2348091059722
2348094531257
2348092667199
2348090881790
2348098348061
2348090043828
2348097971800
2348091088722
2348093929031
2348099930544
2348091657318
2348090154930
2348096421954
2348093356055
2348091394248
2348090866508
2348097364275
2348097793342
2348093568281
2348093949236
2348099008752
2348095705577
2348098133202
2348091623988
2348096927630
2348099338583
2348094244298
2348099292834
2348099694817
2348097340897
2348099717867
2348090937386
2348099079184
2348092808387
2348094072566
2348090548458
2348097957484
2348095981660
2348095037667
2348098073141
2348095956322
2348092069682
2348098130651
2348091488270
2348097926296
2348091204698
2348098525490
2348092532036
2348096593269
2348099387021
2348093311469
2348099436697
2348096903654
2348097749485
2348092306397
2348090779819
2348097986593
2348095531513
2348093630061
2348099462195
2348090604593
2348098126357
2348095237143
2348095178738
2348095969535
2348096456131
2348093587147
2348095663097
2348094034583
2348094571848
2348094235124
2348097843243
2348093640821
2348093558131
2348098667752
2348092700653
2348096335831
2348091105456
2348093238766
2348091776239
2348090144664
2348099587123
2348096422694
2348093983760
2348092358200
2348092979435
2348098796239
2348092358386
2348090154698
2348096451414
2348094635966
2348096421402
2348099461207
2348094351282
2348096400560
2348097061984
2348097773257
2348095562865
2348096296374
2348097101822
2348098063375
2348095301581
2348096003271
2348093844725
2348095432102
2348099874290
2348093790426
2348096260618
2348091028997
2348097202800
2348090212459
2348097377314
2348098060540
2348096520091
2348094224166
2348096128330
2348094867259
2348093581681
2348098565027
2348092179327
2348096003821
2348090961133
2348096651008
2348092310476
2348091206462
2348092353988
2348098658438
2348095687608
2348097175284
2348090774500
2348098078325
2348099212918
2348093271603
2348098331644
2348098201838
2348096174270
2348094500798
2348091304388
2348094467729
2348090403447
2348099901206
2348098827695
2348096212603
2348096296048
2348097476866
2348096110496
2348093769793
2348096253206
2348092857008
2348094394346
2348094601937
2348093889189
2348098399286
2348098808973
2348098777064
2348096760538
2348097563299
2348090455630
2348097139101
2348094603716
2348093275456
2348091282387
2348093172641
2348094207427
2348096234279
2348096107805
2348093138068
2348096393994
2348096229289
2348099794345
2348094163337
2348099615587
2348098038115
2348091602531
2348098069314
2348097849201
2348091089105
2348094139820
2348090094413
2348093938696
2348090106335
2348095872161
2348090876131
2348094175843
2348090794267
2348092099559
2348094391848
2348095546425
2348093782607
2348097182537
2348090684450
2348097623097
2348093655477
2348091464001
2348095440989
2348090582001
2348096806921
2348094090272
2348097099604
2348099609095
2348093146141
2348099193806
2348097415261
2348096060169
2348092872480
2348092470528
2348099446091
2348090853082
2348090237470
2348091970657
2348099501523
2348092678331
2348096566302
2348094547847
2348096099285
2348092044601
2348093157692
2348094203479
2348098726027
2348094529724
2348097205096
2348092199216
2348095195607
2348095439254
2348097901729
2348097555299
2348094217455
2348099838086
2348091399511
2348099532003
2348092826061
2348095535103
2348090741192
2348092225030
2348092762679
2348096296176
2348090383899
2348098625431
2348094228511
2348098486147
2348092122254
2348090379426
2348094043766
2348093147750
2348092786242
2348090874935
2348097214923
2348097944072
2348091636623
2348093493887
2348090275787
2348098351685
2348095147113
2348096144412
2348095148384
2348099810651
2348093854729
2348096550518
2348097256509
2348095957503
2348094947055
2348094849761
2348091002389
2348093509805
2348091170385
2348095403932
2348099999286
2348090467412
2348096052020
2348095177794
2348090077136
2348097955183
2348093986557
2348093888631
2348094132514
2348090848112
2348093733383
2348097454014
2348092951598
2348097120887
2348093406344
2348097505581
2348090036944
2348091729723
2348091217344
2348092988285
2348092311105
2348095989281
2348097669691
2348093892029
2348098533816
2348096444771
2348090330807
2348095965335
2348092612039
2348099152825
2348096752540
2348096438499
2348094662173
2348096080433
2348096163385
2348090967732
2348094507603
2348093460469
2348091725297
2348095490378
2348095851977
2348094630416
2348097689244
2348098783136
2348090897311
2348095260062
2348095263301
2348096092213
2348096631082
2348099586041
2348099150274
2348094816568
2348097808946
2348090067662
2348093460421
2348099084302
2348093359767
2348097771431
2348098054676
2348097063876
2348098910946
2348092174431
2348098777816
2348090256071
2348094224228
2348093492937
2348090590176
2348093334153
2348098941411
2348092514826
2348094675560
2348093998721
2348097220574
2348098448564
2348094104253
2348090241275
2348093674031
2348093619798
2348091384911
2348094268522
2348092717716
2348091901446
2348099991336
2348096912807
2348090316857
2348093535693
2348099166686
2348097192335
2348096659444
2348097672726
2348096095986
2348093027137
2348093819981
2348091411678
2348098070885
2348094465806
2348093821133
2348095544228
2348097667665
2348091179791
2348096602735
2348099814874
2348093768121
2348096037403
2348091230009
2348090342123
2348091091152
2348090054695
2348092103521
2348092384207
2348099190464
2348093356678
2348099765790
2348098555111
2348099251589
2348094012737
2348096140165
2348093678776
2348099137986
2348095158495
2348092040209
2348096578493
2348090552944
2348092996550
2348099736702
2348097698517
2348092005923
2348093957570
2348098601876
2348092671114
2348095740907
2348090046264
2348094442960
2348091835999
2348090725489
2348098914013
2348092611941
2348092502450
2348097648862
2348099542190
2348093261612
2348091251940
2348090681121
2348096832136
2348096598012
2348090314564
2348090344950
2348093678031
2348091907856
2348097813004
2348096542499
2348098160529
2348093742020
2348093370728
2348090391723
2348097086007
2348090523618
2348096002694
2348099492988
2348092035191
2348097762581
2348095330662
2348090626150
2348092718455
2348091991337
2348091308489
2348097015766
2348090421828
2348092035110
2348090092423
2348091841452
2348097118740
2348090722288
2348099508937
2348092543865
2348091337206
2348096144240
2348091994094
2348099219458
2348098064693
2348090976378
2348092514293
2348094761889
2348096597877
2348090389944
2348091082593
2348091524466
2348090330488
2348094918024
2348091275768
2348095178732
2348092982308
2348099284115
2348095658520
2348091469125
2348099822205
2348095083865
2348097761227
2348098897476
2348097061995
2348094389194
2348099770126
2348094055390
2348096034683
2348093630598
2348094936424
2348093117247
2348095726549
2348091758491
2348091550729
2348092841764
2348097891968
2348099223077
2348095403729
2348099662029
2348092411186
2348092711160
2348092239137
2348099052773
2348092574773
2348093410273
2348091874648
2348090121302
2348098319408
2348097602967
2348093452966
2348095389700
2348092118610
2348093409844
2348095528137
2348096326215
2348096220014
2348096010038
2348094121051
2348091383595
2348090696435
2348097934690
2348094969106
2348099761580
2348097693939
2348098727729
2348092570459
2348096013009
2348098341591
2348093383662
2348095247410
2348093649696
2348098227682
2348093520052
2348091900375
2348094014424
2348090280707
2348097082283
2348094067291
2348090925583
2348094872018
2348092043265
2348090142311
2348090708346
2348097309412
2348092129559
2348091887398
2348095285668
2348099655360
2348095929574
2348094168985
2348099648245
2348092890362
2348097282437
2348098410698
2348096060701
2348091651689
2348099582705
2348097321936
2348094620324
2348091393912
2348098772790
2348090398549
2348092004420
2348098173812
2348092172472
2348094363372
2348093021438
2348096946163
2348092729750
2348095846823
2348091660881
2348098359948
2348093514927
2348095074878
2348091126633
2348093316655
2348095461673
2348092867973
2348093342306
2348097588210
2348092436076
2348091191238
2348095454121
2348091410130
2348095069525
2348091564567
2348090121115
2348095528264
2348099881565
2348095128480
2348094093899
2348099685651
2348096919689
2348095605972
2348090754279
2348093816019
2348097153225
2348092348689
2348098337525
2348092466709
2348096351200
2348090595673
2348096560578
2348099601405
2348091164330
2348099070771
2348092016872
2348096207786
2348096130015
2348090730151
2348091302196
2348096429866
2348095989678
2348091147250
2348096557705
2348099119676
2348091505256
2348093205628
2348095520930
2348095235611
2348093102047
2348094663049
2348091757570
2348096885830
2348092878593
2348096690800
2348095513072
2348095681090
2348097440499
2348092858852
2348097144486
2348094632145
2348093965071
2348098852280
2348091514711
2348094945890
2348098924477
2348094236335
2348097618620
2348094085219
2348097153777
2348095756386
2348092667426
2348096889875
2348096982518
2348091761125
2348094873297
2348091855087
2348095997695
2348099573656
2348095196347
2348090583847
2348092788171
2348099243325
2348094773763
2348093062783
2348095765786
2348091864786
2348097178949
2348097348955
2348097367732
2348097280345
2348092364229
2348096087864
2348097985330
2348097539050
2348091490093
2348097306020
2348096955817
2348094451585
2348092262708
2348099882710
2348095332985
2348092993578
2348094502400
2348096452718
2348090967173
2348092354031
2348098837230
2348094572836
2348094263687
2348097949499
2348093529602
2348094220792
2348099278206
2348094868406
2348092113965
2348097971494
2348090287772
2348099968490
2348090589502
2348098340689
2348096283460
2348091916749
2348093385928
2348092707698
2348094741017
2348099123932
2348093361748
2348095080374
2348096031077
2348097875290
2348099967036
2348095376172
2348095005812
2348097285111
2348098808945
2348095744414
2348098624566
2348090255497
2348090237667
2348092052396
2348091314722
2348095982044
2348090435928
2348097302237
2348097218842
2348099509424
2348096132383
2348091159548
2348091760805
2348093788238
2348096328316
2348097734071
2348092995633
2348093475186
2348097248190
2348090276164
2348091741840
2348090130527
2348098392461
2348093091664
2348090001187
2348093062886
2348099323517
2348091129102
2348095740665
2348090035769
2348098349885
2348098435016
2348099282270
2348095173047
2348096934682
2348091693225
2348092890619
2348097894860
2348095362095
2348095214422
2348097949162
2348098925009
2348099359347
2348096000429
2348095991767
2348098173430
2348099485641
2348092303018
2348093104267
2348098474033
2348095911881
2348091437112
2348093011621
2348099475070
2348095657199
2348099031590
2348091409837
2348093468668
2348094025513
2348093187886
2348092709961
2348095458517
2348093442483
2348090072297
2348097714346
2348098214785
2348098697124
2348091694987
2348096914529
2348093752845
2348094373934
2348099174681
2348090844607
2348092446354
2348095011360
2348098951903
2348098405324
2348095797567
2348096701858
2348093134032
2348093110759
2348090508812
2348094621456
2348090564787
2348097161482
2348091249962
2348099089705
2348098502349
2348094479884
2348093027425
2348096290334
2348098615203
2348090373830
2348092281550
2348098050327
2348094474488
2348092441508
2348095120211
2348092206626
2348092922850
2348092623191
2348093636018
2348092772302
2348099377133
2348092918999
2348098692453
2348099756752
2348093701325
2348096452665
2348098975313
2348094182608
2348096048506
2348094189981
2348096445863
2348092973361
2348097967989
2348090553906
2348099575251
2348099124289
2348095606056
2348094236039
2348091716769
2348099370786
2348090617280
2348092427745
2348090904864
2348094705296
2348095599795
2348090782445
2348090732107
2348098626281
2348090145215
2348096594707
2348090578684
2348098144191
2348098762007
2348095925198
2348099802651
2348098365493
2348099923837
2348093552665
2348096063127
2348096471684
2348094190519
2348091513201
2348097821503
2348092818145
2348095367634
2348092267036
2348091657483
2348098168258
2348095780003
2348091802052
2348093677511
2348090877347
2348095571160
2348090491620
2348099987913
2348091869822
2348097143695
2348098777474
2348097055644
2348098550716
2348099096331
2348096437904
2348093994548
2348098247857
2348098016139
2348096275462
2348098961014
2348096782909
2348091110128
2348090715486
2348097415469
2348096917217
2348096985579
2348093799491
2348099173488
2348093271423
2348091235797
2348095534391
2348099566892
2348095065112
2348099941683
2348095342970
2348095925517
2348090885369
2348091922188
2348094550140
2348091876507
2348095388637
2348098221311
2348098524449
2348098714316
2348096663555
2348091262653
2348095181627
2348098136323
2348092366541
2348091198338
2348094996132
2348095440943
2348090046570
2348099600452
2348095015857
2348095885156
2348094752351
2348098395237
2348098423331
2348099624124
2348098681052
2348090416844
2348095018800
2348092643108
2348093783673
2348095522637
2348099132005
2348093074219
2348092004626
2348098638401
2348095826652
2348095190726
2348093551312
2348091513458
2348095380819
2348099900579
2348098972661
2348090197566
2348096046585
2348098161385
2348097652973
2348098308083
2348095656360
2348093672321
2348094807915
2348093220266
2348098098777
2348098827111
2348099075284
2348097641083
2348099868985
2348099205787
2348094361047
2348091594807
2348095796195
2348094542017
2348099612036
2348090790764
2348094589457
2348099376140
2348097696594
2348090789239
2348099809658
2348095386208
2348094234073
2348096155046
2348099326213
2348095234422
2348097549608
2348094189936
2348091033779
2348098695080
2348093435677
2348091891294
2348099587176
2348097235743
2348092268252
2348090852789
2348090276505
2348096783698
2348094616507
2348091421770
2348092971108
2348098376207
2348093747572
2348098048642
2348092303990
2348091570985
2348090101564
2348097254818
2348096562124
2348097095083
2348091624445
2348095926672
2348092862092
2348094233444
2348091987279
2348093617584
2348098405222
2348091396631
2348093030390
2348096026296
2348095222983
2348091091299
2348094105800
2348098894117
2348092606241
2348099994644
2348094068441
2348096162507
2348093154413
2348098142876
2348091832943
2348092180637
2348096674550
2348099783713
2348099314149
2348092482675
2348092955340
2348099243474
2348092291582
2348093478965
2348095193818
2348098083900
2348098499766
2348093021025
2348097543296
2348099914034
2348096678743
2348097059111
2348092094482
2348090853622
2348093767468
2348092068859
2348091846368
2348091489534
2348098740146
2348092968192
2348097126076
2348097094802
2348091313193
2348097091588
2348090883548
2348097898180
2348096906746
2348097202377
2348090789105
2348098962600
2348099461124
2348090858143
2348096729143
2348094359321
2348094788045
2348095552987
2348090781202
2348095110985
2348091937939
2348097164417
2348098916800
2348091130201
2348092898997
2348093286031
2348098889048
2348097291175
2348090356356
2348094886559
2348099135544
2348096570275
2348099871355
2348095401886
2348098265216
2348090466260
2348091459533
2348091540876
2348093746983
2348098411091
2348094388122
2348095205347
2348099298977
2348099614064
2348090347214
2348091458222
2348096037780
2348096636116
2348099400508
2348091239957
2348096554349
2348094419879
2348090873015
2348096460454
2348098959799
2348097210401
2348091961845
2348094969155
2348090972861
2348093677562
2348093444404
2348091386407
2348099564611
2348094215879
2348094312736
2348094588166
2348095216964
2348090186817
2348098502486
2348092247284
2348097206979
2348097462896
2348094649878
2348094571660
2348098920991
2348098204018
2348096981492
2348094711521
2348091296833
2348092700978
2348098416966
2348093588905
2348097036691
2348094759599
2348091883206
2348095644929
2348090440795
2348096865716
2348098321024
2348098179097
2348091865343
2348097487474
2348091882300
2348094505798
2348093778876
2348099220483
2348091916081
2348098008285
2348090345047
2348097019187
2348095822888
2348096345332
2348097503478
2348095214892
2348095990069
2348092376032
2348099667353
2348095463359
2348097615593
2348093083654
2348097733951
2348094034614
2348097442018
2348093656810
2348091454757
2348096942713
2348092375977
2348094516168
2348096758275
2348093388367
2348099011876
2348092167585
2348099377362
2348092772772
2348093869538
2348096213148
2348094348110
2348097160593
2348093157503
2348095606605
2348091832960
2348093419896
2348091559951
2348094231149
2348098719207
2348094381430
2348097460889
2348097036189
2348098599067
2348099803614
2348097418066
2348094186664
2348092226334
2348093695176
2348096998694
2348097099205
2348094504093
2348095410588
2348098207576
2348099721709
2348097215777
2348091941383
2348096787843
2348092809551
2348099802951
2348095919353
2348099328521
2348092496180
2348090282253
2348096537057
2348094626769
2348098405622
2348099927842
2348090684443
2348097314042
2348094295223
2348098823584
2348097220910
2348093435579
2348095981449
2348095946270
2348098058887
2348099522957
2348093726267
2348090203866
2348094791427
2348097150183
2348090783021
2348098102508
2348093882030
2348093633408
2348099095863
2348095216976
2348096871841
2348094243892
2348093106741
2348092249813
2348098038483
2348091204827
2348094427979
2348090332030
2348096764449
2348097536960
2348095495632
2348095324851
2348096565670
2348092457639
2348092215985
2348097396130
2348095844112
2348093930160
2348091899906
2348096447302
2348094683540
2348099689267
2348094328091
2348097074896
2348097918728
2348094534332
2348094413110
2348090918027
2348096846543
2348096001703
2348096392011
2348099196571
2348099640236
2348097620664
2348090087349
2348098588340
2348096661023
2348091805203
2348095949573
2348094785954
2348096947291
2348097846956
2348092122677
2348098069830
2348095242462
2348093137668
2348098144724
2348095313639
2348098977270
2348093786471
2348093719938
2348095809485
2348093311285
2348095897049
2348096336644
2348091155962
2348099418833
2348094772860
2348095739477
2348092629177
2348098555653
2348094544793
2348092703534
2348096760378
2348092177857
2348097707399
2348094642913
2348093259791
2348092720752
2348096530083
2348098659550
2348090501687
2348093872762
2348093734474
2348094049925
2348090355071
2348094430976
2348097455351
2348099151638
2348095994469
2348098571302
2348097278066
2348095304323
2348094124624
2348096548708
2348099703192
2348091070414
2348093861395
2348091298988
2348096688346
2348094745197
2348097962230
2348099786012
2348093015007
2348094224332
2348091877821
2348090500930
2348094248163
2348091493556
2348096387184
2348092969566
2348099222142
2348095642013
2348098459159
2348099114460
2348091998786
2348094132874
2348096586095
2348092622000
2348098414198
2348094265840
2348096446263
2348097830855
2348099709983
2348096491137
2348090776333
2348092909594
2348098039351
2348095873095
2348099579030
2348090611633
2348095036993
2348091145935
2348091207116
2348098948785
2348094223834
2348091048020
2348099785416
2348093666694
2348098626160
2348094277789
2348098286887
2348094725238
2348097785900
2348097318765
2348098022725
2348097444546
2348097181532
2348090969081
2348096925143
2348097578520
2348091973892
2348095455790
2348098588571
2348098467557
2348096973912
2348095376632
2348091289601
2348098638444
2348097414878
2348094351552
2348096428397
2348096196139
2348098568382
2348096298958
2348096836597
2348095738089
2348095017811
2348094766222
2348090613772
2348097458702
2348090881879
2348095583621
2348095682934
2348099044767
2348097243937
2348092109656
2348091828679
2348099134140
2348091244471
2348098348961
2348099799392
2348098583423
2348098082953
2348097217513
2348097858902
2348098621990
2348099640667
2348099856304
2348091913715
2348092466454
2348099557648
2348094215444
2348092905018
2348096703694
2348090593463
2348098139346
2348098674400
2348097710210
2348091109002
2348094647580
2348092636247
2348091381509
2348093157622
2348096372524
2348091981499
2348095267885
2348097302041
2348097293224
2348098066694
2348096488940
2348094200587
2348098970156
2348097412415
2348096354260
2348090754463
2348095674255
2348090691938
2348098377816
2348098259810
2348094841565
2348090892887
2348095955534
2348098382436
2348095354681
2348093265211
2348091298434
2348090953800
2348090501505
2348096688194
2348095722250
2348095745316
2348099800131
2348094122836
2348095978088
2348092600462
2348092503461
2348092286151
2348095192257
2348098987300
2348091588472
2348094981738
2348098731717
2348090662061
2348093460938
2348090181262
2348098087336
2348099868858
2348090870614
2348092810210
2348093750575
2348092176213
2348098494187
2348093449397
2348098025222
2348099019310
2348091701963
2348093428477
2348092452015
2348093944201
2348095953908
2348091440894
2348094776307
2348092110440
2348095915364
2348090813753
2348098647889
2348099709861
2348097971688
2348091743461
2348096399806
2348092674540
2348093400235
2348095944290
2348097836586
2348094275709
2348097088363
2348096971489
2348091332691
2348092936261
2348092894591
2348095507310
2348099619584
2348096233948
2348092984353
2348096155407
2348096907113
2348096860158
2348093571008
2348092637782
2348096059608
2348092212479
2348094744536
2348091037089
2348097397758
2348092143198
2348096303448
2348090928004
2348098895367
2348099638716
2348092446358
2348099274013
2348096516349
2348093894165
2348098788092
2348091098741
2348099139481
2348096778680
2348091060283
2348097924509
2348094325103
2348091771878
2348095479996
2348097900734
2348096185172
2348090784714
2348091222339
2348090968347
2348099628325
2348099122885
2348095787488
2348090316074
2348093776773
2348099446922
2348096938445
2348099545564
2348093024984
2348090110258
2348097526180
2348092174668
2348092996759
2348098861271
2348092345108
2348096630923
2348098170392
2348097429085
2348095758656
2348094319103
2348094872606
2348098095021
2348091334145
2348096837763
2348092773747
2348095444376
2348098731050
2348092047044
2348092117995
2348096541505
2348093460334
2348093829384
2348097148696
2348093936546
2348090596501
2348095324707
2348095443490
2348099378419
2348097807777
2348096863078
2348099909673
2348094799596
2348095134534
2348092594220
2348093797881
2348098271416
2348094384626
2348099487734
2348092185837
2348094502737
2348091162346
2348090997643
2348096582535
2348094245948
2348097879505
2348099132691
2348090585878
2348092310767
2348098971778
2348090366924
2348094357825
2348091977499
2348090810582
2348093650508
2348094632205
2348093297389
2348095720274
2348090357942
2348092309492
2348096646266
2348093984196
2348099066485
2348092431197
2348094648911
2348091400708
2348096581048
2348093790746
2348090017831
2348094327884
2348099070724
2348099359806
2348090113267
2348090807991
2348092153897
2348099555172
2348099093738
2348093439974
2348099370889
2348090980647
2348090840886
2348094168368
2348095001656
2348098335200
2348096323532
2348099588972
2348095311255
2348091860268
2348094155925
2348094857252
2348097007921
2348098619594
2348099450431
2348093402728
2348097399961
2348097481184
2348096675696
2348094064632
2348095318406
2348096605706
2348095556906
2348094212531
2348096306366
2348097281767
2348096961924
2348091324667
2348093864483
2348099301083
2348094285439
2348091320682
2348090758944
2348093264876
2348093410106
2348094354052
2348099380570
2348097457399
2348093059930
2348090941731
2348098282415
2348096113338
2348090615477
2348095465891
2348094810023
2348096426241
2348092252336
2348096094735
2348090042681
2348095455225
2348093584958
2348094399986
2348091333379
2348092846557
2348091855655
2348090342343
2348097715947
2348094129822
2348092425167
2348091384229
2348097830707
2348094919616
2348094936021
2348091308436
2348094260159
2348093330040
2348092988937
2348098697034
2348092024761
2348094275451
2348090577144
2348099525157
2348096998690
2348098174596
2348097595495
2348090688663
2348095809456
2348098983542
2348097376127
2348098335263
2348097493365
2348092578604
2348090594138
2348093411556
2348099322201
2348093709750
2348095756295
2348092540310
2348098133740
2348096139911
2348097185301
2348096039193
2348098914059
2348090761189
2348096337883
2348095631957
2348091726816
2348090226852
2348094543721
2348096170534
2348096007723
2348097569943
2348093819261
2348091263056
2348099280573
2348094483967
2348097757436
2348094670303
2348098144245
2348090758673
2348096905061
2348092506701
2348095276092
2348095238788
2348093679989
2348090990667
2348092249695
2348099493799
2348096296153
2348093893656
2348098145513
2348099595911
2348092536346
2348098220047
2348098274138
2348091471158
2348096420989
2348091359946
2348098968182
2348099236746
2348097301558
2348098962832
2348098884436
2348095705039
2348093276039
2348099539411
2348095126615
2348094483138
2348091081206
2348091024508
2348094931187
2348096548699
2348090317168
2348099640909
2348091155914
2348096285070
2348097889623
2348098036084
2348099682119
2348097580958
2348095202420
2348093978115
2348095672153
2348096770128
2348095898068
2348098227480
2348091054271
2348098250051
2348093416667
2348096798643
2348093908041
2348094714718
2348098020042
2348096274785
2348090741216
2348094039653
2348098783084
2348096044243
2348098661130
2348094958787
2348096441085
2348098407589
2348097599130
2348091795607
2348096831767
2348098450119
2348096330458
2348098757974
2348097454834
2348096526583
2348090895489
2348095291911
2348094765685
2348098909543
2348098954650
2348090530621
2348094979534
2348098903286
2348098633665
2348094157526
2348090241748
2348094531141
2348097169146
2348094570640
2348094202643
2348093420567
2348091769532
2348092938492
2348092063471
2348095997423
2348094127270
2348096718829
2348092146630
2348098012433
2348098672869
2348097423396
2348096538516
2348099313028
2348091093833
2348090903211
2348095691029
2348092025957
2348092883146
2348091843904
2348093337935
2348091310938
2348097237954
2348094189035
2348092998499
2348098039993
2348095290951
2348091249996
2348091670976
2348095049413
2348092773852
2348098013135
2348090344037
2348091158867
2348096617660
2348093974854
2348093699211
2348094552966
2348090381318
2348097351534
2348097578701
2348090090145
2348095940764
2348093582301
2348093694975
2348094199420
2348094852931
2348099711911
2348094335910
2348095109901
2348093051561
2348096429335
2348096680822
2348098333979
2348094536860
2348091260189
2348095021062
2348095706709
2348091855574
2348093153754
2348097623329
2348099666839
2348090646406
2348093103579
2348094888416
2348098315877
2348094901773
2348099203154
2348091627396
2348096088887
2348090457796
2348090007044
2348090064864
2348096986073
2348090744714
2348096802975
2348094154561
2348093532227
2348095637494
2348097694346
2348098264909
2348093012953
2348093310476
2348094166113
2348097117241
2348093601336
2348097606389
2348091098195
2348097905196
2348096310012
2348095929266
2348090788213
2348092508437
2348090351658
2348093280226
2348095853568
2348095882400
2348096263769
2348091822075
2348094056159
2348096964584
2348090304173
2348091347029
2348094618806
2348098674277
2348095269892
2348093093881
2348091312867
2348093663551
2348093543264
2348092375806
2348098125676
2348094507690
2348097504665
2348093565232
2348097335462
2348094311567
2348099933997
2348098721105
2348097692298
2348095297295
2348090504426
2348099285324
2348099828024
2348098124805
2348093592711
2348093782805
2348094333413
2348095545058
2348099801346
2348092518904
2348095886480
2348097579590
2348092448202
2348094652285
2348094378101
2348097763360
2348091366000
2348093810413
2348094185215
2348097256854
2348091620904
2348096618029
2348097122872
2348099270586
2348099226559
2348096309023
2348094800608
2348092075940
2348093089842
2348091654687
2348097483502
2348095700531
2348097582342
2348090009520
2348096639811
2348096899072
2348090258470
2348094354940
2348095046808
2348095541083
2348092597269
2348094135059
2348091079224
2348097478803
2348097630494
2348095416928
2348096609377
2348093408372
2348097643652
2348091299461
2348091802695
2348091369584
2348091207361
2348095629879
2348097788488
2348095013976
2348097558489
2348096032781
2348095722006
2348093399845
2348096154166
2348094156002
2348092596895
2348095919844
2348099603962
2348092842683
2348097584393
2348093075168
2348091484266
2348090753046
2348094594593
2348098008062
2348099139314
2348098444076
2348093178584
2348096000190
2348096708177
2348097816777
2348098213836
2348095543634
2348098600119
2348093715793
2348095516210
2348099088169
2348096449097
2348092960752
2348093863792
2348097079299
2348093150895
2348093317741
2348094555075
2348091777620
2348096451875
2348098602996
2348091807866
2348096869832
2348093997407
2348094163558
2348091314814
2348096178321
2348095000773
2348098247687
2348091829844
2348091618578
2348097363911
2348091027948
2348095941450
2348097774800
2348099225867
2348093892760
2348095672266
2348091995920
2348098977254
2348098720337
2348097767968
2348096779851
2348090887936
2348098471247
2348099340169
2348098352267
2348090797342
2348098233273
2348094291559
2348099724950
2348095785240
2348090573958
2348094502986
2348090697184
2348091655122
2348097855822
2348097883150
2348093127740
2348095057432
2348097383488
2348098153609
2348092841046
2348097570871
2348099566307
2348094858861
2348093484596
2348094449801
2348096488788
2348098511947
2348092266384
2348095203063
2348095736258
2348098578411
2348092565527
2348099979930
2348091687497
2348099040695
2348091116099
2348098727944
2348095105580
2348099092187
2348093073202
2348098880227
2348097061152
2348095754346
2348094633705
2348095038742
2348091101802
2348094814639
2348091749086
2348090435046
2348096713614
2348096847766
2348097142140
2348091197211
2348093082288
2348098345809
2348093070816
2348091638403
2348090821375
2348097954156
2348093601564
2348095742755
2348094527577
2348093311952
2348094847317
2348090409110
2348090601225
2348092734286
2348090722862
2348093276463
2348097133394
2348097836720
2348093142639
2348093567529
2348098901433
2348099122183
2348092335398
2348095422436
2348094604435
2348099286839
2348096301361
2348098974006
2348098719026
2348096901140
2348097406650
2348093485448
2348090234738
2348094144199
2348092105452
2348092994633
2348098835969
2348094150936
2348090373050
2348090531999
2348096698126
2348095178352
2348091064722
2348090977743
2348092595633
2348092497558
2348093256006
2348091686987
2348091223049
2348092651178
2348091915753
2348098745224
2348090484540
2348092486034
2348091219895
2348096647892
2348097114717
2348091212601
2348093299988
2348093977353
2348094906826
2348095506593
2348095434750
2348092072192
2348095864995
2348098010547
2348095425082
2348094595201
2348095406610
2348094774941
2348097943864
2348091292087
2348092090782
2348097598512
2348092200058
2348092349175
2348095777087
2348094301949
2348093617574
2348093762236
2348099780176
2348096179605
2348099363729
2348090747544
2348098653385
2348090557653
2348090188291
2348094530735
2348092884890
2348099558457
2348099889843
2348093624085
2348099538857
2348096816455
2348092667594
2348090385578
2348096800371
2348095616355
2348093975678
2348096300237
2348095892713
2348098234078
2348096839758
2348093765202
2348098029089
2348095814657
2348091201324
2348097211745
2348096081714
2348099494449
2348098373505
2348090418451
2348096796807
2348093032832
2348096983185
2348098100920
2348095235743
2348090104367
2348094384208
2348098125195
2348094550514
2348090021582
2348095323017
2348090883613
2348090532783
2348099706189
2348097218040
2348091894596
2348098568904
2348094372952
2348096987592
2348094041351
2348096210366
2348093098396
2348092589121
2348093645208
2348092026891
2348096699134
2348098834558
2348093691502
2348094598014
2348091194760
2348097058717
2348097243207
2348091776237
2348094636719
2348095841292
2348098496506
2348097244090
2348090983701
2348099469621
2348096546411
2348091127839
2348098629943
2348096182853
2348095059518
2348092897174
2348097606052
2348093686324
2348098115849
2348098444964
2348096689309
2348097578304
2348094040743
2348097017616
2348093955908
2348097282480
2348090784128
2348094852941
2348096256322
2348092410116
2348097189576
2348099240248
2348093927905
2348096330725
2348091925262
2348096886741
2348092572817
2348099494067
2348093228847
2348090670043
2348093984789
2348098661775
2348099932710
2348092050358
2348093387023
2348094082644
2348090874456
2348095827500
2348098888609
2348095249827
2348097213316
2348090574389
2348097936682
2348094327219
2348097446876
2348096584974
2348097978589
2348092520347
2348090137086
2348095305867
2348093431295
2348092389591
2348096800972
2348097642199
2348095984233
2348098647570
2348099157191
2348094034392
2348093162433
2348099364352
2348095138589
2348097588431
2348096956258
2348092173895
2348094268542
2348098928015
2348094986766
2348093802697
2348099973771
2348099571615
2348097699614
2348097930138
2348095313888
2348098882967
2348093611727
2348093112478
2348099013861
2348095465375
2348097958572
2348090501369
2348098024942
2348090646261
2348090066309
2348091772676
2348094718725
2348098429787
2348091223036
2348091069351
2348094654048
2348092411610
2348091541334
2348092233963
2348099328826
2348090402148
2348091817459
2348097795353
2348094386265
2348095785761
2348092631495
2348099196338
2348096375659
2348093153277
2348098181003
2348094540693
2348097542476
2348095965106
2348093927936
2348098589840
2348095774043
2348099760284
2348094826670
2348092296598
2348092921750
2348092496805
2348096235669
2348098649650
2348094605092
2348092809439
2348095681632
2348095985063
2348093844459
2348095361371
2348090585526
2348092994213
2348094784116
2348093533726
2348098028308
2348090066509
2348094634502
2348094343985
2348091905463
2348091746882
2348095029862
2348094594351
2348091480284
2348091248928
2348090044106
2348095589744
2348095362899
2348091738142
2348098928474
2348098383947
2348091242918
2348097782687
2348094737336
2348098446891
2348092314913
2348098883782
2348095654566
2348094075421
2348091246599
2348091188583
2348091996507
2348094055032
2348096987716
2348098278929
2348095043517
2348093393080
2348096932681
2348093124014
2348091342296
2348090109545
2348094707770
2348091483012
2348093054305
2348090239099
2348099843840
2348094476448
2348096031523
2348090172138
2348098252374
2348091201189
2348093204745
2348094806203
2348092846632
2348096651977
2348097112789
2348094702370
2348099863616
2348096121761
2348095641576
2348092572077
2348091213857
2348099098788
2348094483704
2348095693720
2348098500999
2348098284998
2348094168214
2348098591802
2348092740668
2348092552818
2348090671385
2348092716184
2348093471758
2348096806979
2348092147675
2348096073801
2348092368667
2348099448792
2348097825025
2348096079082
2348091807675
2348096345081
2348090366222
2348095363499
2348096341172
2348093869786
2348092520468
2348095651510
2348092467652
2348090211472
2348090425227
2348091587632
2348099633079
2348096928941
2348093712302
2348098741746
2348096953999
2348094358973
2348090883860
2348094412032
2348094864544
2348092044439
2348091528000
2348093535682
2348093269019
2348099965606
2348094514334
2348094355750
2348097052565
2348093719466
2348091446215
2348093793932
2348099719016
2348097109307
2348093233206
2348096325160
2348098631244
2348092450544
2348095070004
2348096399374
2348094570522
2348094416976
2348091922441
2348095259461
2348097600854
2348097106448
2348093619255
2348095944999
2348095727636
2348092021286
2348097576631
2348092943412
2348095583376
2348096691440
2348095982435
2348092443771
2348098079347
2348091954700
2348091879000
2348093725980
2348093290101
2348097626072
2348098529991
2348094525993
2348095885891
2348093616989
2348099344225
2348097586783
2348095759838
2348093385866
2348095233376
2348099278321
2348095443679
2348096236618
2348098017644
2348097609462
2348098579358
2348095896734
2348096710012
2348095339654
2348095034449
2348093101212
2348094157354
2348099455775
2348097696895
2348090467688
2348091874067
2348096034278
2348093949973
2348094695526
2348095745842
2348094410439
2348094507995
2348098136234
2348098240892
2348096922938
2348094540286
2348098522398
2348090507411
2348097003332
2348096463716
2348098810658
2348091979257
2348095821650
2348093180525
2348093541061
2348097877612
2348099316607
2348092700770
2348090173533
2348094866940
2348090718219
2348093469724
2348091923887
2348099924852
2348093579850
2348098783801
2348096744304
2348097479700
2348099083595
2348090677269
2348095454750
2348094844972
2348095535546
2348099819187
2348093627512
2348096383125
2348094271846
2348097151855
2348096350778
2348094250633
2348092857626
2348098613412
2348096559310
2348091958151
2348098731932
2348092994353
2348090526783
2348093941885
2348091217296
2348092997174
2348099362242
2348090837333
2348095351197
2348090009988
2348093247904
2348090080491
2348098415334
2348091889547
2348091013978
2348097552178
2348098458993
2348091828896
2348097585953
2348091261553
2348098797935
2348090319419
2348098760332
2348099005386
2348090561289
2348094612161
2348097667407
2348094940862
2348090857434
2348096396981
2348098669510
2348097766683
2348091631843
2348099167984
2348096501051
2348094109568
2348091297053
2348096134654
2348099875191
2348097063647
2348096910926
2348098635918
2348094315077
2348094083077
2348091513512
2348098232059
2348098821686
2348092411137
2348096681200
2348093696382
2348095095077
2348092257236
2348093699496
2348091867948
2348093148300
2348095715094
2348095504609
2348091262122
2348091452706
2348099564826
2348092262674
2348096491046
2348094807966
2348090096286
2348096484651
2348098102182
2348094545857
2348091564231
2348097434044
2348093182807
2348096383495
2348090514172
2348095980530
2348097955920
2348099373027
2348098590641
2348099923131
2348096506173
2348096802188
2348096309962
2348098901762
2348090759309
2348099335749
2348095727726
2348094672937
2348090412755
2348098921779
2348098415283
2348092826360
2348096430715
2348095479012
2348090481596
2348099661883
2348099022971
2348099411002
2348094672133
2348092735289
2348099893438
2348090618822
2348090072810
2348091818419
2348094199774
2348098709482
2348096467028
2348091662451
2348091213801
2348093260235
2348091363131
2348091140531
2348098735578
2348095338669
2348095010401
2348093902399
2348093587258
2348097626391
2348092277082
2348099091597
2348094207901
2348094020121
2348096209721
2348096883856
2348098747038
2348096231705
2348096889430
2348093701435
2348098733334
2348093809072
2348097625721
2348097625440
2348094315795
2348092851211
2348096986325
2348097321641
2348099894700
2348098498936
2348094488937
2348096755494
2348097634001
2348096083312
2348097724623
2348095258434
2348099765216
2348095773243
2348094276254
2348090966721
2348096848755
2348091627305
2348099670566
2348094099989
2348097533735
2348093299471
2348091644080
2348092833752
2348094668878
2348090453824
2348096811128
2348098673048
2348094746089
2348097581843
2348090334418
2348096719832
2348095941924
2348093596689
2348091508950
2348091154143
2348094235945
2348096731709
2348099772289
2348097308136
2348096663486
2348094786879
2348093324064
2348097404926
2348095093155
2348092045355
2348096946020
2348094415743
2348096577271
2348095688037
2348090003688
2348099041616
2348098915677
2348099367519
2348093001432
2348094878984
2348092089086
2348094583778
2348097724985
2348097643480
2348091802402
2348096886639
2348095052622
2348095341204
2348099767480
2348099689658
2348090922579
2348091187562
2348096869628
2348099445136
2348096966234
2348096578076
2348091905285
2348092510595
2348095633336
2348097697189
2348093190715
2348090860302
2348092905944
2348096086534
2348091634968
2348094409291
2348097958322
2348095589784
2348091212505
2348090483712
2348097847873
2348094008333
2348093995833
2348092169855
2348091893355
2348095823276
2348092598285
2348099663354
2348091535396
2348091829141
2348092494524
2348096298894
2348094014712
2348092379255
2348097401463
2348096518001
2348095219620
2348097221783
2348096696492
2348091763743
2348090668463
2348097421745
2348094603003
2348091647849
2348092401880
2348099027213
2348098334885
2348095863760
2348095345714
2348098746422
2348096835363
2348094477776
2348096823055
2348099463151
2348092557049
2348099714508
2348094890800
2348097504579
2348095088581
2348097170415
2348099233431
2348094770592
2348095492360
2348097157995
2348096254776
2348095001481
2348090615578
2348094980917
2348095434074
2348091799062
2348094401453
2348098606466
2348099858501
2348097040865
2348095118809
2348096716145
2348093848328
2348094981597
2348093189094
2348090641504
2348091384600
2348090770579
2348094806734
2348097216647
2348095908199
2348090830796
2348092701827
2348093942331
2348093192623
2348099971996
2348099025743
2348091494551
2348097956532
2348093180567
2348091401444
2348090475745
2348096313445
2348098799239
2348093530391
2348099225715
2348093036282
2348096109314
2348094126600
2348099362188
2348095700594
2348090434688
2348091235076
2348092703972
2348095759586
2348099016106
2348091419015
2348092289506
2348095448444
2348093025332
2348093894169
2348094240954
2348097559780
2348096235534
2348098394939
2348092661457
2348093719769
2348091877879
2348095485469
2348093587641
2348093659187
2348091852945
2348092879165
2348097411243
2348097656870
2348092627517
2348094605123
2348099574129
2348090713641
2348094538938
2348095990583
2348093509210
2348093654406
2348097066245
2348090996745
2348094975366
2348096808833
2348098314153
2348099719513
2348094590696
2348097231721
2348092889609
2348096214868
2348097878290
2348090990017
2348096253636
2348091895474
2348095143463
2348093084582
2348092966455
2348090232465
2348091028478
2348095177723
2348097478872
2348091815875
2348093910928
2348097741029
2348097386646
2348098838033
2348095913422
2348090854223
2348091434852
2348092970969
2348097440996
2348090262294
2348098944497
2348097851055
2348095786393
2348098056672
2348097892141
2348095791365
2348090974837
2348097692156
2348095931947
2348090379432
2348094778587
2348094755377
2348090502854
2348098744356
2348099229907
2348096621286
2348090865967
2348098669045
2348095244125
2348090298720
2348096955832
2348094492853
2348097482767
2348094541225
2348093475820
2348096171085
2348098419344
2348095649605
2348096438134
2348094539175
2348093319350
2348090013064
2348097598662
2348094591389
2348099788537
2348098472558
2348097325269
2348090160711
2348096606408
2348098158346
2348098566293
2348098133234
2348090318267
2348098275083
2348099909489
2348094838884
2348099296624
2348098923414
2348099007067
2348092049696
2348094239564
2348098312433
2348099175523
2348091064328
2348092156118
2348098843088
2348094333681
2348092563682
2348090196703
2348097803035
2348093627437
2348093721514
2348098286500
2348090802362
2348094820118
2348094618089
2348095626508
2348092452396
2348093047443
2348099651913
2348096938857
2348096176462
2348092545577
2348094698072
2348091872663
2348091782973
2348094263898
2348090189716
2348097988888
2348094419575
2348091242066
2348090084660
2348098517134
2348093477784
2348094485702
2348090635138
2348091690111
2348093620195
2348091371998
2348098112490
2348097060302
2348096303883
2348095355552
2348094147111
2348093045257
2348092178832
2348096247680
2348098407898
2348096962501
2348091619315
2348093169910
2348097661551
2348091813600
2348093998205
2348093535150
2348095226247
2348099251883
2348097978060
2348091572231
2348093972597
2348090356217
2348097868734
2348091831775
2348096978864
2348094329835
2348094798915
2348093289544
2348099879039
2348099077344
2348093066803
2348091589454
2348099422129
2348098868848
2348097186513
2348096008021
2348095427179
2348092749319
2348092578136
2348093006705
2348090852963
2348093758935
2348092666556
2348098921395
2348093279857
2348099666448
2348095030345
2348090573998
2348097184579
2348098484686
2348097202307
2348092954312
2348090930315
2348095180958
2348094060571
2348094534885
2348093736819
2348098380793
2348097762063
2348096085127
2348099165793
2348090716588
2348091708224
2348097977474
2348097105330
2348096233748
2348093166122
2348093779043
2348099656414
2348095684040
2348090483789
2348094153922
2348099736959
2348091223889
2348091015206
2348092473840
2348093001009
2348090646108
2348097698379
2348096326125
2348095452638
2348096450683
2348099413389
2348098492195
2348099153251
2348090857485
2348093018111
2348090499268
2348095515163
2348098133753
2348091233776
2348091021984
2348099647301
2348096992021
2348095611194
2348092172396
2348091324451
2348092519968
2348091025092
2348099170498
2348092190643
2348097786592
2348098860053
2348097931603
2348094640848
2348097492295
2348092403626
2348096257695
2348098373383
2348090336189
2348090226689
2348091495222
2348093061062
2348098597899
2348098771546
2348096268501
2348097573497
2348097859725
2348097869195
2348094645461
2348094232469
2348097033205
2348099260936
2348091503346
2348094539150
2348098848396
2348096158950
2348093810651
2348094115984
2348099185123
2348099371597
2348097043039
2348090641011
2348093373939
2348090212059
2348095731254
2348091411543
2348091512760
2348092207872
2348093455181
2348090009906
2348093250018
2348097324765
2348095665894
2348095434546
2348092608006
2348090952391
2348093564904
2348092744200
2348097950918
2348099053969
2348091823162
2348096641109
2348095675702
2348093084076
2348090319039
2348093653061
2348097568381
2348098140158
2348094303082
2348098946660
2348098323158
2348097966837
2348097276619
2348097454578
2348098589640
2348092618039
2348093477933
2348091046750
2348098454884
2348097318217
2348094292238
2348096400516
2348096963907
2348097943318
2348099930659
2348094292327
2348091972054
2348096375404
2348092912050
2348092249583
2348097991149
2348096522947
2348091682927
2348098409783
2348097902680
2348097981724
2348093657028
2348090223652
2348092701626
2348093001778
2348099069350
2348091115104
2348091144996
2348097169144
2348098055494
2348094316812
2348094808247
2348094379829
2348093816520
2348096969459
2348096628414
2348097456347
2348094206597
2348099304476
2348099924246
2348090328630
2348099412770
2348098875643
2348095026664
2348099006431
2348092075862
2348092284781
2348098520895
2348092397519
2348099656288
2348092089871
2348095935633
2348091838008
2348093452244
2348096209779
2348092072684
2348092002857
2348096838188
2348093568793
2348091186580
2348095676667
2348093619237
2348098308552
2348099588842
2348099913679
2348096509718
2348090474318
2348093305510
2348097954088
2348096934084
2348094621250
2348096236152
2348091454045
2348090089355
2348097258018
2348092576660
2348092724581
2348090971143
2348097393761
2348096039004
2348093234006
2348090383918
2348096698753
2348093255374
2348095412973
2348091970866
2348092312877
2348099533300
2348094107206
2348098832074
2348092267269
2348092557043
2348097519524
2348097027579
2348098459140
2348092035896
2348096875482
2348096070773
2348093572249
2348093647991
2348091827694
2348096607686
2348097608130
2348090243729
2348093189831
2348095403477
2348091641913
2348096148222
2348099231567
2348099329341
2348098036481
2348097054682
2348096216574
2348096477667
2348096502218
2348091888754
2348096541917
2348092791184
2348095508655
2348093444400
2348099863810
2348099658644
2348099496418
2348090809135
2348097692974
2348099281687
2348096843238
2348097108086
2348093145753
2348093524102
2348098122139
2348094284019
2348094964253
2348092607857
2348095796887
2348099088441
2348090058257
2348098201133
2348090137745
2348094822447
2348096555195
2348090638615
2348093189389
2348090562182
2348098802795
2348092118167
2348097389075
2348099485671
2348095969380
2348090432795
2348096589190
2348097786112
2348099831970
2348095694727
2348096156340
2348098572383
2348093236626
2348098634483
2348099047202
2348095971998
2348090512248
2348095461119
2348090509653
2348096595522
2348092497052
2348098737648
2348091795282
2348091731414
2348093548948
2348094224402
2348099287259
2348098504621
2348092625590
2348094633908
2348093772786
2348095245470
2348096387373
2348099982829
2348098901898
2348096249851
2348090750720
2348092979292
2348091738229
2348099105610
2348092280635
2348098359796
2348096844900
2348093739560
2348093471126
2348097737357
2348093842033
2348091141791
2348095852722
2348093218814
2348098178291
2348097210576
2348091379711
2348092586950
2348094534931
2348093096349
2348091117235
2348092700356
2348093745374
2348090217314
2348095056863
2348093140007
2348096664428
2348095631407
2348092227585
2348096509692
2348093932248
2348098045329
2348097122789
2348095137658
2348094800819
2348098831187
2348095179175
2348094184793
2348091846391
2348098424889
2348094871053
2348090118601
2348099358602
2348096102700
2348090826129
2348096934603
2348099131283
2348098127017
2348095206392
2348090273694
2348098194075
2348095664665
2348091793493
2348099487932
2348091674880
2348095488269
2348095437651
2348094939115
2348097505066
2348092058121
2348099392217
2348091840027
2348092395598
2348093963835
2348095595196
2348090735166
2348091765560
2348092456690
2348096484432
2348090596620
2348091800739
2348098509506
2348099239799
2348091305077
2348097097377
2348099282235
2348091994678
2348099263310
2348095702306
2348095883724
2348093561697
2348095565611
2348091904776
2348097383283
2348099259000
2348090397081
2348095064549
2348090150769
2348096925304
2348096397544
2348099155309
2348094644249
2348093388768
2348097340536
2348099114976
2348099591354
2348092909664
2348090405438
2348097484562
2348096381389
2348097196559
2348092058968
2348093755006
2348090756397
2348093760335
2348098809362
2348091529852
2348096619095
2348090082085
2348095453512
2348094791124
2348091539773
2348099375690
2348090406511
2348090847991
2348098080915
2348095143160
2348097726911
2348096966744
2348096204768
2348098362435
2348094518491
2348091887964
2348092426587
2348092535080
2348097462007
2348094294966
2348091629991
2348098425442
2348096714343
2348091196865
2348096121021
2348091825912
2348095978706
2348097923501
2348097935947
2348090467184
2348095806607
2348091020808
2348094877651
2348093672524
2348090522876
2348091870738
2348098395037
2348093723713
2348092272187
2348092819418
2348091254661
2348090218879
2348093877805
2348096351618
2348094383656
2348097115858
2348093608796
2348097310156
2348098208695
2348099069423
2348098668605
2348098023631
2348091421199
2348096062521
2348095291425
2348096154502
2348090382208
2348096878286
2348099902667
2348095510549
2348095266363
2348098630538
2348095213000
2348093532481
2348096106187
2348096099771
2348095487810
2348099842737
2348093258183
2348099796528
2348091297545
2348096386071
2348094651632
2348098875421
2348090090019
2348093484361
2348095894684
2348092123671
2348090647558
2348094224218
2348097552012
2348095907144
2348093123610
2348096026707
2348095119896
2348093506641
2348099227725
2348096589590
2348094140853
2348096937516
2348097716086
2348093383615
2348095050868
2348093912898
2348093616643
2348092770138
2348095010871
2348092919322
2348093740757
2348099735937
2348099850763
2348093785755
2348091699363
2348094631769
2348091721357
2348093140552
2348093161964
2348093788019
2348090555367
2348097970903
2348094772325
2348094332627
2348093233415
2348097320441
2348092700424
2348090971718
2348094456449
2348095648820
2348093117810
2348097433458
2348095759607